COUNTY,univ_id,univ_name,race_proportion_vector,diversity_index
01089,100654,Alabama A & M University,"[0.0198, 0.011, 0.8955, 0.0025, 0.0019, 0.0015, 0.0435, 0.0127]",0.8045
01073,100663,University of Alabama at Birmingham,"[0.513, 0.0711, 0.2528, 0.0016, 0.0819, 0.0005, 0.0064, 0.0491]",0.3413
01101,100690,Amridge University,"[0.2851, 0.0307, 0.6623, 0.0044, 0.0, 0.0044, 0.0132, 0.0]",0.5211
01089,100706,University of Alabama in Huntsville,"[0.7102, 0.0666, 0.0873, 0.0087, 0.0389, 0.0016, 0.0252, 0.0465]",0.5208
01101,100724,Alabama State University,"[0.0155, 0.0121, 0.9251, 0.0021, 0.0015, 0.0009, 0.0088, 0.0118]",0.8564
01125,100751,The University of Alabama,"[0.7336, 0.0577, 0.1072, 0.0036, 0.0146, 0.0011, 0.0386, 0.0344]",0.5559
01083,100812,Athens State University,"[0.7574, 0.0503, 0.1258, 0.0146, 0.0049, 0.0008, 0.0097, 0.0325]",0.5934
01101,100830,Auburn University at Montgomery,"[0.4052, 0.0175, 0.4584, 0.0024, 0.0287, 0.0009, 0.0048, 0.0366]",0.3768
01123,100858,Auburn University,"[0.8265, 0.0397, 0.0419, 0.0024, 0.0281, 0.0006, 0.003, 0.0291]",0.6881
01101,101116,South University-Montgomery,"[0.2, 0.0159, 0.7429, 0.0, 0.0063, 0.0032, 0.0127, 0.0063]",0.5924
01101,101189,Faulkner University,"[0.4461, 0.046, 0.4058, 0.0032, 0.0113, 0.0025, 0.0214, 0.0271]",0.3671
01101,101435,Huntingdon College,"[0.6691, 0.0568, 0.1914, 0.0049, 0.0037, 0.0012, 0.0198, 0.0531]",0.4908
01077,101453,Heritage Christian University,"[0.8472, 0.0556, 0.0833, 0.0, 0.0, 0.0, 0.0, 0.0139]",0.728
01015,101480,Jacksonville State University,"[0.6134, 0.0018, 0.2591, 0.005, 0.0052, 0.0013, 0.0943, 0.0]",0.4523
01119,101587,University of West Alabama,"[0.4439, 0.0297, 0.37, 0.0095, 0.0017, 0.0, 0.0936, 0.021]",0.3441
01073,101675,Miles College,"[0.0318, 0.0064, 0.9507, 0.0, 0.0, 0.0, 0.0008, 0.0103]",0.905
01097,101693,University of Mobile,"[0.6363, 0.019, 0.1625, 0.0262, 0.0135, 0.0036, 0.0632, 0.0352]",0.4378
01117,101709,University of Montevallo,"[0.6584, 0.071, 0.1706, 0.0033, 0.0038, 0.0014, 0.0211, 0.0357]",0.4694
01077,101879,University of North Alabama,"[0.7328, 0.0437, 0.1037, 0.0049, 0.0103, 0.0013, 0.0021, 0.0441]",0.5517
01089,101912,Oakwood University,"[0.0094, 0.0943, 0.7438, 0.0022, 0.0007, 0.0, 0.0065, 0.0232]",0.5628
01073,102049,Samford University,"[0.8506, 0.0409, 0.0534, 0.0008, 0.0144, 0.0016, 0.0082, 0.0207]",0.7288
01047,102058,Selma University,"[0.0, 0.0, 1.0, 0.0, 0.0, 0.0, 0.0, 0.0]",1.0
01097,102094,University of South Alabama,"[0.6036, 0.0466, 0.2224, 0.0071, 0.0405, 0.0011, 0.0222, 0.043]",0.42
01097,102234,Spring Hill College,"[0.6062, 0.0944, 0.1309, 0.0086, 0.015, 0.0011, 0.0343, 0.0172]",0.3953
01125,102270,Stillman College,"[0.0275, 0.0069, 0.9519, 0.0028, 0.0028, 0.0, 0.0083, 0.0]",0.907
01121,102298,Talladega College,"[0.0144, 0.0481, 0.8389, 0.0048, 0.0, 0.0024, 0.0072, 0.0108]",0.7065
01109,102368,Troy University,"[0.5303, 0.0457, 0.3226, 0.0026, 0.0062, 0.0013, 0.0255, 0.0426]",0.3899
01087,102377,Tuskegee University,"[0.0062, 0.0186, 0.909, 0.0033, 0.0033, 0.02, 0.0395, 0.0]",0.8286
01003,102395,United States Sports University,"[0.383, 0.1383, 0.2447, 0.0106, 0.0, 0.0, 0.1383, 0.0745]",0.2505
02020,102553,University of Alaska Anchorage,"[0.4923, 0.1146, 0.036, 0.051, 0.0937, 0.0274, 0.045, 0.1226]",0.286
02170,102580,Alaska Bible College,"[0.9032, 0.0, 0.0323, 0.0, 0.0, 0.0, 0.0, 0.0645]",0.821
02090,102614,University of Alaska Fairbanks,"[0.5332, 0.096, 0.0334, 0.1302, 0.0224, 0.009, 0.0603, 0.1035]",0.3265
04013,104151,Arizona State University Campus Immersion,"[0.4517, 0.2596, 0.0429, 0.0112, 0.0877, 0.0021, 0.0282, 0.0506]",0.2844
04019,104179,University of Arizona,"[0.4936, 0.2791, 0.0414, 0.013, 0.0526, 0.0021, 0.0182, 0.0511]",0.3291
04025,104586,Embry-Riddle Aeronautical University-Prescott,"[0.5768, 0.1506, 0.0186, 0.0051, 0.061, 0.0051, 0.0231, 0.0684]",0.3647
04013,104717,Grand Canyon University,"[0.4882, 0.2335, 0.1528, 0.0089, 0.0291, 0.0066, 0.0231, 0.0473]",0.3199
04005,105330,Northern Arizona University,"[0.5574, 0.2634, 0.0289, 0.0292, 0.0306, 0.0026, 0.0107, 0.058]",0.3862
04025,105589,Prescott College,"[0.6645, 0.0447, 0.0383, 0.0128, 0.0383, 0.0032, 0.1821, 0.0096]",0.4799
04013,105899,Arizona Christian University,"[0.4864, 0.2675, 0.107, 0.0146, 0.0126, 0.0068, 0.0039, 0.0691]",0.3248
05119,106245,University of Arkansas at Little Rock,"[0.4933, 0.0344, 0.2597, 0.0104, 0.0217, 0.0, 0.0048, 0.1474]",0.3343
05119,106263,University of Arkansas for Medical Sciences,"[0.6076, 0.0925, 0.1181, 0.0047, 0.0808, 0.0, 0.0559, 0.0365]",0.4027
05119,106306,Arkansas Baptist College,"[0.0342, 0.0805, 0.839, 0.004, 0.0, 0.0, 0.0, 0.0282]",0.7124
05063,106342,Lyon College,"[0.5112, 0.0327, 0.0613, 0.0061, 0.0123, 0.002, 0.2924, 0.0123]",0.352
05143,106397,University of Arkansas,"[0.7421, 0.1068, 0.0429, 0.0082, 0.028, 0.0012, 0.01, 0.0468]",0.5671
05069,106412,University of Arkansas at Pine Bluff,"[0.026, 0.026, 0.9021, 0.0051, 0.0028, 0.0014, 0.0, 0.0204]",0.8156
05031,106458,Arkansas State University,"[0.6873, 0.0472, 0.1443, 0.0025, 0.01, 0.0011, 0.0078, 0.0347]",0.4968
05045,106704,University of Central Arkansas,"[0.6508, 0.0673, 0.1731, 0.0036, 0.0213, 0.0009, 0.0017, 0.0488]",0.4609
05045,106713,Central Baptist College,"[0.5971, 0.0982, 0.1656, 0.0082, 0.0082, 0.0, 0.0286, 0.0409]",0.3962
05055,106810,Crowley's Ridge College,"[0.807, 0.0058, 0.1754, 0.0058, 0.0, 0.0, 0.0058, 0.0]",0.6821
05145,107044,Harding University,"[0.7892, 0.0453, 0.051, 0.0041, 0.0153, 0.0006, 0.0003, 0.0369]",0.6291
05019,107071,Henderson State University,"[0.6183, 0.0728, 0.2222, 0.0111, 0.0183, 0.0028, 0.0322, 0.0]",0.4385
05045,107080,Hendrix College,"[0.6877, 0.0914, 0.0745, 0.008, 0.0319, 0.0009, 0.0266, 0.0506]",0.4912
05007,107141,John Brown University,"[0.7075, 0.0938, 0.0133, 0.017, 0.0199, 0.0015, 0.0066, 0.0598]",0.5138
05019,107512,Ouachita Baptist University,"[0.8009, 0.0592, 0.0643, 0.0032, 0.012, 0.0006, 0.0, 0.0384]",0.6507
05071,107558,University of the Ozarks,"[0.4237, 0.1343, 0.0626, 0.0065, 0.013, 0.0065, 0.0326, 0.0456]",0.2049
05119,107600,Philander Smith University,"[0.0065, 0.0131, 0.8473, 0.0, 0.0, 0.0183, 0.0248, 0.0235]",0.7196
05075,107877,Williams Baptist University,"[0.804, 0.018, 0.0737, 0.0, 0.0018, 0.0018, 0.0, 0.0234]",0.6527
05027,107983,Southern Arkansas University Main Campus,"[0.6261, 0.0657, 0.2257, 0.0032, 0.0068, 0.0004, 0.0, 0.0531]",0.4501
06075,108232,Academy of Art University,"[0.2245, 0.1737, 0.1072, 0.0042, 0.062, 0.0054, 0.1984, 0.0515]",0.138
06037,109651,Art Center College of Design,"[0.1041, 0.0974, 0.0123, 0.0005, 0.3032, 0.0024, 0.0, 0.0383]",0.1139
06037,109785,Azusa Pacific University,"[0.2793, 0.3765, 0.0646, 0.0033, 0.134, 0.0066, 0.0407, 0.0571]",0.2469
06059,110060,Bethesda University,"[0.0442, 0.221, 0.0884, 0.0, 0.0608, 0.0055, 0.0055, 0.0387]",0.0639
06037,110097,Biola University,"[0.4171, 0.2216, 0.0285, 0.002, 0.1422, 0.0035, 0.0406, 0.0809]",0.2523
06075,110316,California Institute of Integral Studies,"[0.5057, 0.1954, 0.1034, 0.0, 0.0345, 0.0, 0.092, 0.069]",0.319
06065,110361,California Baptist University,"[0.3449, 0.4047, 0.0675, 0.0054, 0.0613, 0.0072, 0.0308, 0.0573]",0.2954
06075,110370,California College of the Arts,"[0.1966, 0.1473, 0.0362, 0.0026, 0.1508, 0.0009, 0.0406, 0.0635]",0.0901
06037,110404,California Institute of Technology,"[0.2118, 0.22, 0.0346, 0.001, 0.3442, 0.001, 0.0051, 0.0886]",0.2208
06111,110413,California Lutheran University,"[0.3817, 0.4004, 0.0462, 0.0016, 0.055, 0.0044, 0.0175, 0.0637]",0.3156
06079,110422,California Polytechnic State University-San Luis Obispo,"[0.5142, 0.2148, 0.007, 0.001, 0.1421, 0.0025, 0.0301, 0.0772]",0.3377
06029,110486,California State University-Bakersfield,"[0.1269, 0.6829, 0.0403, 0.0026, 0.0699, 0.002, 0.0395, 0.0208]",0.491
06099,110495,California State University-Stanislaus,"[0.1777, 0.6275, 0.0244, 0.0025, 0.0894, 0.0066, 0.0419, 0.0247]",0.4363
06071,110510,California State University-San Bernardino,"[0.1027, 0.7197, 0.0503, 0.0013, 0.0562, 0.0014, 0.0262, 0.0245]",0.5355
06037,110529,California State Polytechnic University-Pomona,"[0.1364, 0.531, 0.0265, 0.0012, 0.2263, 0.0018, 0.0252, 0.036]",0.3544
06007,110538,California State University-Chico,"[0.4321, 0.3776, 0.0259, 0.0039, 0.0577, 0.002, 0.0336, 0.0541]",0.3374
06037,110547,California State University-Dominguez Hills,"[0.048, 0.7171, 0.1128, 0.001, 0.0655, 0.0021, 0.0252, 0.0209]",0.5346
06019,110556,California State University-Fresno,"[0.1594, 0.6131, 0.0289, 0.0028, 0.1229, 0.0013, 0.025, 0.0234]",0.4184
06059,110565,California State University-Fullerton,"[0.155, 0.5231, 0.0216, 0.0009, 0.2224, 0.0015, 0.0228, 0.0363]",0.3494
06001,110574,California State University-East Bay,"[0.1544, 0.4046, 0.091, 0.0018, 0.2278, 0.0106, 0.0372, 0.051]",0.2518
06037,110583,California State University-Long Beach,"[0.1544, 0.4995, 0.0356, 0.0011, 0.2197, 0.0023, 0.0195, 0.0446]",0.3253
06037,110592,California State University-Los Angeles,"[0.0443, 0.7569, 0.0391, 0.0011, 0.1109, 0.0006, 0.0204, 0.0145]",0.5893
06037,110608,California State University-Northridge,"[0.1958, 0.5644, 0.0493, 0.0006, 0.0914, 0.0016, 0.0338, 0.0302]",0.3697
06067,110617,California State University-Sacramento,"[0.2245, 0.3886, 0.0645, 0.0027, 0.2039, 0.0098, 0.0331, 0.0575]",0.2517
06001,110635,University of California-Berkeley,"[0.2026, 0.2035, 0.0207, 0.0011, 0.3506, 0.0014, 0.0321, 0.0599]",0.2104
06113,110644,University of California-Davis,"[0.2117, 0.2401, 0.0175, 0.0008, 0.3118, 0.0026, 0.0201, 0.0616]",0.2042
06059,110653,University of California-Irvine,"[0.1309, 0.265, 0.02, 0.0013, 0.3809, 0.0014, 0.0137, 0.0561]",0.2362
06037,110662,University of California-Los Angeles,"[0.2573, 0.2219, 0.0334, 0.0019, 0.2949, 0.0017, 0.0303, 0.0707]",0.2094
06065,110671,University of California-Riverside,"[0.1087, 0.39, 0.032, 0.0007, 0.3673, 0.0019, 0.0113, 0.0477]",0.3023
06073,110680,University of California-San Diego,"[0.1858, 0.2374, 0.0165, 0.0008, 0.3391, 0.001, 0.02, 0.0601]",0.2102
06083,110705,University of California-Santa Barbara,"[0.3122, 0.2513, 0.0187, 0.0011, 0.1865, 0.001, 0.0255, 0.0867]",0.2039
06087,110714,University of California-Santa Cruz,"[0.318, 0.2806, 0.0186, 0.001, 0.2321, 0.0015, 0.0199, 0.0828]",0.2413
06081,110778,Sofia University,"[0.3636, 0.0, 0.0, 0.2727, 0.0909, 0.0, 0.0, 0.2727]",0.2892
06059,111045,Haven University,"[0.0, 0.0385, 0.1154, 0.0, 0.0769, 0.0, 0.0385, 0.0]",0.0222
06037,111081,California Institute of the Arts,"[0.3512, 0.1418, 0.043, 0.0021, 0.0913, 0.0011, 0.0322, 0.0644]",0.1588
06095,111188,California State University Maritime Academy,"[0.4839, 0.224, 0.0272, 0.0074, 0.1089, 0.0087, 0.0347, 0.1015]",0.3086
06059,111948,Chapman University,"[0.4933, 0.179, 0.0222, 0.0017, 0.1614, 0.003, 0.0244, 0.0878]",0.3102
06037,111966,Charles R Drew University of Medicine and Science,"[0.0294, 0.2857, 0.3866, 0.0, 0.0756, 0.0042, 0.084, 0.1345]",0.2628
06059,112075,Concordia University-Irvine,"[0.4175, 0.2543, 0.0373, 0.0012, 0.0952, 0.0053, 0.0473, 0.0668]",0.2562
06073,112084,San Diego Christian College,"[0.2927, 0.4024, 0.0793, 0.0152, 0.0244, 0.0152, 0.0732, 0.0671]",0.2648
06037,112260,Claremont McKenna College,"[0.3543, 0.1634, 0.0593, 0.0007, 0.1555, 0.0022, 0.0419, 0.0709]",0.1867
06085,112394,University of Silicon Valley,"[0.2735, 0.2279, 0.0912, 0.0134, 0.2011, 0.0027, 0.0643, 0.1126]",0.1925
06037,112570,California College of ASU,"[0.3952, 0.1168, 0.1615, 0.0241, 0.0653, 0.0103, 0.1203, 0.0756]",0.221
06073,113582,Design Institute of San Diego,"[0.4667, 0.2, 0.0889, 0.0222, 0.1667, 0.0, 0.0444, 0.0111]",0.2961
06045,113616,DHARMA REALM BUDDHIST UNIVERSITY,"[0.0, 0.0, 0.0, 0.0, 0.0, 0.0, 0.0, 0.0]",0.0
06041,113698,Dominican University of California,"[0.2529, 0.2792, 0.0518, 0.0026, 0.3143, 0.0044, 0.0061, 0.0588]",0.2469
06019,114813,Fresno Pacific University,"[0.202, 0.6145, 0.0574, 0.0057, 0.0448, 0.0052, 0.0333, 0.008]",0.4249
06075,115083,Golden Gate University,"[0.3228, 0.2213, 0.2047, 0.015, 0.1048, 0.0283, 0.0998, 0.0033]",0.2171
06037,115409,Harvey Mudd College,"[0.2528, 0.2097, 0.0596, 0.0044, 0.2241, 0.0022, 0.0497, 0.1071]",0.1756
06023,115755,California State Polytechnic University-Humboldt,"[0.5025, 0.3062, 0.0303, 0.0169, 0.027, 0.003, 0.0443, 0.0664]",0.3546
06077,115773,Humphreys University-Stockton and Modesto Campuses,"[0.2215, 0.4241, 0.0633, 0.0063, 0.0823, 0.0127, 0.0253, 0.019]",0.2409
06037,117104,Life Pacific University,"[0.4101, 0.3646, 0.0658, 0.0076, 0.0405, 0.0025, 0.0329, 0.0709]",0.3133
06037,117140,University of La Verne,"[0.1653, 0.623, 0.0758, 0.0018, 0.0508, 0.0048, 0.0175, 0.0327]",0.4252
06059,117168,Laguna College of Art and Design,"[0.4636, 0.2222, 0.0247, 0.0055, 0.1509, 0.0041, 0.0041, 0.0727]",0.293
06001,117557,Lincoln University,"[0.1017, 0.0452, 0.5311, 0.0, 0.0282, 0.0, 0.0, 0.0]",0.2952
06073,117575,Southern California Seminary,"[0.4839, 0.2258, 0.1613, 0.0, 0.0645, 0.0645, 0.0, 0.0]",0.3195
06065,117627,La Sierra University,"[0.0938, 0.5247, 0.0617, 0.0016, 0.1719, 0.0049, 0.0, 0.0526]",0.3203
06071,117636,Loma Linda University,"[0.2198, 0.4187, 0.033, 0.0, 0.2484, 0.0022, 0.0, 0.0484]",0.2888
06037,117751,The Master's University and Seminary,"[0.6257, 0.2126, 0.0187, 0.0007, 0.0455, 0.0053, 0.0267, 0.0648]",0.4441
06037,117946,Loyola Marymount University,"[0.4116, 0.2358, 0.0709, 0.0004, 0.1004, 0.0008, 0.0003, 0.0775]",0.2461
06081,118693,Menlo College,"[0.1692, 0.3104, 0.0356, 0.0076, 0.0878, 0.0242, 0.0483, 0.1018]",0.1473
06053,119058,Middlebury Institute of International Studies at Monterey,"[0.6154, 0.1538, 0.0, 0.0, 0.0769, 0.0, 0.0769, 0.0]",0.4142
06037,119173,Mount Saint Mary's University,"[0.0883, 0.5624, 0.0647, 0.0011, 0.1766, 0.0028, 0.0866, 0.0124]",0.3671
06073,119605,National University,"[0.3058, 0.322, 0.1245, 0.005, 0.0707, 0.0094, 0.1046, 0.0576]",0.2321
06073,119775,Newschool of Architecture and Design,"[0.3493, 0.3013, 0.0655, 0.0175, 0.1004, 0.0, 0.0437, 0.0218]",0.2299
06001,120166,San Francisco Bay University,"[0.0, 0.0, 0.0, 0.0, 0.125, 0.0, 0.0, 0.0]",0.0156
06081,120184,Notre Dame de Namur University,"[0.0, 0.0, 0.0, 0.0, 0.0, 0.0, 0.0, 0.0]",0.0
06037,120254,Occidental College,"[0.4884, 0.1664, 0.0398, 0.0, 0.1349, 0.0, 0.0114, 0.1132]",0.2989
06037,120403,Otis College of Art and Design,"[0.2247, 0.2002, 0.0641, 0.0016, 0.1669, 0.0, 0.015, 0.0688]",0.1275
06059,120537,Hope International University,"[0.3034, 0.261, 0.0847, 0.0085, 0.0441, 0.0102, 0.1, 0.139]",0.1988
06085,120698,Palo Alto University,"[0.25, 0.4423, 0.0385, 0.0, 0.1346, 0.0, 0.0577, 0.0385]",0.2825
06037,120768,Pacific Oaks College,"[0.1658, 0.5251, 0.1357, 0.005, 0.0477, 0.0025, 0.0553, 0.0553]",0.3301
06055,120865,Pacific Union College,"[0.2021, 0.2979, 0.0635, 0.0013, 0.2539, 0.0065, 0.0635, 0.092]",0.2106
06077,120883,University of the Pacific,"[0.1849, 0.2563, 0.0395, 0.0018, 0.3573, 0.0052, 0.0257, 0.0484]",0.2321
06037,121150,Pepperdine University,"[0.4551, 0.1841, 0.0391, 0.0019, 0.14, 0.0022, 0.0167, 0.073]",0.2678
06037,121257,Pitzer College,"[0.4868, 0.132, 0.0462, 0.005, 0.1205, 0.005, 0.0371, 0.0957]",0.2816
06073,121309,Point Loma Nazarene University,"[0.5326, 0.2569, 0.0222, 0.0029, 0.0705, 0.0038, 0.0197, 0.0813]",0.3621
06037,121345,Pomona College,"[0.3161, 0.1589, 0.1006, 0.0024, 0.1736, 0.0047, 0.0388, 0.0848]",0.1742
06071,121691,University of Redlands,"[0.3768, 0.4224, 0.0461, 0.007, 0.0508, 0.0052, 0.013, 0.0648]",0.3295
06001,122296,Samuel Merritt University,"[0.2389, 0.2478, 0.0786, 0.003, 0.316, 0.0178, 0.0178, 0.0801]",0.2316
06073,122409,San Diego State University,"[0.3478, 0.3516, 0.0397, 0.0021, 0.1337, 0.0025, 0.0262, 0.0699]",0.2696
06073,122436,University of San Diego,"[0.4692, 0.2433, 0.0388, 0.0027, 0.0754, 0.0023, 0.0282, 0.0774]",0.2933
06075,122506,San Francisco Conservatory of Music,"[0.3213, 0.0995, 0.0407, 0.0, 0.0724, 0.0, 0.0317, 0.0995]",0.1309
06075,122597,San Francisco State University,"[0.1605, 0.3978, 0.0612, 0.0014, 0.2529, 0.0064, 0.0307, 0.055]",0.2557
06075,122612,University of San Francisco,"[0.2388, 0.2132, 0.0773, 0.0017, 0.2602, 0.0035, 0.0045, 0.0983]",0.1859
06061,122728,William Jessup University,"[0.4604, 0.2467, 0.0828, 0.0107, 0.0329, 0.016, 0.0677, 0.0516]",0.2884
06085,122755,San Jose State University,"[0.1278, 0.3135, 0.0361, 0.0008, 0.3924, 0.0048, 0.033, 0.0513]",0.2736
06085,122931,Santa Clara University,"[0.3983, 0.1847, 0.0311, 0.0007, 0.2104, 0.0018, 0.017, 0.0952]",0.2473
06037,123165,Scripps College,"[0.5405, 0.1295, 0.0401, 0.0, 0.1286, 0.0, 0.0121, 0.1146]",0.3403
06089,123280,Shasta Bible College and Graduate School,"[0.8333, 0.1667, 0.0, 0.0, 0.0, 0.0, 0.0, 0.0]",0.7222
06089,123457,Simpson University,"[0.4986, 0.2457, 0.0227, 0.0185, 0.0511, 0.0071, 0.0071, 0.0653]",0.3168
06013,123554,Saint Mary's College of California,"[0.3796, 0.3044, 0.0491, 0.0025, 0.1043, 0.0105, 0.0191, 0.0963]",0.2598
06097,123572,Sonoma State University,"[0.4104, 0.41, 0.0289, 0.0037, 0.0484, 0.0039, 0.0351, 0.0555]",0.344
06059,123651,Vanguard University of Southern California,"[0.3213, 0.4693, 0.0455, 0.003, 0.047, 0.0045, 0.0835, 0.025]",0.3354
06037,123952,Southern California Institute of Architecture,"[0.1592, 0.1265, 0.0204, 0.0, 0.1061, 0.0, 0.0082, 0.0245]",0.0537
06037,123961,University of Southern California,"[0.2992, 0.175, 0.0646, 0.0014, 0.2456, 0.0026, 0.0186, 0.0626]",0.1889
06111,124292,Thomas Aquinas College,"[0.6202, 0.1977, 0.0, 0.0, 0.0194, 0.0019, 0.0426, 0.0543]",0.4289
06067,124487,Epic Bible College & Graduate School,"[0.3733, 0.1467, 0.32, 0.0, 0.0533, 0.0133, 0.0, 0.08]",0.2727
27053,125231,Walden University,"[0.4342, 0.0995, 0.3508, 0.0005, 0.0151, 0.0032, 0.0703, 0.0214]",0.3271
06083,125727,Westmont College,"[0.5226, 0.2313, 0.0202, 0.0023, 0.0693, 0.0023, 0.0678, 0.067]",0.3409
06037,125763,Whittier College,"[0.2625, 0.444, 0.0489, 0.0, 0.0676, 0.0044, 0.0365, 0.0667]",0.2788
06037,125897,Woodbury University,"[0.3652, 0.3341, 0.0426, 0.0081, 0.1256, 0.0046, 0.03, 0.0311]",0.2645
06037,126076,Yeshiva Ohr Elchonon Chabad West Coast Talmudical Seminary,"[0.9718, 0.0, 0.0, 0.0, 0.0, 0.0, 0.0, 0.0]",0.9444
08003,126182,Adams State University,"[0.3718, 0.3749, 0.0903, 0.0153, 0.0122, 0.0069, 0.0712, 0.0444]",0.2944
08031,126562,University of Colorado Denver/Anschutz Medical Campus,"[0.4102, 0.2629, 0.062, 0.0038, 0.1046, 0.0014, 0.0099, 0.0554]",0.2553
08041,126580,University of Colorado Colorado Springs,"[0.5711, 0.1953, 0.0449, 0.0041, 0.0385, 0.0031, 0.0605, 0.0735]",0.3769
08013,126614,University of Colorado Boulder,"[0.6831, 0.1304, 0.0175, 0.0016, 0.0619, 0.0009, 0.0071, 0.0653]",0.4921
08059,126669,Colorado Christian University,"[0.604, 0.155, 0.1493, 0.0081, 0.0139, 0.0043, 0.0237, 0.0415]",0.4137
08041,126678,Colorado College,"[0.6688, 0.1099, 0.0299, 0.0032, 0.0455, 0.0018, 0.0106, 0.0695]",0.4673
08059,126775,Colorado School of Mines,"[0.6948, 0.1235, 0.0115, 0.0048, 0.0578, 0.0005, 0.0208, 0.0586]",0.5054
08069,126818,Colorado State University-Fort Collins,"[0.7071, 0.156, 0.0223, 0.0054, 0.0289, 0.0012, 0.0072, 0.0494]",0.5282
08041,126827,Colorado Technical University-Colorado Springs,"[0.2742, 0.0027, 0.1937, 0.0118, 0.0075, 0.0041, 0.4756, 0.0304]",0.34
08031,127060,University of Denver,"[0.6853, 0.133, 0.0251, 0.0043, 0.0403, 0.0007, 0.0169, 0.062]",0.4937
08067,127185,Fort Lewis College,"[0.3958, 0.1404, 0.0106, 0.3235, 0.0058, 0.0019, 0.0026, 0.1153]",0.2945
08077,127556,Colorado Mesa University,"[0.6577, 0.2136, 0.0188, 0.0051, 0.0153, 0.0043, 0.0278, 0.0442]",0.4816
08031,127565,Metropolitan State University of Denver,"[0.4438, 0.3548, 0.073, 0.0079, 0.0462, 0.0021, 0.012, 0.0536]",0.3334
08013,127653,Naropa University,"[0.6716, 0.1065, 0.0089, 0.0089, 0.0296, 0.003, 0.068, 0.074]",0.4735
08041,127714,Nazarene Bible College,"[0.7848, 0.0981, 0.057, 0.0095, 0.0127, 0.0, 0.0, 0.038]",0.6305
08123,127741,University of Northern Colorado,"[0.6116, 0.2533, 0.0443, 0.0032, 0.0214, 0.0015, 0.0056, 0.0478]",0.443
08001,127918,Regis University,"[0.498, 0.2957, 0.0509, 0.0049, 0.063, 0.0036, 0.0295, 0.0424]",0.3447
08059,127945,Rocky Mountain College of Art and Design,"[0.5698, 0.1416, 0.1039, 0.0206, 0.0363, 0.0, 0.1151, 0.0122]",0.3707
08101,128106,Colorado State University Pueblo,"[0.4438, 0.3467, 0.0622, 0.008, 0.0203, 0.005, 0.0173, 0.0748]",0.3274
08041,128328,United States Air Force Academy,"[0.6345, 0.1192, 0.0583, 0.0017, 0.0722, 0.0059, 0.0115, 0.0823]",0.4324
08051,128391,Western Colorado University,"[0.7047, 0.1201, 0.0341, 0.0096, 0.0126, 0.0024, 0.0681, 0.0442]",0.519
09009,128498,Albertus Magnus College,"[0.3374, 0.2362, 0.3088, 0.001, 0.0184, 0.002, 0.0235, 0.0368]",0.2672
09001,128744,University of Bridgeport,"[0.2338, 0.2955, 0.3435, 0.0069, 0.0374, 0.0, 0.0268, 0.0118]",0.2623
09003,128771,Central Connecticut State University,"[0.5621, 0.1796, 0.1315, 0.0009, 0.0529, 0.0008, 0.0191, 0.0349]",0.3699
09003,128780,Charter Oak State College,"[0.5358, 0.2062, 0.1732, 0.0007, 0.0295, 0.0028, 0.0203, 0.0259]",0.3616
09011,128902,Connecticut College,"[0.6742, 0.117, 0.0439, 0.0, 0.0334, 0.0005, 0.0209, 0.0334]",0.4728
09013,129020,University of Connecticut,"[0.5131, 0.1506, 0.0696, 0.001, 0.1313, 0.0003, 0.0103, 0.0429]",0.31
09015,129215,Eastern Connecticut State University,"[0.652, 0.1296, 0.0891, 0.0008, 0.0269, 0.0008, 0.0608, 0.0348]",0.4555
09001,129242,Fairfield University,"[0.8094, 0.0661, 0.0115, 0.0004, 0.0208, 0.0002, 0.0516, 0.0189]",0.6631
09003,129525,University of Hartford,"[0.5041, 0.154, 0.1705, 0.0044, 0.0431, 0.0015, 0.0498, 0.0191]",0.3116
09007,129534,Holy Apostles College and Seminary,"[0.6071, 0.1837, 0.0, 0.0, 0.0561, 0.0, 0.0102, 0.0255]",0.4062
09011,129774,Mitchell College,"[0.5083, 0.1833, 0.1521, 0.0021, 0.0167, 0.0021, 0.0854, 0.0458]",0.3248
09009,129941,University of New Haven,"[0.5752, 0.1931, 0.1129, 0.0025, 0.0323, 0.0002, 0.046, 0.0143]",0.3843
09009,130183,Post University,"[0.4205, 0.1433, 0.3183, 0.0084, 0.0108, 0.0042, 0.023, 0.0708]",0.3044
09009,130226,Quinnipiac University,"[0.7427, 0.1051, 0.0437, 0.0008, 0.0382, 0.0002, 0.0228, 0.0262]",0.5672
09001,130253,Sacred Heart University,"[0.7655, 0.1233, 0.0367, 0.0006, 0.0152, 0.0001, 0.0218, 0.0248]",0.6039
09003,130314,University of Saint Joseph,"[0.6041, 0.1766, 0.1084, 0.0, 0.0597, 0.0, 0.0024, 0.0365]",0.4128
09009,130493,Southern Connecticut State University,"[0.4579, 0.2269, 0.1862, 0.0013, 0.036, 0.0005, 0.0413, 0.0432]",0.3007
09003,130590,Trinity College,"[0.6095, 0.0859, 0.0612, 0.0019, 0.042, 0.0005, 0.0182, 0.043]",0.3866
09011,130624,United States Coast Guard Academy,"[0.6258, 0.1138, 0.0309, 0.0019, 0.0733, 0.0029, 0.0096, 0.1167]",0.4246
09007,130697,Wesleyan University,"[0.5442, 0.1058, 0.0549, 0.0003, 0.0902, 0.0007, 0.0283, 0.0722]",0.3245
09001,130776,Western Connecticut State University,"[0.5216, 0.2721, 0.0881, 0.0033, 0.0478, 0.0, 0.0098, 0.0552]",0.3593
09009,130794,Yale University,"[0.3514, 0.1481, 0.083, 0.0032, 0.2238, 0.0015, 0.014, 0.0711]",0.2077
10001,130934,Delaware State University,"[0.0811, 0.0732, 0.714, 0.0017, 0.0076, 0.0002, 0.0268, 0.0623]",0.5264
10003,130943,University of Delaware,"[0.6845, 0.0971, 0.0642, 0.0011, 0.0559, 0.0003, 0.0203, 0.0393]",0.4872
10003,130989,Goldey-Beacom College,"[0.3793, 0.1588, 0.2253, 0.0016, 0.013, 0.0016, 0.0827, 0.0551]",0.2299
10003,131113,Wilmington University,"[0.4922, 0.1571, 0.2133, 0.0049, 0.0305, 0.0017, 0.0257, 0.0426]",0.3159
11001,131159,American University,"[0.5598, 0.1213, 0.076, 0.0004, 0.0674, 0.0007, 0.0318, 0.0537]",0.3423
11001,131283,The Catholic University of America,"[0.6268, 0.1623, 0.0788, 0.0007, 0.0291, 0.0003, 0.0314, 0.0416]",0.429
11001,131450,Gallaudet University,"[0.4187, 0.2176, 0.1747, 0.0066, 0.0505, 0.0088, 0.044, 0.0209]",0.2582
11001,131469,George Washington University,"[0.498, 0.1301, 0.0771, 0.0006, 0.1355, 0.001, 0.0194, 0.0516]",0.2923
11001,131496,Georgetown University,"[0.5017, 0.0716, 0.0511, 0.0008, 0.1419, 0.0014, 0.0346, 0.0588]",0.2842
11001,131520,Howard University,"[0.0031, 0.0649, 0.6851, 0.0117, 0.0356, 0.0016, 0.1038, 0.0485]",0.4881
11001,131803,Strayer University-District of Columbia,"[0.0762, 0.073, 0.8222, 0.0032, 0.0032, 0.0, 0.0063, 0.0159]",0.6875
11001,131876,Trinity Washington University,"[0.0161, 0.3389, 0.5741, 0.0007, 0.0124, 0.0, 0.0278, 0.0226]",0.4461
12063,132408,Baptist University of Florida,"[0.748, 0.0236, 0.0709, 0.0118, 0.0276, 0.0, 0.0827, 0.0354]",0.5741
12086,132471,Barry University,"[0.1225, 0.3734, 0.3777, 0.0024, 0.013, 0.0008, 0.0091, 0.0284]",0.2982
12127,132602,Bethune-Cookman University,"[0.0068, 0.0582, 0.804, 0.0019, 0.0004, 0.0, 0.0731, 0.0263]",0.6559
12099,132657,Lynn University,"[0.4873, 0.1972, 0.1008, 0.0022, 0.0169, 0.0007, 0.0269, 0.0319]",0.2885
12086,132842,Albizu University-Miami,"[0.0323, 0.8387, 0.0138, 0.0, 0.0, 0.0, 0.1106, 0.0]",0.7169
12095,132903,University of Central Florida,"[0.4438, 0.2986, 0.0973, 0.0012, 0.0732, 0.0011, 0.0084, 0.0456]",0.3031
12099,133465,South University-West Palm Beach,"[0.1881, 0.2145, 0.5017, 0.0033, 0.0198, 0.0066, 0.0363, 0.0165]",0.3351
12103,133492,Eckerd College,"[0.7618, 0.0916, 0.0247, 0.002, 0.0206, 0.001, 0.0025, 0.0574]",0.5931
12031,133526,Edward Waters University,"[0.0482, 0.035, 0.8511, 0.0026, 0.0044, 0.0026, 0.0228, 0.0324]",0.7295
12127,133553,Embry-Riddle Aeronautical University-Daytona Beach,"[0.5755, 0.15, 0.0492, 0.0024, 0.0488, 0.0017, 0.0198, 0.0486]",0.3613
12073,133650,Florida Agricultural and Mechanical University,"[0.028, 0.0464, 0.9013, 0.0007, 0.0034, 0.0, 0.0, 0.0187]",0.8156
12099,133669,Florida Atlantic University,"[0.4039, 0.2895, 0.1869, 0.0013, 0.0392, 0.0011, 0.0111, 0.039]",0.2851
12109,133711,Flagler College,"[0.7267, 0.1235, 0.0336, 0.0019, 0.0104, 0.0019, 0.039, 0.0359]",0.5474
12057,133809,Florida College,"[0.7673, 0.0691, 0.0345, 0.0127, 0.0218, 0.0073, 0.0291, 0.0236]",0.5968
12095,133872,AdventHealth University,"[0.2988, 0.3588, 0.1625, 0.0011, 0.0502, 0.0033, 0.036, 0.0458]",0.2504
12009,133881,Florida Institute of Technology,"[0.5453, 0.1416, 0.0491, 0.0032, 0.0177, 0.001, 0.0299, 0.0305]",0.322
12086,133951,Florida International University,"[0.0915, 0.6685, 0.1158, 0.0006, 0.026, 0.0005, 0.0047, 0.0209]",0.4698
12086,133979,Florida Memorial University,"[0.0146, 0.0774, 0.7459, 0.0018, 0.0009, 0.0, 0.0209, 0.0036]",0.563
12105,134079,Florida Southern College,"[0.6884, 0.1484, 0.0607, 0.0056, 0.0252, 0.0004, 0.003, 0.0278]",0.5011
12073,134097,Florida State University,"[0.5831, 0.2304, 0.0779, 0.0012, 0.0343, 0.0007, 0.0122, 0.0434]",0.4024
12001,134130,University of Florida,"[0.5078, 0.2407, 0.0505, 0.0006, 0.112, 0.0004, 0.0176, 0.0479]",0.3335
12095,134237,Full Sail University,"[0.3647, 0.184, 0.2774, 0.0069, 0.0172, 0.0022, 0.0877, 0.0597]",0.2554
12085,134510,Hobe Sound Bible College,"[0.5394, 0.0667, 0.0424, 0.0, 0.0121, 0.0182, 0.3091, 0.0]",0.3932
12031,134945,Jacksonville University,"[0.5081, 0.1484, 0.1739, 0.0035, 0.0244, 0.0035, 0.0315, 0.0453]",0.3141
13089,135364,Luther Rice College & Seminary,"[0.5189, 0.0377, 0.4057, 0.0, 0.0142, 0.0, 0.0236, 0.0]",0.436
12086,135726,University of Miami,"[0.4679, 0.2354, 0.0899, 0.0013, 0.0451, 0.0007, 0.029, 0.0406]",0.287
12031,136172,University of North Florida,"[0.5834, 0.1588, 0.1152, 0.0026, 0.0589, 0.0008, 0.0081, 0.0543]",0.3853
12011,136215,Nova Southeastern University,"[0.2681, 0.3441, 0.1468, 0.0015, 0.1197, 0.001, 0.0308, 0.0349]",0.2283
12099,136330,Palm Beach Atlantic University,"[0.5897, 0.1807, 0.0868, 0.0029, 0.0184, 0.0013, 0.0384, 0.0313]",0.3907
12115,136774,Ringling College of Art and Design,"[0.439, 0.142, 0.0323, 0.0023, 0.0986, 0.0023, 0.0241, 0.0493]",0.2267
12095,136950,Rollins College,"[0.5836, 0.171, 0.058, 0.0008, 0.0343, 0.0016, 0.0187, 0.044]",0.3767
12101,137032,Saint Leo University,"[0.2922, 0.1711, 0.2013, 0.0042, 0.0122, 0.001, 0.2515, 0.0179]",0.2189
12086,137272,St. John Vianney College Seminary,"[0.3333, 0.3095, 0.0714, 0.0, 0.0238, 0.0, 0.0, 0.0]",0.2125
12057,137351,University of South Florida,"[0.4551, 0.2248, 0.0803, 0.0015, 0.0831, 0.001, 0.031, 0.0422]",0.2737
12086,137476,St. Thomas University,"[0.1197, 0.3497, 0.3312, 0.0016, 0.0026, 0.0026, 0.0396, 0.0253]",0.2485
12127,137546,Stetson University,"[0.5256, 0.1971, 0.1172, 0.0008, 0.0179, 0.0016, 0.0123, 0.0596]",0.3329
12105,137564,Southeastern University,"[0.5682, 0.2204, 0.1126, 0.0067, 0.0152, 0.0034, 0.0193, 0.0337]",0.3859
12086,137777,Talmudic College of Florida,"[0.8788, 0.0, 0.0, 0.0, 0.0, 0.0, 0.0, 0.0]",0.7723
12057,137847,The University of Tampa,"[0.6866, 0.1227, 0.0284, 0.0013, 0.0154, 0.0005, 0.0617, 0.0339]",0.4925
12031,137953,Trinity Baptist College,"[0.6583, 0.0972, 0.185, 0.0031, 0.0063, 0.0031, 0.0063, 0.0345]",0.4783
12101,137962,Trinity College of Florida,"[0.4899, 0.2071, 0.2071, 0.0051, 0.0253, 0.0, 0.0202, 0.0404]",0.3285
12105,138275,Warner University,"[0.3875, 0.1924, 0.3415, 0.0041, 0.0054, 0.0014, 0.0, 0.0257]",0.3045
12105,138293,Webber International University,"[0.398, 0.0833, 0.3266, 0.0037, 0.0073, 0.0073, 0.0531, 0.0229]",0.2755
12033,138354,University of West Florida,"[0.6229, 0.1092, 0.1008, 0.0044, 0.034, 0.0025, 0.0411, 0.0645]",0.4171
13277,138558,Abraham Baldwin Agricultural College,"[0.7949, 0.0858, 0.0842, 0.0019, 0.0085, 0.0009, 0.0013, 0.012]",0.6465
13089,138600,Agnes Scott College,"[0.3705, 0.1441, 0.3164, 0.0011, 0.0574, 0.0033, 0.0228, 0.0607]",0.2657
13095,138716,Albany State University,"[0.0792, 0.0484, 0.806, 0.0021, 0.0023, 0.0, 0.0372, 0.0207]",0.6601
13121,138947,Clark Atlanta University,"[0.0041, 0.0015, 0.5949, 0.0012, 0.0006, 0.0, 0.3931, 0.0]",0.5085
13115,139144,Berry College,"[0.7267, 0.103, 0.0811, 0.0022, 0.0291, 0.0009, 0.0054, 0.0475]",0.5484
13089,139153,Beulah Heights University,"[0.1958, 0.0769, 0.5175, 0.0, 0.1049, 0.0, 0.1049, 0.0]",0.3341
13139,139199,Brenau University,"[0.473, 0.1444, 0.2736, 0.0034, 0.0186, 0.0008, 0.0186, 0.0363]",0.3215
13209,139205,Brewton-Parker College,"[0.4071, 0.1161, 0.37, 0.0124, 0.0093, 0.0046, 0.0418, 0.0]",0.3181
13127,139250,College of Coastal Georgia,"[0.5928, 0.0797, 0.2048, 0.0021, 0.0174, 0.0014, 0.0637, 0.0231]",0.4046
13063,139311,Clayton  State University,"[0.1077, 0.1112, 0.6526, 0.0029, 0.0573, 0.0013, 0.0251, 0.0269]",0.4545
13215,139366,Columbus State University,"[0.4213, 0.085, 0.3912, 0.0028, 0.0277, 0.002, 0.0188, 0.0404]",0.3405
13295,139393,Covenant College,"[0.8738, 0.005, 0.0124, 0.0087, 0.0297, 0.0012, 0.0025, 0.0396]",0.7662
13313,139463,Dalton State College,"[0.5387, 0.3545, 0.034, 0.004, 0.0192, 0.0005, 0.0197, 0.0171]",0.4181
13051,139579,South University-Savannah,"[0.2974, 0.0718, 0.5487, 0.0154, 0.0154, 0.0103, 0.0308, 0.0103]",0.3963
13119,139630,Emmanuel University,"[0.5986, 0.0699, 0.1342, 0.0041, 0.0055, 0.0082, 0.0, 0.0479]",0.3836
13089,139658,Emory University,"[0.3311, 0.1142, 0.0852, 0.0004, 0.237, 0.0001, 0.0138, 0.046]",0.1884
13225,139719,Fort Valley State University,"[0.0183, 0.0234, 0.9242, 0.0004, 0.0047, 0.0, 0.0026, 0.0256]",0.8557
13121,139755,Georgia Institute of Technology-Main Campus,"[0.3837, 0.0819, 0.0787, 0.0006, 0.2993, 0.0003, 0.0093, 0.0445]",0.2518
13261,139764,Georgia Southwestern State University,"[0.5492, 0.0684, 0.315, 0.0019, 0.0196, 0.0005, 0.0029, 0.0311]",0.4069
13009,139861,Georgia College & State University,"[0.8322, 0.0638, 0.0334, 0.0014, 0.0158, 0.001, 0.0135, 0.0326]",0.6992
13031,139931,Georgia Southern University,"[0.5772, 0.0797, 0.2566, 0.0031, 0.02, 0.001, 0.0058, 0.0455]",0.4079
13121,139940,Georgia State University,"[0.1807, 0.1417, 0.4238, 0.0008, 0.1591, 0.0005, 0.0054, 0.054]",0.2606
13059,139959,University of Georgia,"[0.6778, 0.0732, 0.0624, 0.0006, 0.1211, 0.0006, 0.012, 0.042]",0.4852
13285,140234,LaGrange College,"[0.5745, 0.0402, 0.263, 0.0034, 0.0084, 0.0, 0.067, 0.0302]",0.4063
13067,140252,Life University,"[0.3088, 0.1813, 0.2637, 0.0209, 0.0275, 0.0, 0.0297, 0.0]",0.1998
13121,140340,Herzing University-Atlanta,"[0.0912, 0.0521, 0.715, 0.0016, 0.0489, 0.0016, 0.0586, 0.0309]",0.529
13021,140447,Mercer University,"[0.4477, 0.0762, 0.3054, 0.0013, 0.0819, 0.0009, 0.0241, 0.0429]",0.3086
13121,140553,Morehouse College,"[0.002, 0.0004, 0.9844, 0.0004, 0.0, 0.0, 0.0, 0.0082]",0.9691
13121,140571,Morris Brown College,"[0.0, 0.004, 0.996, 0.0, 0.0, 0.0, 0.0, 0.0]",0.992
13089,140696,Oglethorpe University,"[0.3712, 0.2281, 0.2281, 0.0035, 0.04, 0.0007, 0.0189, 0.0393]",0.2454
13245,140720,Paine College,"[0.01, 0.0368, 0.806, 0.01, 0.0, 0.0, 0.0368, 0.0435]",0.6544
13137,140818,Piedmont University,"[0.6724, 0.1048, 0.1262, 0.0017, 0.014, 0.0, 0.0429, 0.0256]",0.4817
13057,140872,Reinhardt University,"[0.5562, 0.0858, 0.214, 0.0059, 0.0099, 0.002, 0.0631, 0.0187]",0.367
13051,140951,Savannah College of Art and Design,"[0.5246, 0.0689, 0.1154, 0.0058, 0.0613, 0.0022, 0.0547, 0.0028]",0.3001
13051,140960,Savannah State University,"[0.031, 0.0532, 0.8584, 0.0008, 0.0, 0.0004, 0.0091, 0.0321]",0.7418
13115,140988,Shorter University,"[0.6218, 0.0963, 0.1927, 0.008, 0.0125, 0.0027, 0.0062, 0.0357]",0.4346
13275,141167,Thomas University,"[0.3636, 0.0592, 0.2507, 0.0028, 0.0193, 0.0, 0.3003, 0.0]",0.2891
13257,141185,Toccoa Falls College,"[0.7365, 0.0671, 0.1078, 0.0012, 0.0311, 0.0024, 0.006, 0.0335]",0.5607
13311,141237,Truett McConnell University,"[0.7403, 0.0519, 0.0833, 0.006, 0.0097, 0.0012, 0.0773, 0.0]",0.5638
13185,141264,Valdosta State University,"[0.4356, 0.1068, 0.3889, 0.0018, 0.0144, 0.0014, 0.0038, 0.0377]",0.354
13021,141325,Wesleyan College,"[0.3765, 0.1118, 0.3824, 0.002, 0.0098, 0.002, 0.0078, 0.0627]",0.3046
13045,141334,University of West Georgia,"[0.4959, 0.0899, 0.3319, 0.0016, 0.0108, 0.001, 0.0135, 0.0458]",0.3666
13281,141361,Young Harris College,"[0.6786, 0.0526, 0.0824, 0.0072, 0.0072, 0.0048, 0.0705, 0.0227]",0.4757
15003,141486,Chaminade University of Honolulu,"[0.0924, 0.1249, 0.0153, 0.0027, 0.2525, 0.113, 0.2704, 0.1256]",0.1898
15001,141565,University of Hawaii at Hilo,"[0.2083, 0.1592, 0.0122, 0.005, 0.1336, 0.0785, 0.0025, 0.3562]",0.2198
15003,141574,University of Hawaii at Manoa,"[0.2042, 0.1388, 0.0148, 0.0023, 0.336, 0.0203, 0.0064, 0.2441]",0.2341
15003,141644,Hawaii Pacific University,"[0.294, 0.2098, 0.0645, 0.0053, 0.1679, 0.0185, 0.0158, 0.1725]",0.1932
15003,141981,University of Hawaii-West Oahu,"[0.0807, 0.1538, 0.0181, 0.0012, 0.3649, 0.0446, 0.0024, 0.3284]",0.2735
16001,142090,Boise Bible College,"[0.8842, 0.0316, 0.0421, 0.0, 0.0, 0.0105, 0.0105, 0.0]",0.7848
16001,142115,Boise State University,"[0.7192, 0.1475, 0.0166, 0.0036, 0.0269, 0.0043, 0.0207, 0.0533]",0.5433
16005,142276,Idaho State University,"[0.7221, 0.1492, 0.0152, 0.0164, 0.0122, 0.0047, 0.0264, 0.0337]",0.5462
16057,142285,University of Idaho,"[0.7493, 0.107, 0.0111, 0.0091, 0.0162, 0.0018, 0.0132, 0.044]",0.5755
16027,142294,The College of Idaho,"[0.5485, 0.1397, 0.0209, 0.0076, 0.019, 0.0067, 0.02, 0.058]",0.325
16069,142328,Lewis-Clark State College,"[0.7709, 0.09, 0.0132, 0.0188, 0.006, 0.0034, 0.0239, 0.055]",0.6066
16027,142461,Northwest Nazarene University,"[0.748, 0.1336, 0.0179, 0.0063, 0.0126, 0.0045, 0.0054, 0.0655]",0.5822
17031,142957,American Islamic College,"[0.0, 0.2, 0.8, 0.0, 0.0, 0.0, 0.0, 0.0]",0.68
17031,143048,School of the Art Institute of Chicago,"[0.3537, 0.1132, 0.0436, 0.0021, 0.1032, 0.0004, 0.0394, 0.0433]",0.1539
17161,143084,Augustana College,"[0.6073, 0.1288, 0.0387, 0.0009, 0.0281, 0.0, 0.0119, 0.0356]",0.3891
17089,143118,Aurora University,"[0.4046, 0.3958, 0.0599, 0.002, 0.0356, 0.0005, 0.0692, 0.0251]",0.3306
17117,143288,Blackburn College,"[0.807, 0.0789, 0.0702, 0.0, 0.0029, 0.0, 0.0117, 0.0292]",0.6634
17001,143297,Blessing Rieman College of Nursing and Health Sciences,"[0.9205, 0.0, 0.0265, 0.0, 0.0199, 0.0066, 0.0199, 0.0066]",0.8489
17143,143358,Bradley University,"[0.648, 0.1379, 0.0881, 0.0022, 0.0443, 0.0005, 0.023, 0.0341]",0.4503
17031,143978,The Chicago School at Chicago,"[0.2647, 0.4706, 0.1176, 0.0294, 0.0588, 0.0, 0.0294, 0.0294]",0.3114
17031,144005,Chicago State University,"[0.022, 0.0689, 0.75, 0.0051, 0.0088, 0.0, 0.0916, 0.0147]",0.5764
17031,144050,University of Chicago,"[0.3215, 0.1631, 0.0674, 0.0001, 0.1978, 0.0001, 0.02, 0.0706]",0.179
17031,144281,Columbia College Chicago,"[0.4398, 0.2584, 0.1703, 0.0009, 0.035, 0.0009, 0.0102, 0.0497]",0.293
17031,144351,Concordia University-Chicago,"[0.4304, 0.3494, 0.1206, 0.0039, 0.0233, 0.0023, 0.0125, 0.0537]",0.3255
17031,144740,DePaul University,"[0.482, 0.2319, 0.075, 0.0007, 0.1206, 0.0005, 0.016, 0.0437]",0.3084
17031,144883,East-West University,"[0.0208, 0.3667, 0.3743, 0.0132, 0.0076, 0.0019, 0.0076, 0.0208]",0.2757
17029,144892,Eastern Illinois University,"[0.5578, 0.1001, 0.2098, 0.0024, 0.012, 0.0011, 0.0563, 0.034]",0.3697
17043,144962,Elmhurst University,"[0.4867, 0.282, 0.0525, 0.0017, 0.0766, 0.001, 0.038, 0.0287]",0.3273
17203,144971,Eureka College,"[0.7022, 0.0846, 0.125, 0.0129, 0.0037, 0.0018, 0.0386, 0.0202]",0.5179
17197,145336,Governors State University,"[0.2951, 0.1935, 0.3998, 0.0023, 0.0236, 0.0008, 0.0321, 0.0348]",0.2872
17005,145372,Greenville University,"[0.5976, 0.0732, 0.1308, 0.0022, 0.0033, 0.0022, 0.0155, 0.031]",0.3808
17031,145497,Hebrew Theological College,"[0.9452, 0.0274, 0.0, 0.0, 0.0, 0.0, 0.0, 0.0]",0.8942
17031,145600,University of Illinois Chicago,"[0.2336, 0.3632, 0.0759, 0.0004, 0.2106, 0.0002, 0.0172, 0.0296]",0.2378
17043,145619,Benedictine University,"[0.4161, 0.1856, 0.0864, 0.0079, 0.1836, 0.0025, 0.0745, 0.0212]",0.2548
17019,145637,University of Illinois Urbana-Champaign,"[0.3932, 0.1377, 0.0591, 0.0003, 0.2222, 0.0003, 0.0114, 0.0361]",0.2279
17113,145646,Illinois Wesleyan University,"[0.691, 0.0916, 0.0731, 0.0013, 0.0711, 0.0013, 0.0059, 0.0217]",0.4968
17137,145691,Illinois College,"[0.7141, 0.1009, 0.087, 0.002, 0.0089, 0.0, 0.0129, 0.0297]",0.5288
17031,145725,Illinois Institute of Technology,"[0.3629, 0.2117, 0.0494, 0.0, 0.1693, 0.0007, 0.0195, 0.0403]",0.2096
17113,145813,Illinois State University,"[0.6859, 0.1295, 0.1052, 0.0011, 0.0265, 0.0004, 0.0052, 0.0392]",0.5006
17089,146339,Judson University,"[0.3816, 0.3342, 0.1242, 0.0013, 0.0192, 0.0026, 0.0602, 0.0128]",0.2769
17095,146427,Knox College,"[0.4862, 0.1313, 0.0637, 0.0029, 0.0447, 0.0, 0.0276, 0.0628]",0.2644
17097,146481,Lake Forest College,"[0.4745, 0.2036, 0.0342, 0.0041, 0.0632, 0.0012, 0.0348, 0.0307]",0.2739
17183,146533,Lakeview College of Nursing,"[0.6207, 0.0172, 0.1293, 0.0086, 0.0776, 0.0, 0.0, 0.1466]",0.4299
17197,146612,Lewis University,"[0.5647, 0.2395, 0.0616, 0.0019, 0.0668, 0.0016, 0.0118, 0.026]",0.3853
17031,146719,Loyola University Chicago,"[0.508, 0.208, 0.0624, 0.001, 0.1306, 0.0009, 0.0125, 0.0491]",0.3248
17161,146755,Trinity College of Nursing & Health Sciences,"[0.6296, 0.1481, 0.0864, 0.0, 0.0494, 0.0, 0.0617, 0.0247]",0.4327
17163,147013,McKendree University,"[0.5641, 0.0596, 0.1086, 0.002, 0.0026, 0.0013, 0.0609, 0.0668]",0.3417
17143,147129,Methodist College,"[0.7067, 0.0277, 0.1547, 0.0023, 0.0393, 0.0, 0.0346, 0.0346]",0.5281
17115,147244,Millikin University,"[0.6606, 0.0443, 0.1859, 0.0019, 0.0187, 0.0019, 0.0143, 0.0287]",0.4743
17187,147341,Monmouth College,"[0.6859, 0.1183, 0.088, 0.0026, 0.0145, 0.0, 0.0329, 0.0394]",0.495
17031,147369,Moody Bible Institute,"[0.6072, 0.0915, 0.0536, 0.0012, 0.0286, 0.0006, 0.0781, 0.0344]",0.388
17031,147536,National Louis University,"[0.1511, 0.5439, 0.1986, 0.0016, 0.0216, 0.0, 0.0346, 0.0129]",0.3599
17043,147590,National University of Health Sciences,"[0.6, 0.0333, 0.1333, 0.0333, 0.0333, 0.0, 0.1333, 0.0333]",0.4
17043,147660,North Central College,"[0.6263, 0.1667, 0.0543, 0.0009, 0.0425, 0.0, 0.036, 0.0273]",0.4268
17031,147679,North Park University,"[0.3203, 0.3415, 0.0926, 0.0016, 0.0937, 0.0016, 0.0272, 0.0321]",0.2383
17037,147703,Northern Illinois University,"[0.4361, 0.2378, 0.2067, 0.0026, 0.0657, 0.0008, 0.0054, 0.0315]",0.2948
17031,147767,Northwestern University,"[0.373, 0.1419, 0.067, 0.0011, 0.2087, 0.0011, 0.0339, 0.071]",0.2135
17031,147776,Northeastern Illinois University,"[0.2213, 0.4133, 0.1195, 0.001, 0.0986, 0.0022, 0.1151, 0.0205]",0.2575
17091,147828,Olivet Nazarene University,"[0.6427, 0.1244, 0.0951, 0.0024, 0.0248, 0.0142, 0.0337, 0.0439]",0.4415
17083,148016,Principia College,"[0.4462, 0.057, 0.0316, 0.0, 0.0158, 0.0032, 0.0316, 0.0253]",0.2052
17001,148131,Quincy University,"[0.7118, 0.0652, 0.1061, 0.001, 0.0117, 0.0, 0.0487, 0.001]",0.5247
17201,148405,Rockford University,"[0.4174, 0.1663, 0.1322, 0.0022, 0.0187, 0.0011, 0.1366, 0.0341]",0.2395
17031,148487,Roosevelt University,"[0.3188, 0.3268, 0.2091, 0.0047, 0.0508, 0.0004, 0.0212, 0.0347]",0.2564
17031,148496,Dominican University,"[0.2109, 0.6616, 0.0496, 0.0014, 0.0293, 0.0009, 0.0274, 0.0123]",0.4864
17031,148511,Rush University,"[0.2174, 0.3913, 0.2522, 0.0, 0.0783, 0.0, 0.0435, 0.0087]",0.2721
17143,148575,Saint Francis Medical Center College of Nursing,"[0.8893, 0.0246, 0.0328, 0.0, 0.0369, 0.0, 0.0, 0.0082]",0.794
17197,148584,University of St Francis,"[0.495, 0.295, 0.0942, 0.0043, 0.0367, 0.0014, 0.0122, 0.0345]",0.3436
17167,148593,St. John's College-Department of Nursing,"[0.8659, 0.0244, 0.0366, 0.0122, 0.0244, 0.0, 0.0122, 0.0244]",0.7532
17031,148627,Saint Xavier University,"[0.324, 0.4954, 0.1174, 0.0007, 0.0223, 0.0007, 0.0148, 0.0246]",0.3655
17167,148654,University of Illinois Springfield,"[0.6299, 0.1099, 0.1316, 0.0017, 0.0392, 0.0009, 0.0183, 0.0383]",0.4295
17201,149028,Saint Anthony College of Nursing,"[0.6961, 0.1768, 0.0552, 0.0, 0.0552, 0.0055, 0.0, 0.011]",0.5221
17077,149222,Southern Illinois University-Carbondale,"[0.6604, 0.0937, 0.1674, 0.0024, 0.0184, 0.0009, 0.0004, 0.0352]",0.4745
17119,149231,Southern Illinois University Edwardsville,"[0.6865, 0.0634, 0.1381, 0.0016, 0.024, 0.0013, 0.0211, 0.04]",0.497
17031,149329,Telshe Yeshiva-Chicago,"[0.9747, 0.0, 0.0, 0.0, 0.0, 0.0, 0.0, 0.0]",0.95
17031,149505,Trinity Christian College,"[0.5556, 0.2005, 0.1392, 0.0038, 0.0204, 0.0038, 0.0051, 0.0]",0.3687
17097,149514,Trinity International University-Illinois,"[0.4474, 0.2005, 0.198, 0.0, 0.0171, 0.0098, 0.0513, 0.044]",0.2845
17031,149639,VanderCook College of Music,"[0.4179, 0.2687, 0.1493, 0.0, 0.0448, 0.0, 0.0149, 0.0896]",0.2794
17109,149772,Western Illinois University,"[0.5548, 0.1264, 0.225, 0.0019, 0.0133, 0.0013, 0.0127, 0.0296]",0.3756
17043,149781,Wheaton College,"[0.6861, 0.0766, 0.0257, 0.0005, 0.1009, 0.0005, 0.0103, 0.0645]",0.4917
18095,150066,Anderson University,"[0.7408, 0.0549, 0.1035, 0.0, 0.0153, 0.0, 0.0243, 0.0513]",0.566
18035,150136,Ball State University,"[0.7472, 0.0724, 0.0965, 0.0013, 0.0194, 0.0007, 0.0143, 0.042]",0.5752
18141,150145,Bethel University,"[0.678, 0.1112, 0.0744, 0.0018, 0.0188, 0.0, 0.0063, 0.0413]",0.4797
18097,150163,Butler University,"[0.8044, 0.0634, 0.0388, 0.0016, 0.0404, 0.0, 0.0051, 0.0342]",0.6554
18089,150172,Calumet College of Saint Joseph,"[0.2972, 0.3612, 0.2918, 0.0018, 0.0125, 0.0, 0.0071, 0.0285]",0.305
18133,150400,DePauw University,"[0.5918, 0.0808, 0.0577, 0.0, 0.0271, 0.0, 0.0081, 0.0242]",0.3615
18177,150455,Earlham College,"[0.5654, 0.0866, 0.0764, 0.0, 0.0272, 0.0, 0.0085, 0.0441]",0.3358
18163,150534,University of Evansville,"[0.769, 0.0487, 0.0466, 0.0041, 0.0308, 0.0007, 0.0041, 0.0398]",0.5985
18081,150604,Franklin College,"[0.8091, 0.0536, 0.0559, 0.0012, 0.0198, 0.0, 0.0058, 0.0466]",0.6632
18039,150668,Goshen College,"[0.4659, 0.294, 0.0455, 0.0014, 0.0241, 0.0014, 0.0313, 0.0241]",0.3077
18085,150677,Grace College and Theological Seminary,"[0.7942, 0.0748, 0.0322, 0.0021, 0.0171, 0.0014, 0.0082, 0.0254]",0.6384
18077,150756,Hanover College,"[0.7692, 0.0263, 0.0474, 0.0095, 0.0063, 0.0, 0.0316, 0.0558]",0.5988
18141,150774,Holy Cross College,"[0.5427, 0.2488, 0.0569, 0.0071, 0.0166, 0.0, 0.0213, 0.0498]",0.3629
18069,150941,Huntington University,"[0.8377, 0.0206, 0.0356, 0.0066, 0.0178, 0.0047, 0.0, 0.046]",0.7059
18003,151102,Purdue University Fort Wayne,"[0.7138, 0.0949, 0.0655, 0.0015, 0.0527, 0.0004, 0.0022, 0.0423]",0.5274
18097,151111,Indiana University-Indianapolis,"[0.6123, 0.1314, 0.1044, 0.0009, 0.0685, 0.0002, 0.0037, 0.0554]",0.4109
18097,151263,University of Indianapolis,"[0.5952, 0.0912, 0.1312, 0.0017, 0.0401, 0.0009, 0.0241, 0.0363]",0.3833
18003,151290,Indiana Institute of Technology,"[0.3684, 0.0336, 0.1014, 0.0037, 0.0112, 0.003, 0.3639, 0.0261]",0.2804
18167,151324,Indiana State University,"[0.6906, 0.0694, 0.1627, 0.0017, 0.0156, 0.001, 0.0046, 0.044]",0.5104
18067,151333,Indiana University-Kokomo,"[0.7768, 0.1021, 0.0455, 0.0008, 0.0153, 0.0004, 0.005, 0.0463]",0.6183
18141,151342,Indiana University-South Bend,"[0.6195, 0.1999, 0.0829, 0.0014, 0.0205, 0.0, 0.0049, 0.0573]",0.4343
18105,151351,Indiana University-Bloomington,"[0.6768, 0.0821, 0.0417, 0.0004, 0.0915, 0.0002, 0.0049, 0.0516]",0.4776
18089,151360,Indiana University-Northwest,"[0.4596, 0.2925, 0.1682, 0.0004, 0.0325, 0.0004, 0.0048, 0.0384]",0.3276
18043,151379,Indiana University-Southeast,"[0.8066, 0.0565, 0.0584, 0.001, 0.0207, 0.0, 0.0057, 0.0482]",0.66
18177,151388,Indiana University-East,"[0.7553, 0.0688, 0.0603, 0.0016, 0.021, 0.0004, 0.0283, 0.0445]",0.5821
18169,151777,Manchester University,"[0.605, 0.0853, 0.081, 0.0022, 0.0077, 0.0, 0.1707, 0.0449]",0.4111
18097,151786,Marian University,"[0.6042, 0.115, 0.153, 0.0004, 0.0273, 0.0009, 0.0222, 0.0486]",0.4053
18053,151801,Indiana Wesleyan University-Marion,"[0.8221, 0.0439, 0.0496, 0.0029, 0.0243, 0.0005, 0.0114, 0.0315]",0.682
18097,151810,Martin University,"[0.0311, 0.0062, 0.9193, 0.0, 0.0, 0.0, 0.0186, 0.0248]",0.8471
18141,152080,University of Notre Dame,"[0.6372, 0.1304, 0.0393, 0.0016, 0.057, 0.0017, 0.0126, 0.058]",0.4313
18051,152099,Oakland City University,"[0.6192, 0.0348, 0.1258, 0.005, 0.0149, 0.0, 0.043, 0.0629]",0.4065
18167,152318,Rose-Hulman Institute of Technology,"[0.682, 0.0511, 0.0376, 0.0028, 0.078, 0.0, 0.0121, 0.0585]",0.4788
18003,152336,University of Saint Francis-Fort Wayne,"[0.6864, 0.0973, 0.1062, 0.0032, 0.0178, 0.0013, 0.0229, 0.0382]",0.4942
18167,152381,Saint Mary-of-the-Woods College,"[0.7453, 0.0824, 0.0849, 0.0037, 0.0112, 0.0025, 0.0125, 0.0487]",0.5721
18141,152390,Saint Mary's College,"[0.7692, 0.1488, 0.0174, 0.0, 0.016, 0.0007, 0.0116, 0.029]",0.6153
18053,152530,Taylor University,"[0.8076, 0.0475, 0.0283, 0.0006, 0.0306, 0.0017, 0.0096, 0.0294]",0.6572
18151,152567,Trine University,"[0.8484, 0.0382, 0.0311, 0.0022, 0.0164, 0.0004, 0.0222, 0.0253]",0.7236
18127,152600,Valparaiso University,"[0.7071, 0.105, 0.064, 0.0009, 0.0307, 0.0, 0.0158, 0.0337]",0.5174
18107,152673,Wabash College,"[0.7293, 0.1138, 0.0359, 0.0, 0.0156, 0.0, 0.012, 0.0407]",0.5482
19013,152798,Allen College,"[0.7878, 0.0144, 0.0252, 0.0072, 0.018, 0.0036, 0.1151, 0.018]",0.6354
19193,152992,Briar Cliff University,"[0.5769, 0.1923, 0.0801, 0.0096, 0.0096, 0.0048, 0.0, 0.0609]",0.3801
19021,153001,Buena Vista University,"[0.7787, 0.1135, 0.0289, 0.007, 0.0092, 0.0021, 0.0282, 0.0261]",0.6217
19125,153108,Central College,"[0.8529, 0.0502, 0.0282, 0.0018, 0.0097, 0.0018, 0.0238, 0.0317]",0.7324
19061,153126,Clarke University,"[0.5594, 0.0994, 0.1409, 0.0014, 0.0097, 0.0028, 0.0552, 0.0539]",0.3487
19113,153144,Coe College,"[0.652, 0.1307, 0.1013, 0.0033, 0.0245, 0.0025, 0.0359, 0.031]",0.4553
19113,153162,Cornell College,"[0.7476, 0.0898, 0.0681, 0.0095, 0.0359, 0.0038, 0.0123, 0.0095]",0.5732
19061,153241,Divine Word College,"[0.0, 0.0147, 0.0, 0.0, 0.1324, 0.0, 0.0, 0.0]",0.0177
19167,153250,Dordt University,"[0.8003, 0.0265, 0.0027, 0.002, 0.0095, 0.0007, 0.0279, 0.019]",0.6424
19153,153269,Drake University,"[0.7208, 0.0734, 0.0623, 0.0011, 0.0501, 0.0004, 0.0025, 0.0508]",0.5339
19061,153278,University of Dubuque,"[0.6776, 0.066, 0.114, 0.0042, 0.0097, 0.0028, 0.0716, 0.0202]",0.4821
19153,153320,Faith Baptist Bible College and Theological Seminary,"[0.8435, 0.0415, 0.0096, 0.0064, 0.0096, 0.0032, 0.0032, 0.0415]",0.7152
19053,153366,Graceland University-Lamoni,"[0.4988, 0.1116, 0.157, 0.0035, 0.0093, 0.0209, 0.043, 0.0477]",0.2906
19153,153375,Grand View University,"[0.6, 0.1056, 0.0957, 0.0046, 0.0367, 0.0013, 0.0813, 0.0393]",0.3898
19157,153384,Grinnell College,"[0.526, 0.0831, 0.0439, 0.0, 0.0755, 0.0, 0.0281, 0.048]",0.2943
19169,153603,Iowa State University,"[0.7705, 0.0713, 0.0263, 0.0016, 0.0437, 0.0007, 0.0249, 0.0295]",0.6028
19103,153658,University of Iowa,"[0.7453, 0.0892, 0.0301, 0.0014, 0.0475, 0.0007, 0.0297, 0.0375]",0.5689
19061,153825,Loras College,"[0.7253, 0.0956, 0.052, 0.0, 0.0128, 0.0, 0.0478, 0.0273]",0.5411
19191,153834,Luther College,"[0.7486, 0.0661, 0.0293, 0.0056, 0.0175, 0.0044, 0.0087, 0.0087]",0.5661
19101,153861,Maharishi International University,"[0.4479, 0.1145, 0.1028, 0.0088, 0.0308, 0.0015, 0.254, 0.0191]",0.2902
19153,153977,Mercy College of Health Sciences,"[0.6645, 0.11, 0.1188, 0.0088, 0.0616, 0.0044, 0.0209, 0.011]",0.4722
19193,154004,Morningside University,"[0.6349, 0.0851, 0.0374, 0.0077, 0.0153, 0.0034, 0.0996, 0.04]",0.4236
19113,154013,Mount Mercy University,"[0.7061, 0.0225, 0.0758, 0.0017, 0.0233, 0.0, 0.0275, 0.0641]",0.5102
06073,154022,Ashford University,"[0.411, 0.1994, 0.2873, 0.0075, 0.025, 0.0104, 0.016, 0.0424]",0.2941
19013,154095,University of Northern Iowa,"[0.8459, 0.0555, 0.0292, 0.0012, 0.0153, 0.0004, 0.0168, 0.0269]",0.7207
19167,154101,Northwestern College,"[0.7893, 0.0642, 0.0217, 0.0018, 0.0127, 0.0, 0.0579, 0.0145]",0.6313
19163,154174,Palmer College of Chiropractic,"[0.8966, 0.069, 0.0, 0.0, 0.0345, 0.0, 0.0, 0.0]",0.8098
19163,154235,Saint Ambrose University,"[0.722, 0.1025, 0.0536, 0.0014, 0.0194, 0.0009, 0.0346, 0.0422]",0.538
19181,154350,Simpson College,"[0.7776, 0.0942, 0.0359, 0.0, 0.0152, 0.0009, 0.0099, 0.0466]",0.6173
19065,154493,Upper Iowa University,"[0.616, 0.0813, 0.1707, 0.0064, 0.0191, 0.0032, 0.0345, 0.0236]",0.4174
19189,154518,Waldorf University,"[0.4706, 0.0323, 0.1071, 0.0081, 0.0126, 0.0054, 0.3214, 0.0282]",0.3383
19017,154527,Wartburg College,"[0.7939, 0.0414, 0.0428, 0.0007, 0.0064, 0.0014, 0.0243, 0.0271]",0.6352
19123,154590,William Penn University,"[0.5705, 0.0991, 0.1652, 0.0066, 0.0088, 0.0103, 0.0463, 0.0441]",0.3669
20045,154688,Baker University,"[0.6404, 0.1166, 0.1004, 0.0126, 0.017, 0.0036, 0.0287, 0.0484]",0.4374
20005,154712,Benedictine College,"[0.7675, 0.1137, 0.0311, 0.0028, 0.0158, 0.0028, 0.0274, 0.0297]",0.6048
20113,154721,Bethany College,"[0.4722, 0.1886, 0.1988, 0.0146, 0.0175, 0.0073, 0.0, 0.0395]",0.3002
20079,154749,Bethel College-North Newton,"[0.5392, 0.1569, 0.1811, 0.0362, 0.0181, 0.004, 0.0221, 0.0]",0.3503
20113,154855,Central Christian College of Kansas,"[0.472, 0.25, 0.1207, 0.0302, 0.0129, 0.0065, 0.0388, 0.0517]",0.3052
20111,155025,Emporia State University,"[0.7262, 0.0616, 0.0342, 0.0079, 0.0128, 0.0011, 0.0244, 0.0984]",0.5428
20051,155061,Fort Hays State University,"[0.5014, 0.0552, 0.0267, 0.003, 0.0107, 0.0007, 0.3718, 0.0128]",0.3937
20097,155070,Barclay College,"[0.5066, 0.2105, 0.1776, 0.0066, 0.0066, 0.0, 0.0197, 0.0526]",0.3357
20173,155089,Friends University,"[0.5206, 0.1944, 0.1168, 0.004, 0.0141, 0.003, 0.0292, 0.0816]",0.3302
20091,155308,Kansas Christian College,"[0.3191, 0.133, 0.3511, 0.0213, 0.0319, 0.0053, 0.0266, 0.0532]",0.2478
20045,155317,University of Kansas,"[0.6931, 0.0994, 0.0415, 0.0044, 0.0607, 0.0009, 0.0048, 0.0564]",0.4989
20173,155335,Newman University,"[0.5051, 0.265, 0.0396, 0.0068, 0.0487, 0.0011, 0.0136, 0.0385]",0.331
20161,155399,Kansas State University,"[0.7978, 0.0848, 0.0272, 0.0041, 0.0183, 0.0009, 0.0089, 0.0377]",0.6463
20169,155414,Kansas Wesleyan University,"[0.5731, 0.1906, 0.1449, 0.0076, 0.014, 0.0, 0.0, 0.0572]",0.3893
20161,155496,Manhattan Christian College,"[0.7851, 0.0744, 0.0579, 0.0083, 0.0083, 0.0, 0.0083, 0.0579]",0.6288
20113,155511,McPherson College,"[0.5222, 0.186, 0.1355, 0.0296, 0.0209, 0.0037, 0.0185, 0.016]",0.3276
20091,155520,MidAmerica Nazarene University,"[0.6133, 0.0544, 0.1385, 0.0092, 0.0133, 0.0072, 0.0379, 0.0513]",0.4027
20059,155627,Ottawa University-Ottawa,"[0.5018, 0.1633, 0.1704, 0.0129, 0.0129, 0.0094, 0.0118, 0.0693]",0.3129
20091,155636,Ottawa University-Kansas City,"[0.7243, 0.1434, 0.0735, 0.0147, 0.0037, 0.0037, 0.0074, 0.0294]",0.5517
20103,155812,University of Saint Mary,"[0.5088, 0.208, 0.1378, 0.005, 0.0138, 0.0038, 0.0627, 0.0414]",0.327
20035,155900,Southwestern College,"[0.421, 0.1457, 0.1495, 0.0105, 0.019, 0.0067, 0.1981, 0.0229]",0.2611
20159,155937,Sterling College,"[0.5742, 0.0795, 0.1254, 0.0053, 0.0, 0.0018, 0.0336, 0.0936]",0.3617
20115,155973,Tabor College,"[0.5641, 0.1795, 0.1124, 0.0099, 0.0039, 0.0039, 0.0059, 0.0533]",0.3661
20177,156082,Washburn University,"[0.6185, 0.1325, 0.0845, 0.007, 0.0173, 0.0008, 0.0431, 0.0555]",0.4125
20173,156125,Wichita State University,"[0.5791, 0.1595, 0.0589, 0.006, 0.0722, 0.0014, 0.0218, 0.0553]",0.3731
21119,156189,Alice Lloyd College,"[0.9015, 0.0112, 0.0651, 0.0056, 0.0037, 0.0, 0.0074, 0.0037]",0.8172
21113,156213,Asbury University,"[0.7619, 0.0764, 0.0486, 0.0008, 0.0135, 0.0008, 0.0199, 0.0191]",0.5896
21111,156286,Bellarmine University,"[0.738, 0.076, 0.0778, 0.0018, 0.0299, 0.0018, 0.011, 0.0484]",0.5598
21151,156295,Berea College,"[0.4429, 0.1538, 0.1871, 0.0, 0.039, 0.0007, 0.005, 0.0886]",0.2642
21059,156356,Brescia University,"[0.6534, 0.0617, 0.1071, 0.0054, 0.0254, 0.0073, 0.1343, 0.0036]",0.461
21217,156365,Campbellsville University,"[0.6599, 0.0233, 0.1473, 0.0036, 0.0102, 0.0, 0.0433, 0.0]",0.4597
21021,156408,Centre College,"[0.7305, 0.0713, 0.0572, 0.0015, 0.0431, 0.0, 0.0104, 0.0393]",0.5455
21013,156417,Clear Creek Baptist Bible College,"[0.902, 0.0294, 0.0294, 0.0, 0.0, 0.0, 0.0, 0.0392]",0.8169
21111,156471,Galen College of Nursing-Louisville,"[0.4756, 0.1243, 0.1158, 0.0023, 0.0258, 0.0005, 0.2318, 0.024]",0.31
21235,156541,University of the Cumberlands,"[0.3569, 0.0048, 0.0276, 0.0017, 0.0056, 0.002, 0.5886, 0.0007]",0.4747
21151,156620,Eastern Kentucky University,"[0.8042, 0.0504, 0.0691, 0.0025, 0.0129, 0.0011, 0.0071, 0.0448]",0.6563
21209,156745,Georgetown College,"[0.7558, 0.0648, 0.0831, 0.0, 0.0058, 0.0008, 0.005, 0.0432]",0.5843
21073,157058,Kentucky State University,"[0.0804, 0.0208, 0.8079, 0.0045, 0.0052, 0.0, 0.0298, 0.0432]",0.6624
21059,157076,Kentucky Wesleyan College,"[0.6908, 0.0487, 0.1355, 0.0026, 0.0171, 0.0, 0.0803, 0.0118]",0.5048
21067,157085,University of Kentucky,"[0.7604, 0.0614, 0.0673, 0.0019, 0.0358, 0.0007, 0.0158, 0.041]",0.5897
21043,157100,Kentucky Christian University,"[0.6049, 0.0558, 0.2455, 0.0022, 0.0, 0.0067, 0.0112, 0.0402]",0.4311
21001,157216,Lindsey Wilson College,"[0.7164, 0.0025, 0.1157, 0.005, 0.0081, 0.0012, 0.1032, 0.0317]",0.5384
21111,157289,University of Louisville,"[0.6474, 0.0731, 0.149, 0.0014, 0.053, 0.0005, 0.0013, 0.061]",0.4532
21239,157377,Midway University,"[0.7127, 0.0708, 0.1011, 0.0042, 0.0067, 0.0, 0.0168, 0.048]",0.5258
21205,157386,Morehead State University,"[0.8721, 0.0275, 0.0337, 0.0006, 0.0078, 0.0008, 0.014, 0.0337]",0.7638
21035,157401,Murray State University,"[0.7763, 0.0296, 0.0589, 0.0014, 0.0083, 0.0003, 0.0375, 0.0291]",0.6093
21037,157447,Northern Kentucky University,"[0.7701, 0.0455, 0.0702, 0.0014, 0.0169, 0.001, 0.0162, 0.0323]",0.6016
21195,157535,University of Pikeville,"[0.8142, 0.0162, 0.0929, 0.0099, 0.0081, 0.0, 0.0, 0.0225]",0.6725
21111,157748,The Southern Baptist Theological Seminary,"[0.897, 0.008, 0.0183, 0.0, 0.024, 0.0, 0.0034, 0.0]",0.8056
21111,157757,Spalding University,"[0.6299, 0.0803, 0.211, 0.0, 0.0189, 0.0, 0.0173, 0.0378]",0.4498
21117,157809,Thomas More University,"[0.7585, 0.0387, 0.0803, 0.0014, 0.0127, 0.0, 0.0289, 0.0317]",0.5853
21067,157818,Transylvania University,"[0.7787, 0.0533, 0.0523, 0.0041, 0.0328, 0.0, 0.0102, 0.0564]",0.6163
21121,157863,Union Commonwealth University,"[0.6188, 0.0506, 0.1547, 0.0056, 0.0042, 0.0113, 0.0056, 0.0408]",0.4113
21227,157951,Western Kentucky University,"[0.7675, 0.0537, 0.0897, 0.0024, 0.0283, 0.0011, 0.0108, 0.0389]",0.6024
22017,158477,Centenary College of Louisiana,"[0.6184, 0.0939, 0.1781, 0.0157, 0.0294, 0.0, 0.0039, 0.0548]",0.4271
22071,158802,Dillard University,"[0.0041, 0.027, 0.8664, 0.0025, 0.0008, 0.0016, 0.059, 0.0295]",0.7558
22061,159009,Grambling State University,"[0.005, 0.0139, 0.9142, 0.0019, 0.0007, 0.0002, 0.0197, 0.0228]",0.8369
22071,159373,Louisiana State University Health Sciences Center-New Orleans,"[0.625, 0.083, 0.1784, 0.0034, 0.075, 0.0, 0.0057, 0.0273]",0.4358
22079,159382,Louisiana State University-Alexandria,"[0.5989, 0.0178, 0.1972, 0.0583, 0.0267, 0.0, 0.0697, 0.015]",0.4071
22033,159391,Louisiana State University and Agricultural & Mechanical College,"[0.6264, 0.0925, 0.1731, 0.0054, 0.0501, 0.0009, 0.0083, 0.0285]",0.4343
22017,159416,Louisiana State University-Shreveport,"[0.5681, 0.015, 0.2475, 0.007, 0.0159, 0.0014, 0.0519, 0.0529]",0.39
22079,159568,Louisiana Christian University,"[0.6037, 0.0352, 0.2608, 0.0091, 0.0065, 0.0013, 0.0, 0.0287]",0.4347
22061,159647,Louisiana Tech University,"[0.7314, 0.0484, 0.1053, 0.0047, 0.0114, 0.0005, 0.0506, 0.0269]",0.5518
22071,159656,Loyola University New Orleans,"[0.4532, 0.2158, 0.194, 0.0035, 0.0294, 0.0009, 0.0165, 0.0519]",0.2934
22019,159717,McNeese State University,"[0.6609, 0.0436, 0.1597, 0.0061, 0.0175, 0.0008, 0.0069, 0.0404]",0.4662
22071,159939,University of New Orleans,"[0.4359, 0.1287, 0.2333, 0.0043, 0.091, 0.001, 0.0282, 0.0524]",0.2728
22071,159948,New Orleans Baptist Theological Seminary,"[0.4806, 0.1049, 0.1573, 0.0012, 0.0237, 0.0, 0.226, 0.005]",0.3184
22057,159966,Nicholls State University,"[0.6641, 0.0555, 0.1778, 0.0258, 0.0154, 0.0008, 0.0181, 0.0281]",0.4777
22073,159993,University of Louisiana at Monroe,"[0.6051, 0.0306, 0.2309, 0.0036, 0.0151, 0.0004, 0.032, 0.027]",0.4224
22069,160038,Northwestern State University of Louisiana,"[0.535, 0.0662, 0.2957, 0.0131, 0.0098, 0.0008, 0.0133, 0.0466]",0.3807
22071,160065,University of Holy Cross,"[0.4374, 0.1341, 0.2615, 0.0044, 0.0396, 0.0022, 0.0659, 0.0549]",0.2866
22033,160074,Franciscan Missionaries of Our Lady University,"[0.6505, 0.0652, 0.2287, 0.013, 0.0308, 0.0012, 0.0107, 0.0]",0.4809
22103,160409,Saint Joseph Seminary College,"[0.5377, 0.1887, 0.0, 0.0283, 0.1038, 0.0, 0.1038, 0.0377]",0.3485
22105,160612,Southeastern Louisiana University,"[0.6627, 0.0723, 0.1976, 0.0019, 0.0096, 0.0007, 0.0026, 0.0401]",0.4852
22033,160621,Southern University and A & M College,"[0.0077, 0.0087, 0.946, 0.0019, 0.0023, 0.0002, 0.0135, 0.0153]",0.8955
22071,160630,Southern University at New Orleans,"[0.0201, 0.0122, 0.9309, 0.0009, 0.0017, 0.0, 0.0166, 0.0166]",0.8677
22055,160658,University of Louisiana at Lafayette,"[0.5991, 0.0544, 0.2489, 0.004, 0.0239, 0.0011, 0.022, 0.0391]",0.4264
22071,160755,Tulane University of Louisiana,"[0.6667, 0.0933, 0.0693, 0.0008, 0.0544, 0.0006, 0.0105, 0.0484]",0.4634
22071,160904,Xavier University of Louisiana,"[0.0134, 0.0407, 0.8631, 0.0004, 0.0246, 0.0004, 0.0048, 0.0369]",0.7488
23009,160959,College of the Atlantic,"[0.6317, 0.0618, 0.0054, 0.0, 0.0242, 0.0, 0.0108, 0.0296]",0.4045
23001,160977,Bates College,"[0.6235, 0.0905, 0.0508, 0.0022, 0.0637, 0.0011, 0.0045, 0.0754]",0.4093
23005,161004,Bowdoin College,"[0.5563, 0.1325, 0.0602, 0.001, 0.0932, 0.0016, 0.0031, 0.0885]",0.3472
23011,161086,Colby College,"[0.5607, 0.08, 0.0535, 0.0017, 0.0983, 0.0004, 0.0361, 0.0661]",0.339
23011,161217,University of Maine at Augusta,"[0.8181, 0.0422, 0.0331, 0.0122, 0.0091, 0.0007, 0.0348, 0.0429]",0.6754
23007,161226,University of Maine at Farmington,"[0.8751, 0.037, 0.0247, 0.0041, 0.0049, 0.0008, 0.0197, 0.0329]",0.7693
23003,161235,University of Maine at Fort Kent,"[0.6923, 0.0477, 0.0692, 0.0031, 0.0154, 0.0046, 0.0262, 0.0415]",0.489
23019,161253,University of Maine,"[0.8303, 0.0506, 0.0171, 0.0078, 0.0171, 0.0003, 0.0159, 0.0374]",0.6943
23009,161299,Maine Maritime Academy,"[0.833, 0.0446, 0.0217, 0.0114, 0.016, 0.0, 0.0469, 0.0183]",0.6993
23003,161341,University of Maine at Presque Isle,"[0.6855, 0.0655, 0.0709, 0.0127, 0.0145, 0.0018, 0.0309, 0.0336]",0.4817
23031,161457,University of New England,"[0.864, 0.0335, 0.0145, 0.0013, 0.0299, 0.0013, 0.0233, 0.029]",0.7501
23005,161509,Maine College of Art & Design,"[0.75, 0.0263, 0.0263, 0.0026, 0.0474, 0.0, 0.0658, 0.0816]",0.5771
23005,161518,Saint Joseph's College of Maine,"[0.8089, 0.0509, 0.0374, 0.0021, 0.0104, 0.0021, 0.0592, 0.0291]",0.6628
23005,161554,University of Southern Maine,"[0.7682, 0.0451, 0.078, 0.0065, 0.0257, 0.0009, 0.0257, 0.0342]",0.6008
23011,161563,Thomas College,"[0.8172, 0.0238, 0.0357, 0.0015, 0.0059, 0.0, 0.0342, 0.0431]",0.6727
23005,161572,Unity Environmental University,"[0.7127, 0.1057, 0.0484, 0.0133, 0.0101, 0.0024, 0.0582, 0.0484]",0.5275
24510,161873,University of Baltimore,"[0.2791, 0.097, 0.4782, 0.0022, 0.0444, 0.0015, 0.0222, 0.054]",0.3214
24033,162007,Bowie State University,"[0.0253, 0.0524, 0.8289, 0.0026, 0.0123, 0.0015, 0.0253, 0.0371]",0.6926
24033,162061,Capitol Technology University,"[0.2872, 0.0507, 0.2331, 0.0, 0.0676, 0.0, 0.3176, 0.0304]",0.2458
24031,162210,Washington Adventist University,"[0.0441, 0.2665, 0.4589, 0.002, 0.0301, 0.002, 0.0782, 0.0301]",0.2915
24510,162283,Coppin State University,"[0.0123, 0.0316, 0.8191, 0.0041, 0.0059, 0.0012, 0.0474, 0.017]",0.6747
24001,162584,Frostburg State University,"[0.5769, 0.0668, 0.2655, 0.0028, 0.0164, 0.0017, 0.0077, 0.0539]",0.411
24005,162654,Goucher College,"[0.5087, 0.0459, 0.264, 0.0071, 0.051, 0.0, 0.0887, 0.0031]",0.3411
24021,162760,Hood College,"[0.5516, 0.121, 0.1717, 0.0, 0.0355, 0.0008, 0.0415, 0.0609]",0.3551
24510,162928,Johns Hopkins University,"[0.2063, 0.204, 0.0925, 0.0009, 0.2665, 0.0002, 0.0145, 0.0672]",0.1685
24510,163046,Loyola University Maryland,"[0.6557, 0.1358, 0.1033, 0.001, 0.0363, 0.001, 0.006, 0.0446]",0.4624
24033,163204,University of Maryland Global Campus,"[0.3528, 0.1716, 0.2644, 0.0048, 0.053, 0.008, 0.0821, 0.0484]",0.2358
24510,163259,University of Maryland Baltimore,"[0.3232, 0.1151, 0.2563, 0.0, 0.2008, 0.0, 0.0115, 0.0533]",0.2267
24005,163268,University of Maryland-Baltimore County,"[0.3232, 0.0928, 0.229, 0.0009, 0.2335, 0.0006, 0.0146, 0.0587]",0.2237
24033,163286,University of Maryland-College Park,"[0.4189, 0.1038, 0.1268, 0.0011, 0.2252, 0.0005, 0.0431, 0.0484]",0.2572
24510,163295,Maryland Institute College of Art,"[0.339, 0.1035, 0.1042, 0.0, 0.1071, 0.0, 0.0378, 0.0721]",0.1546
24039,163338,University of Maryland Eastern Shore,"[0.0874, 0.0432, 0.7603, 0.0064, 0.0144, 0.0, 0.0139, 0.0464]",0.5902
24510,163453,Morgan State University,"[0.0084, 0.0482, 0.711, 0.0013, 0.0026, 0.0004, 0.1294, 0.0278]",0.5254
24021,163462,Mount St. Mary's University,"[0.5373, 0.1398, 0.1897, 0.0044, 0.028, 0.0033, 0.0126, 0.0455]",0.3473
24005,163532,Ner Israel Rabbinical College,"[0.9106, 0.0, 0.0, 0.0, 0.0, 0.0, 0.0, 0.0]",0.8292
24510,163578,Notre Dame of Maryland University,"[0.2965, 0.1356, 0.2808, 0.0016, 0.0615, 0.0, 0.1751, 0.0426]",0.2214
24045,163851,Salisbury University,"[0.6976, 0.0672, 0.1336, 0.0044, 0.0329, 0.001, 0.0182, 0.0368]",0.5118
24037,163912,St. Mary's College of Maryland,"[0.6938, 0.0867, 0.1152, 0.0007, 0.0359, 0.0054, 0.0081, 0.0515]",0.5062
24003,163976,St. John's College,"[0.6732, 0.0563, 0.0216, 0.0, 0.0411, 0.0, 0.0108, 0.0584]",0.4621
24005,164076,Towson University,"[0.4423, 0.1026, 0.3053, 0.001, 0.068, 0.0005, 0.0105, 0.0552]",0.3071
24003,164155,United States Naval Academy,"[0.5919, 0.1366, 0.06, 0.0013, 0.0885, 0.0029, 0.0106, 0.0951]",0.3896
24005,164173,Stevenson University,"[0.5005, 0.1004, 0.2776, 0.0023, 0.0366, 0.0003, 0.0178, 0.054]",0.3422
24029,164216,Washington College,"[0.6449, 0.0866, 0.1155, 0.0053, 0.0332, 0.0021, 0.0834, 0.0]",0.4448
24013,164270,McDaniel College,"[0.5332, 0.0973, 0.2511, 0.0023, 0.0206, 0.0006, 0.0257, 0.0463]",0.3601
25017,164368,Hult International Business School,"[0.0103, 0.0411, 0.0117, 0.0015, 0.0044, 0.0015, 0.173, 0.0]",0.0319
25013,164447,American International College,"[0.3494, 0.2373, 0.2653, 0.0026, 0.014, 0.0158, 0.0324, 0.0412]",0.252
25015,164465,Amherst College,"[0.3815, 0.1586, 0.108, 0.0021, 0.1391, 0.0021, 0.019, 0.0748]",0.2077
25027,164492,Anna Maria College,"[0.5348, 0.1221, 0.1231, 0.0071, 0.0131, 0.001, 0.109, 0.0161]",0.3284
25027,164562,Assumption University,"[0.7411, 0.1032, 0.0549, 0.0018, 0.0268, 0.0, 0.0239, 0.0364]",0.5655
25021,164580,Babson College,"[0.3119, 0.1558, 0.0443, 0.0011, 0.1322, 0.0, 0.0413, 0.0247]",0.1433
25025,164614,Boston Baptist College,"[0.7692, 0.1282, 0.0769, 0.0, 0.0256, 0.0, 0.0, 0.0]",0.6147
25013,164632,Bay Path University,"[0.4513, 0.2383, 0.1251, 0.0008, 0.0238, 0.0, 0.1489, 0.0079]",0.2989
25017,164739,Bentley University,"[0.5705, 0.1125, 0.0405, 0.0017, 0.0963, 0.0002, 0.0115, 0.0307]",0.3501
25025,164748,Berklee College of Music,"[0.4057, 0.1187, 0.0596, 0.0015, 0.0565, 0.0016, 0.0134, 0.0498]",0.1881
25025,164872,Boston Architectural College,"[0.3938, 0.1737, 0.0618, 0.0039, 0.0541, 0.0, 0.0811, 0.027]",0.1993
25021,164924,Boston College,"[0.5841, 0.112, 0.0498, 0.0012, 0.1141, 0.0004, 0.0326, 0.0337]",0.3714
25025,164988,Boston University,"[0.3333, 0.1077, 0.0498, 0.0003, 0.1979, 0.0008, 0.0388, 0.0461]",0.168
25017,165015,Brandeis University,"[0.4242, 0.0814, 0.0599, 0.0005, 0.1709, 0.0005, 0.0237, 0.0283]",0.2207
25023,165024,Bridgewater State University,"[0.7033, 0.0948, 0.1092, 0.001, 0.021, 0.0005, 0.0049, 0.0609]",0.5197
25025,165167,Cambridge College,"[0.3125, 0.3125, 0.2805, 0.003, 0.0274, 0.0, 0.0015, 0.0213]",0.2752
25027,165334,Clark University,"[0.6251, 0.1016, 0.047, 0.0008, 0.0677, 0.0008, 0.0487, 0.0415]",0.412
25021,165529,Curry College,"[0.6425, 0.0953, 0.1341, 0.0017, 0.0238, 0.0011, 0.0576, 0.0299]",0.4447
25021,165574,Dean College,"[0.6127, 0.1169, 0.1237, 0.0034, 0.0144, 0.0, 0.0593, 0.0441]",0.41
25021,165644,Eastern Nazarene College,"[0.3873, 0.2108, 0.1593, 0.0025, 0.0221, 0.0, 0.0049, 0.0392]",0.2219
25025,165662,Emerson College,"[0.5541, 0.1138, 0.0485, 0.0002, 0.0552, 0.0005, 0.0183, 0.0458]",0.3278
25025,165671,Emmanuel College,"[0.6776, 0.1229, 0.0636, 0.0005, 0.0474, 0.0016, 0.0512, 0.0286]",0.484
25009,165699,Endicott College,"[0.8479, 0.0504, 0.0147, 0.0007, 0.0147, 0.0003, 0.0363, 0.0247]",0.7238
25025,165802,Fisher College,"[0.1963, 0.1768, 0.1247, 0.0009, 0.0168, 0.0009, 0.3625, 0.0203]",0.2174
25027,165820,Fitchburg State University,"[0.6245, 0.158, 0.1271, 0.0024, 0.0292, 0.0003, 0.0285, 0.0247]",0.4334
25017,165866,Framingham State University,"[0.5468, 0.1954, 0.1696, 0.0018, 0.0336, 0.0, 0.007, 0.0402]",0.3687
25009,165936,Gordon College,"[0.6096, 0.1211, 0.0598, 0.0, 0.0335, 0.0024, 0.0382, 0.0287]",0.3933
25015,166018,Hampshire College,"[0.5663, 0.1465, 0.0733, 0.004, 0.0158, 0.0, 0.0455, 0.0812]",0.3565
25017,166027,Harvard University,"[0.3491, 0.1174, 0.0896, 0.0028, 0.2121, 0.0018, 0.0253, 0.073]",0.1946
25021,166054,Hellenic College-Holy Cross Greek Orthodox School of Theology,"[0.7742, 0.0323, 0.0323, 0.0, 0.0645, 0.0, 0.0645, 0.0]",0.6098
25027,166124,College of the Holy Cross,"[0.7129, 0.1179, 0.0389, 0.0003, 0.0392, 0.0003, 0.0294, 0.0323]",0.5271
25017,166391,Lasell University,"[0.6254, 0.1383, 0.106, 0.0, 0.0316, 0.0008, 0.0485, 0.0324]",0.4259
25017,166452,Lesley University,"[0.5427, 0.1764, 0.0853, 0.0036, 0.0519, 0.0007, 0.059, 0.0455]",0.3412
25017,166513,University of Massachusetts-Lowell,"[0.5386, 0.1423, 0.0833, 0.0009, 0.1389, 0.0006, 0.0355, 0.0329]",0.3389
25015,166629,University of Massachusetts-Amherst,"[0.5931, 0.0844, 0.0463, 0.0007, 0.1279, 0.0006, 0.0344, 0.0406]",0.3802
25025,166638,University of Massachusetts-Boston,"[0.3294, 0.1942, 0.1791, 0.0006, 0.1594, 0.0004, 0.0362, 0.0381]",0.2065
25025,166656,MCPHS University,"[0.3363, 0.1193, 0.117, 0.002, 0.1995, 0.0, 0.0754, 0.012]",0.1867
25025,166674,Massachusetts College of Art and Design,"[0.522, 0.146, 0.0354, 0.0011, 0.0702, 0.0011, 0.1278, 0.0513]",0.3189
25017,166683,Massachusetts Institute of Technology,"[0.2208, 0.1481, 0.0781, 0.0017, 0.3409, 0.0004, 0.0254, 0.0744]",0.1992
25001,166692,Massachusetts Maritime Academy,"[0.8314, 0.0514, 0.0083, 0.0121, 0.0098, 0.0008, 0.0567, 0.0204]",0.6978
25017,166717,William James College,"[0.5, 0.075, 0.375, 0.0, 0.025, 0.0, 0.025, 0.0]",0.3975
25009,166850,Merrimack College,"[0.7843, 0.0891, 0.0396, 0.0012, 0.0155, 0.0002, 0.0256, 0.0244]",0.6261
25025,166869,MGH Institute of Health Professions,"[0.6643, 0.1, 0.0786, 0.0, 0.1143, 0.0, 0.0071, 0.0357]",0.4719
25009,166911,Montserrat College of Art,"[0.5326, 0.1237, 0.0344, 0.0103, 0.0241, 0.0034, 0.2199, 0.0378]",0.3506
25015,166939,Mount Holyoke College,"[0.5066, 0.0852, 0.0499, 0.0009, 0.0673, 0.0009, 0.011, 0.0467]",0.2732
25025,167057,The New England Conservatory of Music,"[0.3912, 0.0303, 0.0193, 0.0, 0.124, 0.0, 0.0055, 0.0468]",0.1719
25027,167260,Nichols College,"[0.7027, 0.1125, 0.1022, 0.0009, 0.012, 0.0009, 0.0034, 0.0361]",0.5183
25003,167288,Massachusetts College of Liberal Arts,"[0.6816, 0.1066, 0.1079, 0.0026, 0.0263, 0.0026, 0.0329, 0.0395]",0.4909
25025,167358,Northeastern University,"[0.4226, 0.1138, 0.0554, 0.0006, 0.194, 0.0002, 0.0129, 0.0649]",0.2366
25013,167394,College of Our Lady of the Elms,"[0.5104, 0.1902, 0.1126, 0.0022, 0.0317, 0.0, 0.1158, 0.0295]",0.3247
25017,167598,Regis College,"[0.4466, 0.1927, 0.1023, 0.0018, 0.0311, 0.0009, 0.21, 0.0073]",0.2922
25025,167677,Saint John's Seminary,"[0.8824, 0.1176, 0.0, 0.0, 0.0, 0.0, 0.0, 0.0]",0.7925
25009,167729,Salem State University,"[0.5719, 0.2173, 0.0936, 0.0011, 0.0292, 0.0004, 0.0224, 0.0346]",0.3856
25025,167783,Simmons University,"[0.5218, 0.1489, 0.0929, 0.0006, 0.117, 0.0, 0.0689, 0.0308]",0.3225
25015,167835,Smith College,"[0.5109, 0.1225, 0.0541, 0.0008, 0.0958, 0.0016, 0.0151, 0.0581]",0.2917
25013,167899,Springfield College,"[0.7313, 0.0934, 0.0534, 0.0045, 0.0255, 0.0015, 0.0485, 0.005]",0.5494
25005,167987,University of Massachusetts-Dartmouth,"[0.58, 0.1247, 0.176, 0.0011, 0.0345, 0.0006, 0.0201, 0.0508]",0.3871
25005,167996,Stonehill College,"[0.7762, 0.0706, 0.0519, 0.0012, 0.0268, 0.0, 0.0268, 0.0308]",0.6126
25025,168005,Suffolk University,"[0.4913, 0.1614, 0.0775, 0.0014, 0.0721, 0.0005, 0.0264, 0.037]",0.2807
25017,168148,Tufts University,"[0.446, 0.0989, 0.0605, 0.0004, 0.1567, 0.0007, 0.0387, 0.0731]",0.2438
25021,168218,Wellesley College,"[0.3255, 0.1513, 0.0761, 0.0013, 0.2261, 0.0021, 0.0025, 0.0705]",0.1907
25025,168227,Wentworth Institute of Technology,"[0.5831, 0.1226, 0.0751, 0.0011, 0.0956, 0.0006, 0.0441, 0.0287]",0.3726
25013,168254,Western New England University,"[0.7306, 0.1028, 0.0537, 0.0008, 0.0291, 0.0008, 0.0341, 0.0304]",0.5502
25013,168263,Westfield State University,"[0.7141, 0.1219, 0.0588, 0.0035, 0.0222, 0.0003, 0.039, 0.0344]",0.5315
25005,168281,Wheaton College (Massachusetts),"[0.7084, 0.069, 0.0557, 0.0012, 0.0405, 0.0, 0.0363, 0.046]",0.5148
25003,168342,Williams College,"[0.478, 0.1268, 0.05, 0.0, 0.1356, 0.0005, 0.0444, 0.0767]",0.2733
25027,168421,Worcester Polytechnic Institute,"[0.6459, 0.0876, 0.0278, 0.0004, 0.1193, 0.0004, 0.0122, 0.0369]",0.4414
25027,168430,Worcester State University,"[0.634, 0.1543, 0.0845, 0.0027, 0.0537, 0.0, 0.0241, 0.033]",0.4375
26091,168528,Adrian College,"[0.6132, 0.0622, 0.0735, 0.0012, 0.0077, 0.0047, 0.1434, 0.0344]",0.4071
26025,168546,Albion College,"[0.5599, 0.1204, 0.1654, 0.0035, 0.0152, 0.0, 0.0727, 0.0353]",0.3621
26057,168591,Alma College,"[0.8118, 0.0442, 0.0393, 0.0033, 0.0106, 0.0016, 0.0295, 0.0336]",0.6646
26021,168740,Andrews University,"[0.2322, 0.193, 0.1745, 0.0008, 0.1241, 0.0056, 0.0176, 0.0689]",0.1421
26081,168786,Aquinas College,"[0.7127, 0.0768, 0.0271, 0.0009, 0.0208, 0.0018, 0.0659, 0.0425]",0.5212
26155,168847,Baker College,"[0.757, 0.0402, 0.096, 0.0046, 0.0198, 0.0006, 0.0105, 0.0712]",0.5895
26081,169080,Calvin University,"[0.7031, 0.0388, 0.0452, 0.0011, 0.0477, 0.0, 0.0092, 0.0268]",0.501
26073,169248,Central Michigan University,"[0.7606, 0.0527, 0.0968, 0.0084, 0.0136, 0.0011, 0.0109, 0.0386]",0.5925
26093,169327,Cleary University,"[0.2179, 0.0237, 0.0293, 0.0028, 0.0056, 0.0, 0.6746, 0.0]",0.504
26161,169363,Concordia University Ann Arbor,"[0.7319, 0.0558, 0.1044, 0.0024, 0.0071, 0.0, 0.0297, 0.0451]",0.5527
26163,169442,College for Creative Studies,"[0.5657, 0.0509, 0.1238, 0.0015, 0.0509, 0.003, 0.0782, 0.0607]",0.3503
26081,169479,Davenport University,"[0.6471, 0.0753, 0.1205, 0.005, 0.0255, 0.0029, 0.0481, 0.0363]",0.4432
26163,169716,University of Detroit Mercy,"[0.5573, 0.0754, 0.1154, 0.0052, 0.0732, 0.0, 0.0818, 0.0125]",0.3418
26161,169798,Eastern Michigan University,"[0.5737, 0.096, 0.1712, 0.0024, 0.0329, 0.0012, 0.0518, 0.0447]",0.3734
26107,169910,Ferris State University,"[0.754, 0.0679, 0.0908, 0.0074, 0.0142, 0.0007, 0.02, 0.0328]",0.5831
26049,169983,Kettering University,"[0.7766, 0.0421, 0.0328, 0.0007, 0.065, 0.0007, 0.0164, 0.0421]",0.6122
26081,170000,Grace Christian University,"[0.5165, 0.0759, 0.2681, 0.0073, 0.022, 0.0037, 0.0624, 0.0428]",0.3507
26081,170037,Cornerstone University,"[0.7448, 0.0615, 0.0658, 0.0022, 0.021, 0.0, 0.0029, 0.0268]",0.564
26139,170082,Grand Valley State University,"[0.7937, 0.0679, 0.0528, 0.0032, 0.0282, 0.0005, 0.0047, 0.0362]",0.6395
26045,170091,Great Lakes Christian College,"[0.5455, 0.0379, 0.3485, 0.0152, 0.0076, 0.0, 0.0, 0.0076]",0.4208
26059,170286,Hillsdale College,"[0.0, 0.0, 0.0, 0.0, 0.0, 0.0, 1.0, 0.0]",1.0
26139,170301,Hope College,"[0.7888, 0.0756, 0.0356, 0.0013, 0.0233, 0.0003, 0.0142, 0.034]",0.6311
26077,170532,Kalamazoo College,"[0.6107, 0.1644, 0.0487, 0.0017, 0.0596, 0.0, 0.0243, 0.0495]",0.4089
26033,170639,Lake Superior State University,"[0.3481, 0.0082, 0.0061, 0.0504, 0.0061, 0.0, 0.5749, 0.0]",0.4544
26125,170675,Lawrence Technological University,"[0.6363, 0.0402, 0.1003, 0.0021, 0.0333, 0.0016, 0.0338, 0.029]",0.4197
26163,170806,Madonna University,"[0.6302, 0.0467, 0.111, 0.0035, 0.0278, 0.0012, 0.0266, 0.036]",0.4144
26125,170967,Rochester University,"[0.6097, 0.0413, 0.1875, 0.0083, 0.0189, 0.0071, 0.0672, 0.0248]",0.4142
26161,170976,University of Michigan-Ann Arbor,"[0.5114, 0.0831, 0.041, 0.0012, 0.1801, 0.0006, 0.0483, 0.0507]",0.3075
26065,171100,Michigan State University,"[0.6732, 0.0602, 0.0663, 0.0024, 0.0774, 0.0007, 0.0218, 0.0408]",0.4694
26061,171128,Michigan Technological University,"[0.8464, 0.0291, 0.0098, 0.0046, 0.022, 0.0002, 0.0424, 0.0375]",0.721
26163,171137,University of Michigan-Dearborn,"[0.6614, 0.0681, 0.0802, 0.0015, 0.0928, 0.0003, 0.0179, 0.048]",0.4598
26049,171146,University of Michigan-Flint,"[0.691, 0.0608, 0.1338, 0.0084, 0.0246, 0.0012, 0.0295, 0.033]",0.5017
26103,171456,Northern Michigan University,"[0.8562, 0.0403, 0.0165, 0.0142, 0.0079, 0.0, 0.018, 0.0372]",0.7369
26111,171492,Northwood University,"[0.6923, 0.0691, 0.0848, 0.0031, 0.0199, 0.0005, 0.0754, 0.034]",0.4985
26125,171571,Oakland University,"[0.7017, 0.0483, 0.0903, 0.002, 0.06, 0.001, 0.0372, 0.0413]",0.5096
26045,171599,The University of Olivet,"[0.6671, 0.0733, 0.1793, 0.0012, 0.007, 0.0, 0.0081, 0.0617]",0.4865
26081,171881,Kuyper College,"[0.641, 0.0256, 0.1026, 0.0, 0.0513, 0.0128, 0.0256, 0.0385]",0.427
26017,172051,Saginaw Valley State University,"[0.7678, 0.0528, 0.0781, 0.0035, 0.0108, 0.0002, 0.0225, 0.0345]",0.6002
26091,172264,Siena Heights University,"[0.6326, 0.0759, 0.1145, 0.0051, 0.0097, 0.0013, 0.0946, 0.0328]",0.4292
26075,172334,Spring Arbor University,"[0.7532, 0.0509, 0.0519, 0.0029, 0.0098, 0.001, 0.0715, 0.0294]",0.5787
26125,172608,Walsh College,"[0.7909, 0.0299, 0.058, 0.0018, 0.051, 0.0018, 0.0176, 0.0176]",0.633
26163,172644,Wayne State University,"[0.5531, 0.0694, 0.158, 0.0025, 0.1339, 0.0004, 0.0209, 0.0418]",0.3558
26077,172699,Western Michigan University,"[0.691, 0.0841, 0.084, 0.0034, 0.0241, 0.0005, 0.0195, 0.0404]",0.4942
27053,172866,Academy College,"[0.3592, 0.0097, 0.0291, 0.0, 0.0194, 0.0097, 0.5631, 0.0097]",0.4476
27053,173045,Augsburg University,"[0.3787, 0.1324, 0.2532, 0.0124, 0.1127, 0.0013, 0.0257, 0.0613]",0.2423
27007,173124,Bemidji State University,"[0.8045, 0.0336, 0.0279, 0.0358, 0.0169, 0.0006, 0.0063, 0.0565]",0.6539
27013,173142,Bethany Lutheran College,"[0.6271, 0.0624, 0.0343, 0.0062, 0.0218, 0.0, 0.0078, 0.0421]",0.4007
27123,173160,Bethel University,"[0.7722, 0.0703, 0.0536, 0.0048, 0.0469, 0.0019, 0.0081, 0.0388]",0.6079
27131,173258,Carleton College,"[0.5237, 0.0957, 0.0673, 0.001, 0.1001, 0.0005, 0.0254, 0.0862]",0.306
27027,173300,Concordia College at Moorhead,"[0.7706, 0.0333, 0.04, 0.0083, 0.0278, 0.0011, 0.0306, 0.0206]",0.5987
27123,173328,Concordia University-Saint Paul,"[0.5518, 0.0975, 0.1449, 0.0051, 0.1087, 0.0022, 0.0254, 0.05]",0.35
27015,173452,Martin Luther College,"[0.9225, 0.01, 0.0086, 0.0014, 0.0057, 0.0014, 0.0, 0.0316]",0.8522
27103,173647,Gustavus Adolphus College,"[0.7941, 0.0493, 0.0295, 0.001, 0.0333, 0.001, 0.0082, 0.0406]",0.6367
27123,173665,Hamline University,"[0.5633, 0.1238, 0.1198, 0.0052, 0.0865, 0.0017, 0.0292, 0.063]",0.3593
27123,173902,Macalester College,"[0.5374, 0.1021, 0.0587, 0.0023, 0.0758, 0.0083, 0.0042, 0.0836]",0.3155
27013,173920,Minnesota State University-Mankato,"[0.7132, 0.0565, 0.0587, 0.0026, 0.0368, 0.0003, 0.0048, 0.033]",0.5178
27123,174020,Metropolitan State University,"[0.388, 0.0695, 0.2954, 0.0056, 0.1706, 0.0006, 0.0062, 0.039]",0.2733
27053,174066,University of Minnesota-Twin Cities,"[0.6112, 0.058, 0.0792, 0.0031, 0.1242, 0.0006, 0.0172, 0.0475]",0.4012
27119,174075,University of Minnesota-Crookston,"[0.7354, 0.0551, 0.0578, 0.0087, 0.0383, 0.0, 0.0228, 0.0376]",0.5507
27053,174127,Minneapolis College of Art and Design,"[0.6415, 0.1074, 0.0479, 0.016, 0.074, 0.0, 0.0189, 0.0668]",0.4359
27053,174154,Herzing University-Minneapolis,"[0.4418, 0.0743, 0.2537, 0.0012, 0.1139, 0.0037, 0.073, 0.0384]",0.2849
27137,174233,University of Minnesota-Duluth,"[0.8352, 0.0383, 0.0237, 0.0055, 0.0344, 0.0003, 0.0132, 0.0386]",0.7025
27149,174251,University of Minnesota-Morris,"[0.541, 0.0654, 0.0313, 0.1309, 0.0156, 0.0, 0.0098, 0.1826]",0.3488
27027,174358,Minnesota State University Moorhead,"[0.7932, 0.0456, 0.0497, 0.0081, 0.0165, 0.0009, 0.0052, 0.0448]",0.6361
27053,174437,North Central University,"[0.6372, 0.1439, 0.0822, 0.0097, 0.052, 0.0, 0.0145, 0.0472]",0.4387
27123,174491,University of Northwestern-St Paul,"[0.787, 0.0529, 0.0483, 0.0, 0.039, 0.0, 0.0073, 0.0437]",0.628
27007,174525,Oak Hills Christian College,"[0.6484, 0.0, 0.1319, 0.0769, 0.022, 0.022, 0.0, 0.0659]",0.449
27145,174747,College of Saint Benedict,"[0.8095, 0.0952, 0.0273, 0.0035, 0.0343, 0.0014, 0.0, 0.0]",0.6663
27145,174783,Saint Cloud State University,"[0.6263, 0.0504, 0.1121, 0.0026, 0.0519, 0.0004, 0.0046, 0.0345]",0.4113
27145,174792,Saint Johns University,"[0.8041, 0.0693, 0.042, 0.0113, 0.038, 0.0027, 0.0, 0.0007]",0.6547
27169,174817,Saint Mary's University of Minnesota,"[0.6315, 0.1037, 0.0731, 0.013, 0.0259, 0.0009, 0.1194, 0.0065]",0.43
27131,174844,St Olaf College,"[0.6711, 0.0878, 0.0338, 0.001, 0.058, 0.0, 0.006, 0.0394]",0.4642
27053,174862,Crown College,"[0.7147, 0.0885, 0.0674, 0.0053, 0.0396, 0.0, 0.0145, 0.0317]",0.526
27137,174899,The College of Saint Scholastica,"[0.7869, 0.036, 0.0444, 0.0159, 0.0264, 0.0011, 0.0344, 0.0222]",0.6251
27123,174914,University of St Thomas,"[0.6883, 0.084, 0.0579, 0.0012, 0.0501, 0.0007, 0.039, 0.0399]",0.4898
27123,175005,St Catherine University,"[0.5313, 0.1273, 0.1392, 0.0043, 0.1264, 0.0034, 0.02, 0.0438]",0.3362
27083,175078,Southwest Minnesota State University,"[0.7019, 0.0762, 0.0849, 0.0036, 0.0251, 0.001, 0.0199, 0.0322]",0.5078
27169,175272,Winona State University,"[0.8262, 0.0434, 0.0324, 0.0025, 0.0365, 0.0004, 0.004, 0.0364]",0.6882
28063,175342,Alcorn State University,"[0.0209, 0.0094, 0.9505, 0.0034, 0.0004, 0.006, 0.0, 0.0]",0.904
28049,175421,Belhaven University,"[0.3833, 0.0403, 0.4293, 0.0078, 0.0057, 0.0007, 0.0813, 0.0382]",0.341
28139,175430,Blue Mountain Christian University,"[0.6722, 0.0519, 0.137, 0.0093, 0.0019, 0.0, 0.0037, 0.0259]",0.4741
28011,175616,Delta State University,"[0.5403, 0.0258, 0.3571, 0.0018, 0.0037, 0.0, 0.0197, 0.0184]",0.4209
28049,175856,Jackson State University,"[0.0177, 0.0043, 0.9507, 0.0031, 0.0016, 0.0018, 0.0, 0.0067]",0.9042
28049,175980,Millsaps College,"[0.5949, 0.0434, 0.2701, 0.0032, 0.0273, 0.0016, 0.0241, 0.0096]",0.4302
28071,176017,University of Mississippi,"[0.7835, 0.0491, 0.1078, 0.0033, 0.0202, 0.0008, 0.0003, 0.0249]",0.6289
28087,176035,Mississippi University for Women,"[0.5509, 0.0065, 0.4086, 0.0147, 0.0112, 0.0012, 0.0, 0.0]",0.4708
28083,176044,Mississippi Valley State University,"[0.0205, 0.0137, 0.9136, 0.0017, 0.0026, 0.0043, 0.0385, 0.0051]",0.8368
28049,176053,Mississippi College,"[0.6821, 0.0357, 0.1673, 0.0029, 0.0205, 0.0, 0.0286, 0.0253]",0.4964
28105,176080,Mississippi State University,"[0.7435, 0.0386, 0.1538, 0.0052, 0.016, 0.0005, 0.0059, 0.0258]",0.5789
28093,176318,Rust College,"[0.0027, 0.0055, 0.9713, 0.0, 0.0, 0.0, 0.0, 0.0]",0.9435
28035,176372,University of Southern Mississippi,"[0.5935, 0.0418, 0.2856, 0.0043, 0.0162, 0.0012, 0.0003, 0.0384]",0.4373
28049,176406,Tougaloo College,"[0.0055, 0.024, 0.878, 0.0018, 0.0, 0.0, 0.0665, 0.0222]",0.7764
28035,176479,William Carey University,"[0.6027, 0.0265, 0.281, 0.0023, 0.0107, 0.0, 0.0198, 0.0]",0.4434
29095,176628,Avila University,"[0.4664, 0.174, 0.2711, 0.0107, 0.0181, 0.0053, 0.0, 0.0299]",0.3227
29077,176664,Mission University,"[0.8686, 0.0182, 0.0438, 0.0146, 0.0109, 0.0, 0.0, 0.0438]",0.759
29077,176770,Cox College,"[0.8417, 0.0473, 0.0118, 0.0059, 0.0178, 0.0, 0.0325, 0.0429]",0.7141
29095,176789,Calvary University,"[0.797, 0.0644, 0.0792, 0.0, 0.0099, 0.0, 0.0099, 0.0347]",0.647
29175,176910,Central Christian College of the Bible,"[0.5649, 0.0714, 0.1104, 0.0065, 0.026, 0.0, 0.2013, 0.013]",0.3778
29089,176947,Central Methodist University-College of Liberal Arts and Sciences,"[0.6294, 0.0838, 0.108, 0.0037, 0.0093, 0.0, 0.0168, 0.0577]",0.4185
29101,176965,University of Central Missouri,"[0.7728, 0.066, 0.0818, 0.0035, 0.0115, 0.0015, 0.0057, 0.0444]",0.6104
20091,177038,Cleveland University-Kansas City,"[0.7556, 0.0667, 0.0444, 0.0222, 0.0111, 0.0, 0.0889, 0.0111]",0.586
29019,177065,Columbia College,"[0.5366, 0.115, 0.2125, 0.0055, 0.0217, 0.0035, 0.0157, 0.0643]",0.3512
29147,177083,Conception Seminary College,"[0.56, 0.24, 0.08, 0.0, 0.08, 0.0, 0.0, 0.04]",0.3856
29217,177117,Cottey College,"[0.717, 0.119, 0.0514, 0.0193, 0.0129, 0.0032, 0.0, 0.0161]",0.5317
29111,177144,Culver-Stockton College,"[0.6827, 0.0749, 0.1475, 0.0094, 0.0117, 0.0059, 0.0, 0.0258]",0.4944
29077,177214,Drury University,"[0.7516, 0.0197, 0.0292, 0.0161, 0.0256, 0.0051, 0.0621, 0.0263]",0.5716
29077,177339,Evangel University,"[0.7512, 0.0706, 0.049, 0.0104, 0.0104, 0.004, 0.0401, 0.049]",0.5759
29189,177418,Fontbonne University,"[0.6243, 0.0165, 0.2485, 0.003, 0.0165, 0.0015, 0.024, 0.0524]",0.4554
29127,177542,Hannibal-LaGrange University,"[0.7204, 0.0428, 0.0932, 0.0, 0.0126, 0.0, 0.0403, 0.0151]",0.5315
29510,177551,Harris-Stowe State University,"[0.0343, 0.025, 0.7978, 0.0, 0.0056, 0.0009, 0.0455, 0.0417]",0.6421
29510,177719,Barnes-Jewish College Goldfarb School of Nursing,"[0.6867, 0.0506, 0.1494, 0.0024, 0.0434, 0.0024, 0.0145, 0.0482]",0.5009
29095,177746,Kansas City Art Institute,"[0.6177, 0.1469, 0.0816, 0.0082, 0.0449, 0.0, 0.0218, 0.0653]",0.4166
29051,177940,Lincoln University,"[0.2608, 0.0363, 0.5639, 0.003, 0.0053, 0.0008, 0.0325, 0.0454]",0.3905
29183,177968,Lindenwood University,"[0.6317, 0.0478, 0.1379, 0.0041, 0.0182, 0.0069, 0.0465, 0.0264]",0.4236
29189,177986,Logan University,"[0.6736, 0.0313, 0.1042, 0.0035, 0.0694, 0.0035, 0.0486, 0.066]",0.4771
29189,178059,Maryville University of Saint Louis,"[0.6487, 0.0844, 0.1327, 0.0061, 0.0332, 0.0, 0.0367, 0.0325]",0.4491
29047,178208,Midwestern Baptist Theological Seminary,"[0.6883, 0.058, 0.0614, 0.0125, 0.0284, 0.0057, 0.1195, 0.0159]",0.4964
29189,178244,Missouri Baptist University,"[0.7374, 0.0053, 0.1293, 0.0146, 0.0166, 0.0027, 0.0411, 0.0099]",0.5628
29097,178341,Missouri Southern State University,"[0.682, 0.0878, 0.0659, 0.0502, 0.029, 0.0062, 0.0311, 0.0213]",0.482
29195,178369,Missouri Valley College,"[0.3388, 0.0977, 0.1363, 0.0047, 0.0142, 0.015, 0.0244, 0.0433]",0.1458
29021,178387,Missouri Western State University,"[0.6758, 0.0186, 0.1362, 0.0099, 0.019, 0.0011, 0.0381, 0.0868]",0.485
29019,178396,University of Missouri-Columbia,"[0.7949, 0.0554, 0.0547, 0.0014, 0.0278, 0.0012, 0.0089, 0.0456]",0.6409
29095,178402,University of Missouri-Kansas City,"[0.5002, 0.1406, 0.1334, 0.0035, 0.1076, 0.0012, 0.0134, 0.0523]",0.3023
29161,178411,Missouri University of Science and Technology,"[0.8014, 0.053, 0.0306, 0.0029, 0.0438, 0.0, 0.0178, 0.0314]",0.6492
29189,178420,University of Missouri-St Louis,"[0.617, 0.0407, 0.1809, 0.0019, 0.0472, 0.0004, 0.0498, 0.0439]",0.4217
29001,178615,Truman State University,"[0.7832, 0.0315, 0.0243, 0.0024, 0.025, 0.0007, 0.0082, 0.0332]",0.6168
29147,178624,Northwest Missouri State University,"[0.8224, 0.0492, 0.0447, 0.003, 0.0071, 0.0013, 0.0143, 0.0355]",0.6823
29097,178679,Ozark Christian College,"[0.8241, 0.067, 0.0201, 0.0168, 0.0151, 0.0, 0.0067, 0.0302]",0.6855
29213,178697,College of the Ozarks,"[0.8582, 0.0452, 0.0122, 0.0074, 0.0128, 0.0007, 0.0149, 0.0331]",0.7402
29165,178721,Park University,"[0.4214, 0.2455, 0.1737, 0.0064, 0.0254, 0.0097, 0.0203, 0.066]",0.2736
29510,178767,Stevens-The Institute of Business & Arts,"[0.3908, 0.0345, 0.5517, 0.0, 0.023, 0.0, 0.0, 0.0]",0.4588
29095,178989,Research College of Nursing,"[0.7137, 0.0441, 0.1278, 0.0044, 0.0264, 0.0, 0.0661, 0.0176]",0.533
29095,179043,Rockhurst University,"[0.6218, 0.1605, 0.0901, 0.004, 0.0375, 0.0017, 0.0214, 0.0393]",0.4239
29510,179159,Saint Louis University,"[0.5998, 0.0814, 0.0827, 0.0018, 0.1364, 0.0004, 0.0079, 0.0524]",0.3946
29510,179265,University of Health Sciences and Pharmacy in St. Louis,"[0.6136, 0.0227, 0.0985, 0.0114, 0.1174, 0.0076, 0.0492, 0.0417]",0.4049
29167,179326,Southwest Baptist University,"[0.7471, 0.0373, 0.0515, 0.0068, 0.0108, 0.002, 0.0942, 0.0285]",0.5721
29019,179548,Stephens College,"[0.6878, 0.0185, 0.0979, 0.0053, 0.0106, 0.0026, 0.045, 0.1005]",0.4953
29031,179557,Southeast Missouri State University,"[0.7635, 0.0347, 0.0893, 0.0019, 0.0084, 0.0003, 0.0218, 0.0322]",0.5937
29077,179566,Missouri State University-Springfield,"[0.7944, 0.049, 0.0347, 0.0032, 0.0195, 0.0013, 0.0313, 0.0377]",0.6375
29189,179867,Washington University in St Louis,"[0.4376, 0.119, 0.0867, 0.001, 0.2013, 0.001, 0.0169, 0.062]",0.2578
29189,179894,Webster University,"[0.6265, 0.0621, 0.1449, 0.0014, 0.035, 0.0009, 0.0405, 0.0474]",0.4225
29027,179946,Westminster College,"[0.7858, 0.0445, 0.0725, 0.0066, 0.0099, 0.0016, 0.0066, 0.0494]",0.6273
29047,179955,William Jewell College,"[0.6371, 0.1068, 0.0801, 0.0085, 0.0218, 0.0024, 0.0206, 0.0898]",0.4328
29027,179964,William Woods University,"[0.6989, 0.0557, 0.0544, 0.0027, 0.0119, 0.0013, 0.1021, 0.0345]",0.5063
30049,180106,Carroll College,"[0.7996, 0.0551, 0.0063, 0.0036, 0.0135, 0.0027, 0.0704, 0.0487]",0.65
30111,180179,Montana State University Billings,"[0.7651, 0.074, 0.0113, 0.0518, 0.0098, 0.0015, 0.0102, 0.0587]",0.5973
30013,180258,University of Providence,"[0.7319, 0.054, 0.0607, 0.032, 0.0371, 0.0202, 0.0354, 0.0]",0.5463
30093,180416,Montana Technological University,"[0.8195, 0.04, 0.0119, 0.014, 0.014, 0.0, 0.0625, 0.0211]",0.6781
30031,180461,Montana State University,"[0.8437, 0.0566, 0.004, 0.0128, 0.0113, 0.0008, 0.0067, 0.0537]",0.7183
30063,180489,The University of Montana,"[0.7489, 0.067, 0.0086, 0.0385, 0.0138, 0.0009, 0.0293, 0.0845]",0.5751
30041,180522,Montana State University-Northern,"[0.6998, 0.038, 0.0245, 0.1887, 0.0061, 0.0025, 0.011, 0.0294]",0.5284
30111,180595,Rocky Mountain College,"[0.7038, 0.0959, 0.0372, 0.0324, 0.0012, 0.006, 0.0036, 0.0707]",0.512
30047,180647,Salish Kootenai College,"[0.2023, 0.0136, 0.0058, 0.7724, 0.0058, 0.0, 0.0, 0.0]",0.6378
30001,180692,The University of Montana-Western,"[0.7912, 0.0391, 0.0116, 0.0699, 0.0025, 0.0058, 0.0399, 0.0383]",0.6356
31153,180814,Bellevue University,"[0.5351, 0.1687, 0.1625, 0.0073, 0.0305, 0.004, 0.0574, 0.0341]",0.3467
31055,180832,Clarkson College,"[0.6704, 0.0634, 0.0808, 0.0016, 0.0412, 0.0016, 0.0317, 0.1094]",0.4747
31109,180878,Bryan College of Health Sciences,"[0.7701, 0.0299, 0.0206, 0.0, 0.0206, 0.0, 0.0187, 0.1402]",0.6148
31045,180948,Chadron State College,"[0.7858, 0.1124, 0.0396, 0.0142, 0.0041, 0.0012, 0.0024, 0.0302]",0.6328
31159,180984,Concordia University-Nebraska,"[0.7592, 0.0501, 0.029, 0.0035, 0.0088, 0.0, 0.0984, 0.0343]",0.5907
31055,181002,Creighton University,"[0.7022, 0.096, 0.0239, 0.0026, 0.0814, 0.0016, 0.0092, 0.0624]",0.5135
31151,181020,Doane University,"[0.7368, 0.1113, 0.0455, 0.002, 0.0162, 0.0, 0.0243, 0.0314]",0.5592
31001,181127,Hastings College,"[0.6732, 0.0991, 0.061, 0.0065, 0.0065, 0.0011, 0.0599, 0.0251]",0.471
31055,181145,CHI Health School of Radiologic Technology,"[0.7083, 0.125, 0.1667, 0.0, 0.0, 0.0, 0.0, 0.0]",0.5451
31019,181215,University of Nebraska at Kearney,"[0.7408, 0.1455, 0.0243, 0.0014, 0.0072, 0.0017, 0.0053, 0.0274]",0.5714
31055,181297,Nebraska Methodist College of Nursing & Allied Health,"[0.7624, 0.0891, 0.052, 0.005, 0.0359, 0.0037, 0.0309, 0.0198]",0.5946
31053,181330,Midland University,"[0.5748, 0.1553, 0.0748, 0.0, 0.0249, 0.0, 0.0914, 0.015]",0.3693
31055,181394,University of Nebraska at Omaha,"[0.614, 0.1692, 0.0759, 0.0031, 0.0499, 0.0012, 0.0069, 0.0457]",0.416
31055,181428,University of Nebraska Medical Center,"[0.7793, 0.1161, 0.0232, 0.0, 0.0232, 0.0, 0.0058, 0.0395]",0.6235
31109,181446,Nebraska Wesleyan University,"[0.781, 0.0928, 0.0314, 0.0033, 0.0261, 0.0007, 0.017, 0.0333]",0.6216
31109,181464,University of Nebraska-Lincoln,"[0.7598, 0.0888, 0.0289, 0.0019, 0.0379, 0.0007, 0.0095, 0.0355]",0.5888
31127,181534,Peru State College,"[0.7127, 0.0851, 0.1137, 0.0084, 0.0084, 0.0017, 0.0067, 0.0438]",0.5302
31055,181604,College of Saint Mary,"[0.5876, 0.2331, 0.0777, 0.0, 0.0199, 0.002, 0.0179, 0.0418]",0.4081
31109,181738,Union Adventist University,"[0.4905, 0.2589, 0.0821, 0.0021, 0.0463, 0.0084, 0.0021, 0.0379]",0.318
31179,181783,Wayne State College,"[0.792, 0.0939, 0.0249, 0.0105, 0.0095, 0.0, 0.0029, 0.0304]",0.6378
31185,181853,York University,"[0.5271, 0.2217, 0.1267, 0.0068, 0.0023, 0.0, 0.0204, 0.0]",0.3435
32003,182281,University of Nevada-Las Vegas,"[0.2419, 0.3434, 0.0915, 0.0026, 0.1596, 0.0085, 0.0037, 0.1313]",0.2276
32031,182290,University of Nevada-Reno,"[0.5187, 0.2415, 0.0339, 0.006, 0.0833, 0.0042, 0.0148, 0.0886]",0.3436
33013,182634,Colby-Sawyer College,"[0.7862, 0.0233, 0.0344, 0.0049, 0.0258, 0.0, 0.0971, 0.0074]",0.63
33009,182670,Dartmouth College,"[0.4751, 0.0972, 0.0603, 0.0113, 0.136, 0.0, 0.0193, 0.068]",0.2624
33005,182795,Franklin Pierce University,"[0.7295, 0.0882, 0.0668, 0.0034, 0.0146, 0.0017, 0.0274, 0.0308]",0.5463
33013,182980,New England College,"[0.4672, 0.1004, 0.1245, 0.0039, 0.0116, 0.001, 0.2336, 0.0309]",0.2995
33013,183026,Southern New Hampshire University,"[0.5106, 0.1293, 0.1596, 0.0057, 0.0203, 0.0037, 0.1322, 0.033]",0.3219
33017,183044,University of New Hampshire-Main Campus,"[0.8529, 0.0398, 0.0082, 0.0006, 0.0278, 0.0001, 0.0345, 0.024]",0.7316
33005,183062,Keene State College,"[0.8372, 0.0532, 0.0164, 0.0033, 0.013, 0.0011, 0.0398, 0.0331]",0.7069
33011,183071,University of New Hampshire at Manchester,"[0.6844, 0.0966, 0.0316, 0.002, 0.0611, 0.002, 0.0907, 0.0296]",0.4916
33009,183080,Plymouth State University,"[0.811, 0.0472, 0.0195, 0.0024, 0.0131, 0.0, 0.0593, 0.0292]",0.6649
33011,183211,Rivier University,"[0.7148, 0.0549, 0.1106, 0.003, 0.0369, 0.0023, 0.0527, 0.0248]",0.531
33011,183239,Saint Anselm College,"[0.8685, 0.045, 0.0148, 0.001, 0.0113, 0.0005, 0.0276, 0.024]",0.758
33011,183257,University of New Hampshire College of Professional Studies Online,"[0.8404, 0.0635, 0.0362, 0.0026, 0.0123, 0.0009, 0.0238, 0.0203]",0.7128
33011,183275,Thomas More College of Liberal Arts,"[0.7528, 0.0562, 0.0, 0.0225, 0.0112, 0.0, 0.1124, 0.0225]",0.5836
34031,183789,Berkeley College-Woodland Park,"[0.0846, 0.4181, 0.1202, 0.0011, 0.0129, 0.0005, 0.3486, 0.0054]",0.3181
34029,183804,Beth Medrash Govoha,"[0.979, 0.0, 0.0, 0.0, 0.0, 0.0, 0.0, 0.0]",0.9584
34013,183822,Bloomfield College of Montclair State University,"[0.0825, 0.3177, 0.4844, 0.0078, 0.0243, 0.0, 0.0391, 0.0061]",0.3446
34013,183910,Caldwell University,"[0.2702, 0.306, 0.168, 0.0006, 0.0395, 0.0, 0.052, 0.0132]",0.1993
34041,183974,Centenary University,"[0.6325, 0.1803, 0.0778, 0.002, 0.0207, 0.0, 0.0443, 0.0424]",0.4428
34027,184348,Drew University,"[0.5765, 0.0296, 0.1008, 0.0021, 0.0388, 0.0, 0.0592, 0.0867]",0.3559
34003,184603,Fairleigh Dickinson University-Metropolitan Campus,"[0.2253, 0.376, 0.111, 0.0025, 0.0493, 0.0004, 0.1238, 0.0199]",0.2226
34003,184612,Felician University,"[0.2429, 0.4051, 0.1993, 0.0024, 0.0578, 0.0018, 0.0242, 0.0212]",0.2672
34027,184694,Fairleigh Dickinson University-Florham Campus,"[0.5229, 0.2505, 0.1029, 0.002, 0.0427, 0.001, 0.0457, 0.0283]",0.3515
34029,184773,Georgian Court University,"[0.5111, 0.1501, 0.0849, 0.0034, 0.0197, 0.0026, 0.1638, 0.0292]",0.3191
34015,184782,Rowan University,"[0.6397, 0.1324, 0.1077, 0.0011, 0.0586, 0.0009, 0.0072, 0.0373]",0.4432
34017,185129,New Jersey City University,"[0.1661, 0.4631, 0.2097, 0.0032, 0.0793, 0.003, 0.0321, 0.028]",0.2941
34039,185262,Kean University,"[0.2655, 0.3575, 0.2053, 0.0009, 0.052, 0.0014, 0.0544, 0.0241]",0.2467
34025,185572,Monmouth University,"[0.6904, 0.1695, 0.0492, 0.0005, 0.0226, 0.0, 0.0271, 0.0268]",0.5098
34013,185590,Montclair State University,"[0.3702, 0.3596, 0.132, 0.0014, 0.0679, 0.0012, 0.0322, 0.0266]",0.2901
34013,185828,New Jersey Institute of Technology,"[0.3205, 0.257, 0.0971, 0.0012, 0.2249, 0.0004, 0.0178, 0.0344]",0.2303
34021,186131,Princeton University,"[0.3756, 0.1002, 0.0798, 0.0013, 0.235, 0.0011, 0.0156, 0.0682]",0.2176
34027,186186,Rabbinical College of America,"[0.7865, 0.0, 0.0, 0.0, 0.0, 0.0, 0.0, 0.0]",0.6186
34003,186201,Ramapo College of New Jersey,"[0.5545, 0.2386, 0.0618, 0.0041, 0.1056, 0.0, 0.0247, 0.0002]",0.38
34021,186283,Rider University,"[0.5275, 0.1807, 0.1414, 0.0032, 0.0535, 0.0023, 0.0235, 0.0341]",0.3355
34007,186371,Rutgers University-Camden,"[0.387, 0.2178, 0.1935, 0.0017, 0.1241, 0.0017, 0.0189, 0.037]",0.2518
34023,186380,Rutgers University-New Brunswick,"[0.3236, 0.1511, 0.0683, 0.0008, 0.3257, 0.0009, 0.0195, 0.0359]",0.24
34013,186399,Rutgers University-Newark,"[0.2076, 0.3525, 0.195, 0.001, 0.1803, 0.0015, 0.0156, 0.0249]",0.2388
34017,186432,Saint Peter's University,"[0.2315, 0.4155, 0.1767, 0.0016, 0.0782, 0.0016, 0.037, 0.0021]",0.2649
34013,186584,Seton Hall University,"[0.4733, 0.2329, 0.1047, 0.0015, 0.1101, 0.0007, 0.0249, 0.0392]",0.3035
34027,186618,Saint Elizabeth University,"[0.2321, 0.2455, 0.3914, 0.0104, 0.0208, 0.0045, 0.067, 0.0193]",0.2728
34017,186867,Stevens Institute of Technology,"[0.5072, 0.1527, 0.0227, 0.0, 0.1887, 0.0, 0.0651, 0.0375]",0.3223
34001,186876,Stockton University,"[0.5847, 0.1868, 0.1031, 0.0011, 0.0738, 0.0006, 0.0093, 0.0363]",0.3943
34025,186900,Talmudical Academy-New Jersey,"[0.9452, 0.0, 0.0, 0.0, 0.0, 0.0, 0.0, 0.0]",0.8934
34021,187046,Thomas Edison State University,"[0.456, 0.1438, 0.1537, 0.0036, 0.0438, 0.0047, 0.15, 0.0371]",0.2781
34021,187134,The College of New Jersey,"[0.5952, 0.1785, 0.0554, 0.0007, 0.1075, 0.0004, 0.0279, 0.0275]",0.4023
34031,187444,William Paterson University of New Jersey,"[0.3323, 0.3388, 0.1913, 0.0005, 0.0775, 0.0012, 0.0173, 0.0255]",0.2688
35041,187648,Eastern New Mexico University-Main Campus,"[0.3663, 0.4505, 0.0535, 0.0186, 0.0131, 0.0038, 0.0331, 0.0321]",0.3426
35049,187745,Institute of American Indian and Alaska Native Culture and Arts Development,"[0.09, 0.09, 0.0, 0.6624, 0.0, 0.0064, 0.0096, 0.1415]",0.4751
35047,187897,New Mexico Highlands University,"[0.1587, 0.5887, 0.0633, 0.1, 0.006, 0.0013, 0.0093, 0.0273]",0.3866
35053,187967,New Mexico Institute of Mining and Technology,"[0.469, 0.406, 0.0086, 0.0345, 0.0293, 0.0034, 0.0052, 0.0319]",0.388
35001,187985,University of New Mexico-Main Campus,"[0.2853, 0.5065, 0.0307, 0.0622, 0.0421, 0.0015, 0.0125, 0.04]",0.3463
35013,188030,New Mexico State University-Main Campus,"[0.2371, 0.6412, 0.0258, 0.0248, 0.0099, 0.0018, 0.0087, 0.0247]",0.4694
35025,188182,University of the Southwest,"[0.2336, 0.5857, 0.0997, 0.0249, 0.0, 0.0, 0.0436, 0.0125]",0.4102
35017,188304,Western New Mexico University,"[0.2626, 0.5539, 0.0494, 0.0404, 0.0101, 0.0079, 0.0202, 0.0264]",0.3811
36059,188429,Adelphi University,"[0.4394, 0.2038, 0.0879, 0.0048, 0.1301, 0.001, 0.0488, 0.0314]",0.2627
36001,188526,Albany College of Pharmacy and Health Sciences,"[0.4435, 0.1027, 0.089, 0.0051, 0.2021, 0.0, 0.0291, 0.0822]",0.2636
36003,188641,Alfred University,"[0.6421, 0.1034, 0.1157, 0.0023, 0.0161, 0.0031, 0.0383, 0.0215]",0.4386
36027,189088,Bard College,"[0.4747, 0.1256, 0.121, 0.0009, 0.0308, 0.0, 0.0432, 0.0708]",0.2636
36061,189097,Barnard College,"[0.3685, 0.1452, 0.0576, 0.0006, 0.1993, 0.0, 0.0205, 0.0752]",0.206
36061,189228,Berkeley College-New York,"[0.0304, 0.2688, 0.1513, 0.0026, 0.0218, 0.0013, 0.4102, 0.0046]",0.2648
36061,189282,Mount Sinai Phillips School of Nursing,"[0.4225, 0.1581, 0.2097, 0.0, 0.1459, 0.0182, 0.0, 0.0456]",0.2712
36061,189413,Boricua College,"[0.0077, 0.7545, 0.202, 0.0, 0.0026, 0.0, 0.0, 0.0332]",0.6112
36029,189705,Canisius University,"[0.6823, 0.0623, 0.1086, 0.0023, 0.0337, 0.0, 0.0314, 0.0286]",0.4842
36047,189857,Central Yeshiva Tomchei Tmimim Lubavitz,"[0.8616, 0.0, 0.0, 0.0, 0.0, 0.0, 0.0, 0.0]",0.7424
36089,190044,Clarkson University,"[0.8002, 0.0649, 0.0325, 0.0031, 0.0302, 0.0, 0.005, 0.034]",0.6477
36053,190099,Colgate University,"[0.6428, 0.0931, 0.0467, 0.001, 0.0573, 0.0016, 0.0186, 0.0496]",0.4301
36061,190114,Metropolitan College of New York,"[0.0457, 0.2984, 0.5833, 0.0, 0.0134, 0.0081, 0.0054, 0.0134]",0.4318
36061,190150,Columbia University in the City of New York,"[0.3162, 0.1541, 0.0745, 0.003, 0.1843, 0.0015, 0.0153, 0.0641]",0.1676
36061,190372,The Cooper Union for the Advancement of Science and Art,"[0.2848, 0.1244, 0.0504, 0.0, 0.3083, 0.0, 0.0504, 0.0471]",0.1989
36109,190415,Cornell University,"[0.3283, 0.1474, 0.0734, 0.0026, 0.2341, 0.0013, 0.06, 0.0549]",0.1963
36061,190512,CUNY Bernard M Baruch College,"[0.178, 0.2675, 0.0923, 0.0017, 0.36, 0.0008, 0.0, 0.0267]",0.2421
36047,190549,CUNY Brooklyn College,"[0.2503, 0.2382, 0.1931, 0.001, 0.2507, 0.0009, 0.0, 0.0343]",0.2207
36085,190558,College of Staten Island CUNY,"[0.4099, 0.264, 0.1394, 0.0014, 0.1279, 0.0017, 0.0, 0.0323]",0.2746
36061,190567,CUNY City College,"[0.12, 0.39, 0.1533, 0.0017, 0.2553, 0.0015, 0.0, 0.03]",0.2561
36061,190576,CUNY Graduate School and University Center,"[0.2119, 0.3098, 0.2877, 0.0023, 0.132, 0.003, 0.0, 0.0319]",0.2421
36061,190594,CUNY Hunter College,"[0.1869, 0.3121, 0.1082, 0.0023, 0.3061, 0.0015, 0.0, 0.035]",0.239
36061,190600,CUNY John Jay College of Criminal Justice,"[0.1409, 0.5019, 0.1623, 0.0038, 0.1255, 0.0026, 0.0, 0.0281]",0.3147
36005,190637,CUNY Lehman College,"[0.0453, 0.5779, 0.257, 0.0021, 0.0711, 0.0011, 0.0, 0.0161]",0.4074
36047,190646,CUNY Medgar Evers College,"[0.0182, 0.1689, 0.7237, 0.004, 0.0321, 0.0006, 0.0, 0.0262]",0.5543
36047,190655,CUNY New York City College of Technology,"[0.0941, 0.3582, 0.2595, 0.0041, 0.2196, 0.0019, 0.0, 0.0213]",0.2532
36081,190664,CUNY Queens College,"[0.1951, 0.2963, 0.0959, 0.0047, 0.3152, 0.0026, 0.0, 0.0319]",0.2355
36081,190691,CUNY York College,"[0.0506, 0.2621, 0.3735, 0.0151, 0.2202, 0.0044, 0.0, 0.0321]",0.2605
36029,190716,D'Youville  University,"[0.5605, 0.0561, 0.1545, 0.0044, 0.0794, 0.0015, 0.0496, 0.0343]",0.3511
36029,190725,Daemen University,"[0.7634, 0.0529, 0.0993, 0.0042, 0.0422, 0.0, 0.0119, 0.0166]",0.5977
36081,190752,Yeshiva of Far Rockaway Derech Ayson Rabbinical Seminary,"[1.0, 0.0, 0.0, 0.0, 0.0, 0.0, 0.0, 0.0]",1.0
36087,190761,Dominican University New York,"[0.2641, 0.4013, 0.1446, 0.0, 0.0575, 0.0009, 0.0778, 0.0195]",0.2614
36015,190983,Elmira College,"[0.7294, 0.0611, 0.0429, 0.0083, 0.0215, 0.0, 0.0281, 0.033]",0.54
36103,191205,Five Towns College,"[0.4153, 0.3051, 0.1716, 0.0021, 0.0106, 0.0, 0.0508, 0.0148]",0.2979
36005,191241,Fordham University,"[0.5032, 0.184, 0.0539, 0.0004, 0.1333, 0.0009, 0.0084, 0.0475]",0.3101
36065,191515,Hamilton College,"[0.6451, 0.0951, 0.0314, 0.0005, 0.0903, 0.0, 0.0121, 0.0526]",0.4373
36077,191533,Hartwick College,"[0.5825, 0.0986, 0.1447, 0.0028, 0.0221, 0.0, 0.0968, 0.0286]",0.3807
36029,191621,Hilbert College,"[0.5707, 0.0435, 0.1064, 0.0073, 0.0097, 0.0, 0.2092, 0.0351]",0.3841
36069,191630,Hobart William Smith Colleges,"[0.6634, 0.0929, 0.0689, 0.0013, 0.0234, 0.0006, 0.037, 0.0357]",0.4567
36059,191649,Hofstra University,"[0.5057, 0.1621, 0.0901, 0.0023, 0.1395, 0.0003, 0.0193, 0.0403]",0.3116
36003,191676,Houghton University,"[0.7356, 0.0134, 0.0711, 0.004, 0.0201, 0.0013, 0.0497, 0.0403]",0.5509
36119,191931,Iona University,"[0.4979, 0.2829, 0.0976, 0.0015, 0.0228, 0.0027, 0.033, 0.0285]",0.3399
36109,191968,Ithaca College,"[0.7214, 0.1011, 0.0528, 0.0009, 0.0367, 0.0009, 0.0161, 0.0428]",0.5369
36061,192040,Jewish Theological Seminary of America,"[0.8389, 0.0537, 0.0, 0.0, 0.0067, 0.0, 0.0805, 0.0]",0.7132
36061,192110,The Juilliard School,"[0.3319, 0.0882, 0.0693, 0.0, 0.1282, 0.0021, 0.0, 0.0693]",0.144
36119,192165,Kehilath Yakov Rabbinical Seminary,"[1.0, 0.0, 0.0, 0.0, 0.0, 0.0, 0.0, 0.0]",1.0
36123,192192,Keuka College,"[0.8016, 0.059, 0.0529, 0.0051, 0.0081, 0.001, 0.0336, 0.0326]",0.6511
36061,192271,LIM College,"[0.3879, 0.2112, 0.2242, 0.0056, 0.0726, 0.0037, 0.0065, 0.0009]",0.2507
36067,192323,Le Moyne College,"[0.7255, 0.0882, 0.0744, 0.002, 0.0447, 0.0004, 0.0134, 0.0342]",0.543
36059,192448,Long Island University,"[0.3817, 0.1582, 0.1595, 0.0024, 0.1248, 0.003, 0.1012, 0.0285]",0.2228
36047,192624,Machzikei Hadath Rabbinical College,"[0.9577, 0.0, 0.0, 0.0, 0.0, 0.0, 0.0, 0.0]",0.9172
36005,192703,Manhattan University,"[0.4615, 0.2864, 0.0643, 0.0016, 0.0457, 0.0003, 0.076, 0.0307]",0.308
36061,192712,Manhattan School of Music,"[0.3499, 0.1093, 0.0616, 0.004, 0.0775, 0.0, 0.0139, 0.0298]",0.1453
36119,192749,Manhattanville University,"[0.4851, 0.3158, 0.098, 0.0008, 0.0212, 0.0016, 0.0251, 0.0204]",0.3462
36027,192819,Marist University,"[0.7333, 0.1341, 0.0373, 0.0004, 0.0345, 0.0006, 0.0077, 0.0333]",0.5595
36061,192864,Marymount Manhattan College,"[0.5172, 0.227, 0.1027, 0.0006, 0.0287, 0.0019, 0.0427, 0.058]",0.3356
36119,193016,Mercy University,"[0.1648, 0.465, 0.2494, 0.0022, 0.0483, 0.002, 0.0261, 0.0212]",0.3091
36047,193052,Mesivta Torah Vodaath Rabbinical Seminary,"[1.0, 0.0, 0.0, 0.0, 0.0, 0.0, 0.0, 0.0]",1.0
36061,193070,Mesivtha Tifereth Jerusalem of America,"[1.0, 0.0, 0.0, 0.0, 0.0, 0.0, 0.0, 0.0]",1.0
36059,193292,Molloy University,"[0.508, 0.2466, 0.1004, 0.0028, 0.0904, 0.0025, 0.0156, 0.0249]",0.338
36071,193353,Mount Saint Mary College,"[0.5246, 0.2599, 0.088, 0.0007, 0.0273, 0.0, 0.0737, 0.0211]",0.3571
36005,193399,University of Mount Saint Vincent,"[0.3954, 0.3309, 0.1388, 0.0009, 0.0528, 0.0009, 0.0224, 0.0354]",0.2896
36055,193584,Nazareth University,"[0.7917, 0.0693, 0.0516, 0.0035, 0.0222, 0.0, 0.0202, 0.0288]",0.636
36061,193654,The New School,"[0.3339, 0.1037, 0.0376, 0.0008, 0.1121, 0.0011, 0.0296, 0.0509]",0.1397
36061,193900,New York University,"[0.2183, 0.1657, 0.0783, 0.0016, 0.2017, 0.0011, 0.0392, 0.0386]",0.125
36063,193973,Niagara University,"[0.6289, 0.0446, 0.0622, 0.0034, 0.0169, 0.0007, 0.0191, 0.0195]",0.4024
36059,194091,New York Institute of Technology,"[0.2147, 0.2229, 0.1177, 0.003, 0.2769, 0.003, 0.0497, 0.039]",0.1903
36061,194310,Pace University,"[0.4768, 0.2144, 0.0994, 0.0012, 0.0774, 0.0018, 0.0108, 0.0533]",0.2921
36033,194392,Paul Smiths College of Arts and Science,"[0.8144, 0.006, 0.0464, 0.021, 0.009, 0.0, 0.0898, 0.0075]",0.6741
36113,194569,Davis College,"[0.6699, 0.0777, 0.0971, 0.0097, 0.0097, 0.0, 0.0971, 0.0291]",0.4747
36047,194578,Pratt Institute-Main,"[0.3267, 0.1065, 0.0422, 0.001, 0.161, 0.0005, 0.0105, 0.0352]",0.1471
36047,194657,Rabbinical Academy Mesivta Rabbi Chaim Berlin,"[1.0, 0.0, 0.0, 0.0, 0.0, 0.0, 0.0, 0.0]",1.0
36047,194666,Rabbinical College Bobover Yeshiva Bnei Zion,"[1.0, 0.0, 0.0, 0.0, 0.0, 0.0, 0.0, 0.0]",1.0
34029,194718,Rabbinical Seminary Mkor Chaim,"[1.0, 0.0, 0.0, 0.0, 0.0, 0.0, 0.0, 0.0]",1.0
36081,194763,Rabbinical Seminary of America,"[1.0, 0.0, 0.0, 0.0, 0.0, 0.0, 0.0, 0.0]",1.0
36083,194824,Rensselaer Polytechnic Institute,"[0.4266, 0.107, 0.0486, 0.0007, 0.1945, 0.0002, 0.0498, 0.0533]",0.239
36055,194958,Roberts Wesleyan University,"[0.666, 0.09, 0.1384, 0.0058, 0.0184, 0.001, 0.0039, 0.0426]",0.473
36055,195003,Rochester Institute of Technology,"[0.6199, 0.0915, 0.0518, 0.0014, 0.1169, 0.0004, 0.0238, 0.0503]",0.4121
36055,195030,University of Rochester,"[0.4019, 0.0787, 0.046, 0.0009, 0.1621, 0.0009, 0.0271, 0.0408]",0.1985
36083,195128,Russell Sage College,"[0.5918, 0.1235, 0.1092, 0.0054, 0.0546, 0.0009, 0.0752, 0.0322]",0.3871
36009,195164,St Bonaventure University,"[0.7683, 0.0664, 0.0497, 0.0034, 0.0313, 0.0028, 0.0089, 0.0302]",0.5992
36047,195173,St. Francis College,"[0.2053, 0.2775, 0.2481, 0.0183, 0.033, 0.0018, 0.0468, 0.0214]",0.1848
36089,195216,St Lawrence University,"[0.7582, 0.061, 0.0263, 0.0033, 0.0202, 0.0005, 0.0103, 0.0211]",0.5803
36087,195243,St. Thomas Aquinas College,"[0.5039, 0.1693, 0.1742, 0.0049, 0.0246, 0.002, 0.0364, 0.0089]",0.315
36119,195304,Sarah Lawrence College,"[0.597, 0.1066, 0.0438, 0.0007, 0.0494, 0.0007, 0.084, 0.0586]",0.3826
36059,195438,Sh'or Yoshuv Rabbinical College,"[0.9605, 0.0, 0.0, 0.0, 0.0, 0.0, 0.0, 0.0]",0.9226
36001,195474,Siena College,"[0.7612, 0.0856, 0.0379, 0.002, 0.0428, 0.0006, 0.0046, 0.0353]",0.5913
36091,195526,Skidmore College,"[0.6334, 0.0995, 0.0441, 0.0011, 0.0554, 0.0007, 0.0182, 0.0565]",0.4196
36047,195544,St. Joseph's University-New York,"[0.561, 0.2104, 0.0864, 0.002, 0.0365, 0.0008, 0.0592, 0.0232]",0.3718
36055,195720,St. John Fisher University,"[0.8081, 0.0661, 0.0497, 0.0027, 0.0394, 0.0004, 0.013, 0.0153]",0.6618
36081,195809,St. John's University-New York,"[0.3923, 0.2171, 0.1405, 0.0011, 0.1624, 0.0012, 0.0103, 0.0444]",0.2492
36089,196015,SUNY College of Technology at Canton,"[0.673, 0.1033, 0.1091, 0.0145, 0.0254, 0.0004, 0.0257, 0.0283]",0.4778
36025,196024,SUNY College of Technology at Delhi,"[0.588, 0.1773, 0.1525, 0.0028, 0.0199, 0.0008, 0.0277, 0.0281]",0.4024
36095,196033,SUNY College of Agriculture and Technology at Cobleskill,"[0.6973, 0.1234, 0.1009, 0.0023, 0.0192, 0.0006, 0.0209, 0.0237]",0.513
36059,196042,Farmingdale State College,"[0.4423, 0.2748, 0.1031, 0.0026, 0.1181, 0.0021, 0.0038, 0.0316]",0.2967
36001,196060,University at Albany,"[0.4104, 0.186, 0.2182, 0.0029, 0.093, 0.0007, 0.0126, 0.0424]",0.2612
36007,196079,Binghamton University,"[0.5525, 0.1314, 0.0465, 0.0005, 0.1723, 0.0001, 0.0192, 0.0377]",0.3562
36029,196088,University at Buffalo,"[0.4571, 0.0866, 0.0872, 0.002, 0.175, 0.0006, 0.0351, 0.0297]",0.2568
36103,196097,Stony Brook University,"[0.2748, 0.1487, 0.0603, 0.0007, 0.3399, 0.0006, 0.0524, 0.0276]",0.2203
36067,196103,SUNY College of Environmental Science and Forestry,"[0.7756, 0.0823, 0.0256, 0.0019, 0.0281, 0.0006, 0.0287, 0.0387]",0.6121
36065,196112,SUNY Polytechnic Institute,"[0.6852, 0.1064, 0.0778, 0.0032, 0.0799, 0.0011, 0.0027, 0.0319]",0.4943
36055,196121,SUNY Brockport,"[0.6953, 0.0885, 0.1187, 0.0029, 0.0257, 0.0, 0.0364, 0.0268]",0.5081
36029,196130,SUNY Buffalo State University,"[0.4622, 0.1225, 0.3019, 0.0045, 0.0642, 0.0006, 0.0009, 0.038]",0.3254
36023,196149,State University of New York at Cortland,"[0.7488, 0.1276, 0.0482, 0.0012, 0.0139, 0.0005, 0.0308, 0.0239]",0.581
36013,196158,SUNY at Fredonia,"[0.7354, 0.1065, 0.0727, 0.005, 0.0147, 0.0, 0.0125, 0.0388]",0.5593
36051,196167,SUNY College at Geneseo,"[0.81, 0.0672, 0.037, 0.0032, 0.0341, 0.0015, 0.0302, 0.0096]",0.6642
36111,196176,State University of New York at New Paltz,"[0.5891, 0.2317, 0.0699, 0.0002, 0.0436, 0.0008, 0.0212, 0.0321]",0.409
36077,196185,SUNY Oneonta,"[0.6968, 0.1718, 0.0503, 0.0047, 0.0196, 0.0004, 0.034, 0.0202]",0.5195
36075,196194,State University of New York at Oswego,"[0.6473, 0.1365, 0.1131, 0.0012, 0.0255, 0.0005, 0.0035, 0.0364]",0.4524
36089,196200,SUNY College at Potsdam,"[0.7228, 0.102, 0.077, 0.0149, 0.0168, 0.0005, 0.0241, 0.0332]",0.541
36119,196219,SUNY at Purchase College,"[0.4902, 0.2643, 0.1282, 0.0003, 0.0403, 0.0007, 0.0043, 0.059]",0.3317
36059,196237,SUNY Old Westbury,"[0.2534, 0.3103, 0.2571, 0.0034, 0.1213, 0.0018, 0.0134, 0.0279]",0.2423
36019,196246,State University of New York at Plattsburgh,"[0.6311, 0.1404, 0.1154, 0.0046, 0.0257, 0.0018, 0.0189, 0.0219]",0.4328
36047,196255,SUNY Downstate Health Sciences University,"[0.3617, 0.1312, 0.1915, 0.0, 0.2163, 0.0, 0.0674, 0.0213]",0.2365
36091,196264,Empire State University,"[0.5036, 0.1564, 0.1582, 0.0038, 0.0289, 0.0016, 0.1147, 0.0283]",0.3179
36005,196291,SUNY Maritime College,"[0.6747, 0.1526, 0.0542, 0.0008, 0.0449, 0.0, 0.0325, 0.024]",0.4851
36067,196307,Upstate Medical University,"[0.707, 0.051, 0.0828, 0.0, 0.0573, 0.0, 0.0573, 0.0255]",0.5165
36067,196413,Syracuse University,"[0.5463, 0.1107, 0.0707, 0.0053, 0.0718, 0.0008, 0.022, 0.0417]",0.3231
36047,196431,Talmudical Seminary Oholei Torah,"[0.9107, 0.0, 0.0, 0.0, 0.0, 0.0, 0.0, 0.0]",0.8294
36055,196440,Talmudical Institute of Upstate New York,"[0.9286, 0.0, 0.0, 0.0, 0.0, 0.0, 0.0, 0.0]",0.8623
36085,196583,Torah Temimah Talmudical Seminary,"[0.9552, 0.0, 0.0, 0.0, 0.0, 0.0, 0.0, 0.0]",0.9124
36061,196592,Touro University,"[0.5753, 0.1064, 0.1353, 0.001, 0.026, 0.0012, 0.1203, 0.0125]",0.3759
36001,196680,Excelsior University,"[0.59, 0.1294, 0.1821, 0.0054, 0.0276, 0.0055, 0.007, 0.0404]",0.4005
36093,196866,Union College,"[0.6678, 0.0871, 0.0438, 0.001, 0.065, 0.0005, 0.0005, 0.0332]",0.4608
36047,197018,United Talmudical Seminary,"[0.9539, 0.001, 0.0, 0.0, 0.0, 0.0, 0.0, 0.0]",0.9099
36059,197027,United States Merchant Marine Academy,"[0.783, 0.0634, 0.0172, 0.0032, 0.0473, 0.0043, 0.0043, 0.0773]",0.6257
36071,197036,United States Military Academy,"[0.6199, 0.1259, 0.1114, 0.0088, 0.0952, 0.0062, 0.0016, 0.0173]",0.422
36065,197045,Utica University,"[0.6726, 0.0887, 0.0954, 0.0067, 0.04, 0.002, 0.0633, 0.023]",0.4755
36027,197133,Vassar College,"[0.5407, 0.121, 0.0391, 0.0004, 0.1214, 0.0, 0.0226, 0.0823]",0.3305
36029,197142,Villa Maria College,"[0.4505, 0.0989, 0.3209, 0.0022, 0.0352, 0.0, 0.0066, 0.0857]",0.3243
36061,197151,School of Visual Arts,"[0.1566, 0.0856, 0.0307, 0.0006, 0.1578, 0.0, 0.0208, 0.0051]",0.0582
36085,197197,Wagner College,"[0.5913, 0.1426, 0.0713, 0.0013, 0.0446, 0.0006, 0.0522, 0.0318]",0.3808
36059,197221,Webb Institute,"[0.7451, 0.0882, 0.0, 0.0, 0.049, 0.0, 0.049, 0.0686]",0.5725
36119,197285,The College of Westchester,"[0.0701, 0.4892, 0.3774, 0.0, 0.0148, 0.0013, 0.0296, 0.0175]",0.3881
36047,197601,Yeshiva Karlin Stolin,"[1.0, 0.0, 0.0, 0.0, 0.0, 0.0, 0.0, 0.0]",1.0
36071,197674,Yeshiva of Nitra Rabbinical College,"[1.0, 0.0, 0.0, 0.0, 0.0, 0.0, 0.0, 0.0]",1.0
36081,197692,Yeshivath Shaar Hatorah,"[1.0, 0.0, 0.0, 0.0, 0.0, 0.0, 0.0, 0.0]",1.0
36061,197708,Yeshiva University,"[0.6362, 0.0213, 0.0011, 0.0007, 0.0011, 0.0, 0.2684, 0.0035]",0.4773
36087,197735,Yeshivath Viznitz,"[0.9769, 0.0, 0.0, 0.0, 0.0, 0.0, 0.0, 0.0]",0.9543
37189,197869,Appalachian State University,"[0.8111, 0.0825, 0.0318, 0.0015, 0.0166, 0.0001, 0.0061, 0.0456]",0.6681
37195,197911,Barton College,"[0.5686, 0.1126, 0.2412, 0.0028, 0.0047, 0.0, 0.0057, 0.0189]",0.3946
37071,197984,Belmont Abbey College,"[0.6518, 0.058, 0.0991, 0.0035, 0.0149, 0.0028, 0.1097, 0.0212]",0.4508
37081,197993,Bennett College,"[0.0, 0.0179, 0.5536, 0.006, 0.0, 0.0, 0.2024, 0.1786]",0.3797
37175,198066,Brevard College,"[0.6525, 0.0739, 0.1218, 0.0137, 0.0109, 0.0, 0.0041, 0.0643]",0.4505
37085,198136,Campbell University,"[0.5922, 0.1139, 0.1514, 0.0031, 0.0225, 0.0017, 0.0413, 0.0467]",0.391
37159,198215,Catawba College,"[0.5428, 0.0985, 0.198, 0.0019, 0.0065, 0.0009, 0.0474, 0.0418]",0.3476
37091,198303,Chowan University,"[0.1963, 0.0363, 0.5263, 0.0113, 0.0025, 0.0013, 0.1388, 0.0213]",0.3367
37119,198385,Davidson College,"[0.6207, 0.0973, 0.064, 0.0016, 0.0531, 0.0, 0.0114, 0.0536]",0.4047
37063,198419,Duke University,"[0.3699, 0.1102, 0.0857, 0.0026, 0.2122, 0.0006, 0.0441, 0.0749]",0.2089
37147,198464,East Carolina University,"[0.6417, 0.0927, 0.1605, 0.0048, 0.0261, 0.0009, 0.0303, 0.0375]",0.4492
37139,198507,Elizabeth City State University,"[0.1606, 0.045, 0.7061, 0.0058, 0.0026, 0.0, 0.0126, 0.0575]",0.5299
37001,198516,Elon University,"[0.7903, 0.0639, 0.0573, 0.0013, 0.0234, 0.0002, 0.0107, 0.0312]",0.6336
37051,198543,Fayetteville State University,"[0.1704, 0.0897, 0.6251, 0.013, 0.0107, 0.0017, 0.0224, 0.0613]",0.4324
37045,198561,Gardner-Webb University,"[0.5362, 0.0431, 0.1717, 0.0072, 0.0094, 0.0028, 0.2032, 0.0248]",0.3609
37081,198598,Greensboro College,"[0.4604, 0.0872, 0.3166, 0.0016, 0.0048, 0.0016, 0.0533, 0.0727]",0.328
37081,198613,Guilford College,"[0.4393, 0.1605, 0.3043, 0.0029, 0.0235, 0.0, 0.0088, 0.0509]",0.3146
37085,198677,Heritage Bible College,"[0.4615, 0.0385, 0.5, 0.0, 0.0, 0.0, 0.0, 0.0]",0.4645
37081,198695,High Point University,"[0.7676, 0.0759, 0.0655, 0.0048, 0.0197, 0.0002, 0.0258, 0.029]",0.6012
37119,198756,Johnson C Smith University,"[0.0067, 0.0077, 0.7666, 0.0067, 0.0029, 0.0029, 0.1988, 0.0019]",0.6274
37189,198808,Lees-McRae College,"[0.7412, 0.0703, 0.0691, 0.0059, 0.0129, 0.0, 0.048, 0.0141]",0.5618
37035,198835,Lenoir-Rhyne University,"[0.6238, 0.0388, 0.15, 0.005, 0.0215, 0.0, 0.0158, 0.0919]",0.4223
37159,198862,Livingstone College,"[0.0167, 0.0036, 0.8975, 0.0024, 0.0012, 0.0, 0.0369, 0.0358]",0.8084
37115,198899,Mars Hill University,"[0.6388, 0.0929, 0.1745, 0.0102, 0.0082, 0.002, 0.0082, 0.0122]",0.4475
37183,198950,Meredith College,"[0.6461, 0.1314, 0.0927, 0.0085, 0.0502, 0.0023, 0.034, 0.0201]",0.4475
37051,198969,Methodist University,"[0.4785, 0.0832, 0.2316, 0.0111, 0.0104, 0.0021, 0.1068, 0.0146]",0.3014
37021,199032,Montreat College,"[0.5429, 0.0343, 0.1042, 0.0098, 0.0098, 0.0061, 0.2512, 0.0184]",0.3704
37191,199069,University of Mount Olive,"[0.5303, 0.1015, 0.2472, 0.0067, 0.005, 0.0017, 0.014, 0.0527]",0.3557
37081,199102,North Carolina A & T State University,"[0.0339, 0.0447, 0.851, 0.0028, 0.0054, 0.0003, 0.0146, 0.0434]",0.7295
37021,199111,University of North Carolina Asheville,"[0.7467, 0.0849, 0.0474, 0.0029, 0.0178, 0.0004, 0.0403, 0.0474]",0.5712
37135,199120,University of North Carolina at Chapel Hill,"[0.5485, 0.096, 0.0835, 0.0031, 0.1389, 0.0005, 0.0244, 0.0512]",0.3396
37119,199139,University of North Carolina at Charlotte,"[0.5124, 0.1359, 0.163, 0.0029, 0.0966, 0.0005, 0.0189, 0.0488]",0.3197
37081,199148,University of North Carolina at Greensboro,"[0.4046, 0.1573, 0.2976, 0.0025, 0.0581, 0.001, 0.0131, 0.0537]",0.2834
37063,199157,North Carolina Central University,"[0.0425, 0.0535, 0.8238, 0.0041, 0.0092, 0.0004, 0.0129, 0.0514]",0.6862
37067,199184,University of North Carolina School of the Arts,"[0.6197, 0.1377, 0.0984, 0.0011, 0.0262, 0.0011, 0.0186, 0.0699]",0.4186
37183,199193,North Carolina State University at Raleigh,"[0.6753, 0.081, 0.0587, 0.0035, 0.0921, 0.0007, 0.0158, 0.046]",0.4769
37127,199209,North Carolina Wesleyan University,"[0.2691, 0.0282, 0.3978, 0.0133, 0.0033, 0.0008, 0.098, 0.0482]",0.2436
37129,199218,University of North Carolina Wilmington,"[0.7869, 0.0827, 0.0442, 0.0044, 0.0188, 0.0009, 0.016, 0.0345]",0.6298
37183,199272,William Peace University,"[0.5406, 0.1281, 0.2422, 0.0031, 0.0203, 0.0, 0.0047, 0.0531]",0.3706
37155,199281,University of North Carolina at Pembroke,"[0.3667, 0.1062, 0.2801, 0.1333, 0.0088, 0.0013, 0.0119, 0.0705]",0.2472
37167,199306,Pfeiffer University,"[0.5739, 0.1157, 0.2152, 0.0059, 0.0015, 0.0015, 0.0044, 0.06]",0.3927
37119,199412,Queens University of Charlotte,"[0.5242, 0.1376, 0.1353, 0.0015, 0.0354, 0.0008, 0.0331, 0.0015]",0.3144
37139,199458,Mid-Atlantic Christian University,"[0.576, 0.088, 0.208, 0.008, 0.008, 0.0, 0.0, 0.024]",0.3835
37183,199582,Saint Augustine's University,"[0.0149, 0.0032, 0.9541, 0.0192, 0.0043, 0.0021, 0.0021, 0.0]",0.9109
37067,199607,Salem College,"[0.5076, 0.1964, 0.1571, 0.003, 0.0181, 0.0, 0.0181, 0.0937]",0.3304
37183,199643,Shaw University,"[0.0316, 0.0076, 0.6492, 0.0033, 0.0131, 0.0033, 0.122, 0.0839]",0.4446
37165,199698,St. Andrews University,"[0.2756, 0.0974, 0.1756, 0.0231, 0.0167, 0.0, 0.3269, 0.0308]",0.2249
37183,199759,Southeastern Baptist Theological Seminary,"[0.7795, 0.0568, 0.0699, 0.0066, 0.0175, 0.0, 0.0677, 0.0]",0.6207
37067,199847,Wake Forest University,"[0.6594, 0.0883, 0.0621, 0.0006, 0.0417, 0.0, 0.0079, 0.0545]",0.4512
37021,199865,Warren Wilson College,"[0.7719, 0.0789, 0.0502, 0.0029, 0.01, 0.0014, 0.0158, 0.0402]",0.6066
37063,199883,Watts College of Nursing,"[0.5644, 0.0368, 0.2515, 0.0, 0.0552, 0.0061, 0.0552, 0.0307]",0.3902
37179,199962,Wingate University,"[0.4424, 0.0841, 0.2348, 0.0028, 0.0187, 0.0004, 0.0399, 0.0941]",0.2687
37067,199971,Carolina Christian College,"[0.0, 0.0213, 0.9362, 0.0, 0.0, 0.0, 0.0, 0.0426]",0.8787
37067,199999,Winston-Salem State University,"[0.0625, 0.0438, 0.8107, 0.0038, 0.0088, 0.0004, 0.0214, 0.0409]",0.6653
37099,200004,Western Carolina University,"[0.7695, 0.0797, 0.0615, 0.0093, 0.0132, 0.0014, 0.0113, 0.0362]",0.604
38089,200059,Dickinson State University,"[0.7718, 0.0732, 0.0331, 0.0148, 0.0105, 0.0026, 0.0087, 0.0523]",0.6053
38093,200156,University of Jamestown,"[0.7252, 0.094, 0.0362, 0.0072, 0.0114, 0.0021, 0.0124, 0.03]",0.5373
38015,200217,University of Mary,"[0.792, 0.0, 0.0242, 0.014, 0.0149, 0.0023, 0.127, 0.0256]",0.6451
38097,200226,Mayville State University,"[0.7849, 0.0522, 0.0469, 0.0143, 0.0026, 0.0, 0.0026, 0.06]",0.6248
38101,200253,Minot State University,"[0.6628, 0.0849, 0.0397, 0.0249, 0.0157, 0.0037, 0.0055, 0.0604]",0.4526
38035,200280,University of North Dakota,"[0.7902, 0.0531, 0.0243, 0.0103, 0.0221, 0.0009, 0.011, 0.0473]",0.6308
38017,200332,North Dakota State University-Main Campus,"[0.8637, 0.0311, 0.0306, 0.005, 0.0143, 0.0004, 0.0067, 0.041]",0.7498
38021,200484,Trinity Bible College and Graduate School,"[0.7394, 0.0423, 0.0563, 0.0282, 0.0352, 0.0, 0.0141, 0.0845]",0.561
38003,200572,Valley City State University,"[0.8053, 0.0678, 0.0284, 0.0033, 0.0066, 0.0098, 0.0022, 0.0525]",0.6568
39153,200800,University of Akron Main Campus,"[0.7159, 0.0371, 0.1235, 0.0013, 0.0411, 0.0006, 0.0198, 0.0458]",0.5333
39169,200846,University of Akron Wayne College,"[0.8581, 0.0372, 0.0405, 0.0, 0.0169, 0.0, 0.0152, 0.0287]",0.7407
39029,200873,Allegheny Wesleyan College,"[0.9221, 0.0, 0.026, 0.026, 0.0, 0.013, 0.0, 0.0]",0.8518
39061,201061,Art Academy of Cincinnati,"[0.6255, 0.0386, 0.2124, 0.0, 0.0193, 0.0, 0.0309, 0.0656]",0.4435
39005,201104,Ashland University,"[0.7719, 0.0322, 0.0866, 0.006, 0.0111, 0.0013, 0.0407, 0.0262]",0.6069
39151,201177,Aultman College of Nursing and Health Sciences,"[0.8408, 0.0245, 0.0571, 0.0082, 0.0204, 0.0, 0.0082, 0.0408]",0.713
39035,201195,Baldwin Wallace University,"[0.7784, 0.0691, 0.0687, 0.0011, 0.0214, 0.0004, 0.0022, 0.0543]",0.6188
39003,201371,Bluffton University,"[0.7273, 0.0277, 0.1341, 0.0015, 0.0046, 0.0, 0.0508, 0.0262]",0.551
39173,201441,Bowling Green State University-Main Campus,"[0.8008, 0.0488, 0.0673, 0.0013, 0.0117, 0.0007, 0.0236, 0.0337]",0.65
39049,201548,Capital University,"[0.6987, 0.0604, 0.116, 0.0016, 0.0262, 0.0, 0.0084, 0.0714]",0.5111
39035,201645,Case Western Reserve University,"[0.3619, 0.1156, 0.065, 0.0007, 0.2534, 0.0005, 0.01, 0.0542]",0.2158
39057,201654,Cedarville University,"[0.8655, 0.0296, 0.0135, 0.001, 0.0317, 0.0003, 0.0055, 0.028]",0.752
39057,201690,Central State University,"[0.2608, 0.1201, 0.3307, 0.0052, 0.0234, 0.0, 0.1918, 0.0465]",0.2313
39061,201821,The Christ College of Nursing and Health Sciences,"[0.7395, 0.0291, 0.1488, 0.0012, 0.0326, 0.0012, 0.0395, 0.0081]",0.5725
39061,201867,Cincinnati College of Mortuary Science,"[0.8022, 0.033, 0.0769, 0.0, 0.0, 0.0, 0.0659, 0.022]",0.6554
39061,201885,University of Cincinnati-Main Campus,"[0.7141, 0.0416, 0.0761, 0.0013, 0.0534, 0.0005, 0.0203, 0.0434]",0.5226
39129,201964,Ohio Christian University,"[0.6372, 0.0441, 0.2056, 0.0022, 0.0118, 0.0054, 0.0635, 0.0301]",0.4554
39035,202046,Cleveland Institute of Art,"[0.68, 0.0974, 0.0974, 0.0, 0.0278, 0.0017, 0.0035, 0.0783]",0.4883
39035,202073,Cleveland Institute of Music,"[0.4639, 0.0773, 0.0258, 0.0206, 0.201, 0.0, 0.0103, 0.0515]",0.2654
39035,202134,Cleveland State University,"[0.604, 0.0856, 0.1668, 0.0026, 0.0396, 0.0012, 0.0112, 0.0408]",0.4033
39049,202170,Columbus College of Art & Design,"[0.659, 0.0774, 0.1109, 0.0, 0.0397, 0.0, 0.0408, 0.0523]",0.4585
39113,202480,University of Dayton,"[0.7911, 0.0709, 0.0508, 0.001, 0.0162, 0.0008, 0.0072, 0.0325]",0.6348
39039,202514,Defiance College,"[0.6381, 0.0753, 0.2594, 0.0021, 0.0021, 0.0, 0.0021, 0.0209]",0.4806
39089,202523,Denison University,"[0.6089, 0.0707, 0.0569, 0.0, 0.0337, 0.0004, 0.0195, 0.0403]",0.3821
39063,202763,The University of Findlay,"[0.7377, 0.0199, 0.0545, 0.0031, 0.016, 0.0004, 0.1165, 0.0244]",0.562
39049,202806,Franklin University,"[0.5796, 0.0842, 0.1917, 0.0088, 0.027, 0.0023, 0.0666, 0.0375]",0.3864
39147,203085,Heidelberg University,"[0.8072, 0.0296, 0.1051, 0.0033, 0.0044, 0.0, 0.0164, 0.0285]",0.6646
39133,203128,Hiram College,"[0.4803, 0.0923, 0.0977, 0.0, 0.0054, 0.0, 0.2944, 0.019]",0.3358
39035,203368,John Carroll University,"[0.8418, 0.045, 0.0454, 0.0008, 0.0284, 0.0, 0.0064, 0.0246]",0.7142
39133,203517,Kent State University at Kent,"[0.7497, 0.043, 0.0906, 0.0015, 0.022, 0.0006, 0.0215, 0.0399]",0.5746
39083,203535,Kenyon College,"[0.6638, 0.0762, 0.0293, 0.0, 0.0448, 0.0005, 0.0128, 0.0543]",0.4524
39113,203544,Kettering College,"[0.6661, 0.0542, 0.1031, 0.0, 0.035, 0.0035, 0.0315, 0.0175]",0.4598
39085,203580,Lake Erie College,"[0.6344, 0.071, 0.1375, 0.0196, 0.0045, 0.003, 0.0574, 0.0302]",0.431
39095,203757,Lourdes University,"[0.741, 0.0307, 0.1642, 0.0027, 0.012, 0.004, 0.0454, 0.0]",0.5792
39151,203775,Malone University,"[0.7359, 0.033, 0.0733, 0.0012, 0.0134, 0.0, 0.0929, 0.0281]",0.5576
39167,203845,Marietta College,"[0.8205, 0.031, 0.0432, 0.0, 0.0066, 0.0009, 0.0244, 0.0517]",0.6794
39095,203960,Mercy College of Ohio,"[0.7188, 0.0759, 0.1429, 0.0018, 0.0172, 0.0009, 0.0009, 0.0416]",0.5449
39017,204006,Miami University-Hamilton,"[0.7075, 0.0479, 0.078, 0.0015, 0.0339, 0.0015, 0.0232, 0.0426]",0.5124
39017,204015,Miami University-Middletown,"[0.7294, 0.0338, 0.0581, 0.0032, 0.0148, 0.0011, 0.0201, 0.0433]",0.5391
39017,204024,Miami University-Oxford,"[0.802, 0.048, 0.0295, 0.002, 0.0255, 0.0003, 0.0066, 0.0374]",0.6485
39049,204176,Mount Carmel College of Nursing,"[0.6306, 0.0255, 0.2357, 0.0064, 0.0589, 0.0016, 0.0064, 0.035]",0.4586
39151,204185,University of Mount Union,"[0.775, 0.03, 0.0691, 0.0016, 0.0118, 0.0, 0.0686, 0.0182]",0.6115
39083,204194,Mount Vernon Nazarene University,"[0.8764, 0.0277, 0.0236, 0.0034, 0.0074, 0.0014, 0.0155, 0.0385]",0.7712
39061,204200,Mount St. Joseph University,"[0.7589, 0.0431, 0.1234, 0.001, 0.0134, 0.0, 0.0077, 0.0526]",0.596
39119,204264,Muskingum University,"[0.8099, 0.023, 0.0794, 0.0021, 0.0077, 0.0, 0.0237, 0.0446]",0.6654
39093,204501,Oberlin College,"[0.6149, 0.082, 0.0455, 0.0, 0.0516, 0.0, 0.0121, 0.0954]",0.3988
39049,204617,Ohio Dominican University,"[0.5346, 0.0667, 0.2491, 0.0088, 0.0138, 0.0, 0.034, 0.044]",0.3557
39065,204635,Ohio Northern University,"[0.8068, 0.0021, 0.0308, 0.0025, 0.0162, 0.0025, 0.072, 0.0525]",0.6601
39003,204671,Ohio State University-Lima Campus,"[0.7962, 0.0438, 0.0534, 0.0, 0.0219, 0.0014, 0.0328, 0.0506]",0.6428
39049,204796,Ohio State University-Main Campus,"[0.6325, 0.0539, 0.0775, 0.0005, 0.0906, 0.0005, 0.0303, 0.0446]",0.4201
39013,204802,Ohio University-Eastern Campus,"[0.8785, 0.0139, 0.0243, 0.0069, 0.0069, 0.0, 0.0278, 0.0347]",0.7746
39141,204820,Ohio University-Chillicothe Campus,"[0.8588, 0.0224, 0.0303, 0.0, 0.0013, 0.0, 0.0383, 0.0462]",0.7426
39009,204857,Ohio University-Main Campus,"[0.8144, 0.0443, 0.0551, 0.0009, 0.0159, 0.0006, 0.0207, 0.0365]",0.6703
39119,204866,Ohio University-Zanesville Campus,"[0.8643, 0.0125, 0.0321, 0.0, 0.0107, 0.0054, 0.0321, 0.0375]",0.7508
39041,204909,Ohio Wesleyan University,"[0.7173, 0.055, 0.0692, 0.0007, 0.0321, 0.0021, 0.0107, 0.0457]",0.5256
39049,204936,Otterbein University,"[0.733, 0.0629, 0.0944, 0.001, 0.0339, 0.0052, 0.0196, 0.0501]",0.5542
39049,205027,Pontifical College Josephinum,"[0.7941, 0.0882, 0.0588, 0.0, 0.0, 0.0, 0.0, 0.0]",0.6418
39085,205124,Rabbinical College Telshe,"[1.0, 0.0, 0.0, 0.0, 0.0, 0.0, 0.0, 0.0]",1.0
39145,205443,Shawnee State University,"[0.5489, 0.0, 0.0243, 0.0049, 0.0058, 0.0008, 0.4153, 0.0]",0.4744
39081,205957,Franciscan University of Steubenville,"[0.7328, 0.1708, 0.0092, 0.0031, 0.028, 0.0038, 0.0219, 0.0207]",0.568
39147,206048,Tiffin University,"[0.5063, 0.0141, 0.1743, 0.002, 0.0156, 0.0005, 0.2151, 0.0262]",0.3341
39095,206084,University of Toledo,"[0.6802, 0.0563, 0.0951, 0.0008, 0.031, 0.0011, 0.0262, 0.0389]",0.478
39035,206349,Ursuline College,"[0.5356, 0.0113, 0.2702, 0.0016, 0.0405, 0.0032, 0.0356, 0.0728]",0.3682
39151,206437,Walsh University,"[0.5578, 0.0261, 0.0626, 0.0007, 0.0096, 0.0, 0.2105, 0.0316]",0.3611
39057,206491,Wilberforce University,"[0.0042, 0.0, 0.7733, 0.0, 0.0, 0.0, 0.2225, 0.0]",0.6475
39027,206507,Wilmington College,"[0.7557, 0.0356, 0.1039, 0.003, 0.0059, 0.003, 0.0366, 0.0406]",0.5862
39023,206525,Wittenberg University,"[0.7368, 0.0567, 0.098, 0.0024, 0.0121, 0.0, 0.03, 0.0599]",0.5603
39169,206589,The College of Wooster,"[0.5969, 0.0622, 0.0959, 0.0015, 0.0398, 0.0005, 0.0122, 0.0403]",0.3727
39057,206604,Wright State University-Main Campus,"[0.7196, 0.0466, 0.1181, 0.0021, 0.0322, 0.0003, 0.0028, 0.0572]",0.5383
39107,206613,Wright State University-Lake Campus,"[0.8933, 0.0173, 0.0356, 0.0, 0.0132, 0.001, 0.0061, 0.0295]",0.8006
39061,206622,Xavier University,"[0.7459, 0.0583, 0.1059, 0.001, 0.026, 0.0012, 0.0112, 0.0387]",0.5733
39099,206695,Youngstown State University,"[0.7499, 0.0453, 0.0729, 0.0013, 0.0159, 0.0004, 0.0355, 0.0363]",0.5725
40147,206835,Oklahoma Wesleyan University,"[0.5152, 0.0983, 0.0956, 0.0623, 0.0097, 0.0055, 0.0665, 0.0706]",0.2976
40109,206862,Southern Nazarene University,"[0.5207, 0.176, 0.1385, 0.0422, 0.0175, 0.0032, 0.0016, 0.0732]",0.3287
40031,206914,Cameron University,"[0.4835, 0.1699, 0.1052, 0.0545, 0.0212, 0.003, 0.0322, 0.1033]",0.2888
40109,206941,University of Central Oklahoma,"[0.5202, 0.1453, 0.0843, 0.0369, 0.0444, 0.0016, 0.0181, 0.1172]",0.3162
40123,207041,East Central University,"[0.4946, 0.0762, 0.0813, 0.1807, 0.0689, 0.0046, 0.0437, 0.024]",0.297
40027,207157,Randall University,"[0.3967, 0.2397, 0.0537, 0.062, 0.0, 0.0, 0.0372, 0.0826]",0.2298
40083,207209,Langston University,"[0.0468, 0.0299, 0.7909, 0.0671, 0.0045, 0.0011, 0.0158, 0.0321]",0.6344
40021,207263,Northeastern State University,"[0.4647, 0.0768, 0.0444, 0.2143, 0.0231, 0.0008, 0.0145, 0.1468]",0.292
40151,207306,Northwestern Oklahoma State University,"[0.6119, 0.1329, 0.0692, 0.0937, 0.0056, 0.0014, 0.0385, 0.0217]",0.4076
40109,207324,Oklahoma Christian University,"[0.6083, 0.0857, 0.077, 0.0199, 0.0172, 0.0011, 0.007, 0.0867]",0.3916
40109,207342,University of Oklahoma-Health Sciences Center,"[0.6152, 0.1279, 0.0457, 0.0284, 0.0751, 0.003, 0.0883, 0.0091]",0.4113
40139,207351,Oklahoma Panhandle State University,"[0.5044, 0.2375, 0.1023, 0.04, 0.0071, 0.0, 0.0, 0.0667]",0.3274
40119,207388,Oklahoma State University-Main Campus,"[0.67, 0.0925, 0.0418, 0.0464, 0.0209, 0.0009, 0.0009, 0.1066]",0.4732
40125,207403,Oklahoma Baptist University,"[0.6693, 0.0144, 0.0746, 0.0538, 0.0088, 0.0, 0.012, 0.1597]",0.4824
40109,207458,Oklahoma City University,"[0.6272, 0.131, 0.0528, 0.0201, 0.0253, 0.0015, 0.0045, 0.0938]",0.4232
40027,207500,University of Oklahoma-Norman Campus,"[0.5752, 0.1341, 0.0474, 0.0324, 0.0714, 0.0009, 0.0121, 0.098]",0.367
40143,207582,Oral Roberts University,"[0.3732, 0.1566, 0.1437, 0.0234, 0.0462, 0.0, 0.0594, 0.0446]",0.1927
40131,207661,Rogers State University,"[0.5241, 0.0798, 0.0459, 0.158, 0.0183, 0.0008, 0.0164, 0.1276]",0.325
40051,207722,University of Science and Arts of Oklahoma,"[0.6089, 0.0594, 0.0495, 0.0495, 0.0087, 0.0, 0.0248, 0.1262]",0.3958
40013,207847,Southeastern Oklahoma State University,"[0.5114, 0.0901, 0.0522, 0.1269, 0.007, 0.0, 0.0, 0.1938]",0.3261
40109,207856,Southwestern Christian University,"[0.4342, 0.0744, 0.1414, 0.0868, 0.0074, 0.0074, 0.0025, 0.0918]",0.2301
40039,207865,Southwestern Oklahoma State University,"[0.6132, 0.1349, 0.0559, 0.0381, 0.0108, 0.0019, 0.0228, 0.1046]",0.4104
40143,207971,University of Tulsa,"[0.4962, 0.1263, 0.0823, 0.0295, 0.0678, 0.0019, 0.0421, 0.098]",0.2858
41061,208646,Eastern Oregon University,"[0.6888, 0.1393, 0.0186, 0.0155, 0.0102, 0.0265, 0.0447, 0.0442]",0.4992
41039,208725,New Hope Christian College-Eugene,"[0.2973, 0.2432, 0.027, 0.0541, 0.1351, 0.1081, 0.0, 0.1081]",0.1928
41071,208822,George Fox University,"[0.6497, 0.1631, 0.022, 0.0044, 0.0549, 0.0048, 0.0204, 0.0782]",0.4588
41051,209056,Lewis & Clark College,"[0.6863, 0.1093, 0.0265, 0.0005, 0.0457, 0.0018, 0.0069, 0.0796]",0.4921
41071,209065,Linfield University,"[0.6077, 0.2046, 0.0138, 0.0054, 0.066, 0.0078, 0.0162, 0.0726]",0.4213
41047,209241,Mount Angel Seminary,"[0.2857, 0.5357, 0.0, 0.0, 0.0357, 0.0, 0.0, 0.1429]",0.3903
41051,209296,National University of Natural Medicine,"[0.4545, 0.1818, 0.0, 0.0, 0.0, 0.0, 0.1818, 0.0909]",0.2809
41039,209409,Bushnell University,"[0.6589, 0.1242, 0.0379, 0.0126, 0.0295, 0.0274, 0.0105, 0.08]",0.4593
41051,209490,Oregon Health & Science University,"[0.5864, 0.2314, 0.0253, 0.0066, 0.0638, 0.0106, 0.008, 0.0625]",0.4062
41035,209506,Oregon Institute of Technology,"[0.6684, 0.1467, 0.0207, 0.0104, 0.0638, 0.0036, 0.0133, 0.0599]",0.4767
41003,209542,Oregon State University,"[0.6342, 0.1235, 0.0175, 0.0056, 0.0853, 0.003, 0.024, 0.071]",0.4307
41039,209551,University of Oregon,"[0.6177, 0.1536, 0.0254, 0.004, 0.0661, 0.0043, 0.0142, 0.0911]",0.4187
41051,209603,Pacific Northwest College of Art,"[0.6303, 0.0904, 0.0426, 0.008, 0.0346, 0.0053, 0.0691, 0.0984]",0.423
41067,209612,Pacific University,"[0.4463, 0.1785, 0.0213, 0.0019, 0.1371, 0.0246, 0.0602, 0.1216]",0.2693
41051,209807,Portland State University,"[0.4895, 0.2193, 0.0479, 0.0142, 0.0984, 0.0057, 0.0273, 0.0691]",0.3054
41051,209825,University of Portland,"[0.4471, 0.1707, 0.0232, 0.0039, 0.1986, 0.0131, 0.0145, 0.0968]",0.2788
41051,209922,Reed College,"[0.6017, 0.1205, 0.0107, 0.002, 0.077, 0.0, 0.0074, 0.1004]",0.3927
41029,210146,Southern Oregon University,"[0.5566, 0.1384, 0.0238, 0.0145, 0.0217, 0.0097, 0.128, 0.0945]",0.3556
41051,210304,Warner Pacific University,"[0.38, 0.3, 0.1, 0.0314, 0.1286, 0.0114, 0.0143, 0.0343]",0.2634
41047,210331,Corban University,"[0.5912, 0.1484, 0.0226, 0.0075, 0.0277, 0.0063, 0.1019, 0.0881]",0.3911
41047,210401,Willamette University,"[0.6667, 0.1476, 0.0187, 0.006, 0.0487, 0.006, 0.018, 0.0779]",0.4755
41053,210429,Western Oregon University,"[0.5811, 0.2378, 0.0279, 0.0091, 0.0273, 0.0146, 0.0298, 0.0601]",0.4005
41051,210438,University of Western States,"[0.5, 0.0, 0.0, 0.0, 0.0, 0.0, 0.0, 0.0]",0.25
42091,210492,Bryn Athyn College of the New Church,"[0.583, 0.0185, 0.1661, 0.0, 0.0406, 0.0, 0.1476, 0.0295]",0.3921
42011,210571,Albright College,"[0.4365, 0.181, 0.2672, 0.0016, 0.0196, 0.0, 0.0298, 0.0596]",0.2995
42039,210669,Allegheny College,"[0.6926, 0.0853, 0.0793, 0.0008, 0.0347, 0.0, 0.0257, 0.0408]",0.4968
42077,210739,DeSales University,"[0.7182, 0.1297, 0.0538, 0.0005, 0.0428, 0.0009, 0.0299, 0.0244]",0.5389
42011,210775,Alvernia University,"[0.6285, 0.137, 0.1055, 0.004, 0.018, 0.0005, 0.03, 0.034]",0.4273
42091,211088,Arcadia University,"[0.6011, 0.0989, 0.1291, 0.0046, 0.0514, 0.0, 0.0343, 0.0286]",0.3924
42045,211273,Bryn Mawr College,"[0.5107, 0.1013, 0.0506, 0.0007, 0.1106, 0.0, 0.0257, 0.0556]",0.2896
42119,211291,Bucknell University,"[0.7567, 0.0726, 0.0413, 0.0003, 0.045, 0.0005, 0.0005, 0.037]",0.583
42003,211431,Carlow University,"[0.6935, 0.0282, 0.1866, 0.0056, 0.0306, 0.0, 0.0105, 0.041]",0.5193
42003,211440,Carnegie Mellon University,"[0.2176, 0.1048, 0.0407, 0.0003, 0.3372, 0.0006, 0.0555, 0.0512]",0.1794
42077,211468,Cedar Crest College,"[0.5413, 0.1533, 0.0922, 0.0, 0.0397, 0.0, 0.0965, 0.0279]",0.3367
42041,211477,Central Penn College,"[0.4882, 0.1244, 0.1943, 0.0083, 0.0273, 0.0, 0.0758, 0.0438]",0.3
42003,211556,Chatham University,"[0.7672, 0.0563, 0.0621, 0.0017, 0.0373, 0.0, 0.0456, 0.0025]",0.5991
42101,211583,Chestnut Hill College,"[0.3312, 0.1331, 0.2929, 0.0021, 0.0117, 0.0, 0.1693, 0.033]",0.2431
42045,211608,Cheyney University of Pennsylvania,"[0.0117, 0.0466, 0.8513, 0.0044, 0.0087, 0.0, 0.0175, 0.0496]",0.7299
42101,211893,Curtis Institute of Music,"[0.3786, 0.0291, 0.0291, 0.0, 0.1262, 0.0, 0.0, 0.0]",0.161
42017,211981,Delaware Valley University,"[0.7032, 0.0871, 0.0987, 0.0025, 0.0123, 0.0012, 0.065, 0.0294]",0.5171
42041,212009,Dickinson College,"[0.6519, 0.0744, 0.0451, 0.0005, 0.0523, 0.0005, 0.0125, 0.0451]",0.4375
42101,212054,Drexel University,"[0.4494, 0.0796, 0.0801, 0.0006, 0.2333, 0.0003, 0.0228, 0.042]",0.2714
42003,212106,Duquesne University,"[0.8009, 0.0462, 0.0484, 0.0014, 0.0358, 0.0008, 0.009, 0.0346]",0.6485
42089,212115,East Stroudsburg University of Pennsylvania,"[0.5321, 0.1765, 0.2026, 0.0014, 0.0185, 0.0019, 0.0266, 0.0333]",0.3575
42029,212133,Eastern University,"[0.4303, 0.1401, 0.2677, 0.0012, 0.0201, 0.0006, 0.0745, 0.0343]",0.2836
42071,212197,Elizabethtown College,"[0.8291, 0.0711, 0.0282, 0.0012, 0.0223, 0.0, 0.01, 0.0235]",0.6944
42071,212577,Franklin and Marshall College,"[0.5619, 0.1032, 0.0549, 0.0015, 0.0443, 0.0, 0.0096, 0.0347]",0.3327
42049,212601,Gannon University,"[0.6696, 0.0491, 0.0576, 0.0004, 0.0259, 0.0004, 0.0274, 0.0371]",0.4569
42007,212656,Geneva College,"[0.8055, 0.0346, 0.0573, 0.0, 0.0138, 0.001, 0.0346, 0.0296]",0.6556
42001,212674,Gettysburg College,"[0.6668, 0.1167, 0.047, 0.0013, 0.0318, 0.0009, 0.0268, 0.0291]",0.463
42091,212771,Gratz College,"[0.8879, 0.0, 0.0, 0.0, 0.0, 0.0, 0.1121, 0.0]",0.8009
42085,212805,Grove City College,"[0.9083, 0.0074, 0.0042, 0.0, 0.0222, 0.0, 0.0014, 0.0468]",0.8278
42091,212832,Gwynedd Mercy University,"[0.6196, 0.0707, 0.166, 0.0016, 0.0649, 0.0, 0.0559, 0.0214]",0.4243
42091,212911,Haverford College,"[0.494, 0.1284, 0.0529, 0.0, 0.1235, 0.0, 0.0085, 0.0854]",0.2859
42101,212984,Holy Family University,"[0.5776, 0.124, 0.1585, 0.0019, 0.076, 0.0033, 0.0415, 0.0084]",0.3817
42029,213011,Immaculata University,"[0.7188, 0.1066, 0.1042, 0.0008, 0.0256, 0.0008, 0.0232, 0.0128]",0.5403
42063,213020,Indiana University of Pennsylvania-Main Campus,"[0.7553, 0.052, 0.105, 0.0065, 0.0129, 0.0005, 0.0156, 0.0434]",0.5865
42061,213251,Juniata College,"[0.7151, 0.0771, 0.0466, 0.0009, 0.0233, 0.0, 0.0143, 0.0385]",0.5217
42069,213303,Keystone College,"[0.666, 0.0872, 0.1269, 0.0089, 0.005, 0.002, 0.0634, 0.0357]",0.4727
42079,213321,King's College,"[0.7442, 0.1122, 0.0495, 0.0025, 0.0288, 0.0, 0.0219, 0.0288]",0.571
42011,213349,Kutztown University of Pennsylvania,"[0.7185, 0.1134, 0.0751, 0.0013, 0.0227, 0.0009, 0.0219, 0.0368]",0.5371
42003,213358,La Roche University,"[0.5718, 0.0353, 0.0403, 0.0, 0.0101, 0.0441, 0.0542, 0.0542]",0.3377
42101,213367,La Salle University,"[0.4571, 0.1776, 0.2193, 0.0013, 0.0527, 0.0004, 0.011, 0.0308]",0.2924
42095,213385,Lafayette College,"[0.6774, 0.0822, 0.0536, 0.0015, 0.0411, 0.0, 0.0239, 0.0433]",0.4726
42071,213400,Lancaster Bible College,"[0.619, 0.0319, 0.2263, 0.0016, 0.0171, 0.0008, 0.0661, 0.0373]",0.4414
42075,213507,Lebanon Valley College,"[0.8436, 0.0593, 0.0278, 0.0, 0.0235, 0.0006, 0.0049, 0.0315]",0.7175
42095,213543,Lehigh University,"[0.5973, 0.1021, 0.0526, 0.0009, 0.0994, 0.0004, 0.0251, 0.0428]",0.3823
42029,213598,Lincoln University,"[0.0088, 0.0681, 0.8281, 0.0029, 0.0006, 0.0006, 0.0276, 0.0364]",0.6926
42081,213668,Lycoming College,"[0.6128, 0.1405, 0.1262, 0.0019, 0.0134, 0.0, 0.043, 0.0335]",0.4143
42069,213826,Marywood University,"[0.7769, 0.0976, 0.0257, 0.0022, 0.0201, 0.0011, 0.0457, 0.0245]",0.6169
42049,213987,Mercyhurst University,"[0.7664, 0.0477, 0.0524, 0.003, 0.0093, 0.0, 0.071, 0.0059]",0.5976
42041,213996,Messiah University,"[0.78, 0.0782, 0.0352, 0.0009, 0.0344, 0.0009, 0.003, 0.04]",0.6185
42071,214041,Millersville University of Pennsylvania,"[0.7448, 0.0979, 0.09, 0.0028, 0.0328, 0.0011, 0.0082, 0.0109]",0.5737
42079,214069,Misericordia University,"[0.8263, 0.0475, 0.0359, 0.0006, 0.0133, 0.0012, 0.0463, 0.0278]",0.6894
42101,214148,Moore College of Art and Design,"[0.5577, 0.0704, 0.1606, 0.0, 0.0507, 0.0085, 0.093, 0.0592]",0.3566
42077,214157,Moravian University,"[0.6985, 0.1518, 0.0477, 0.0027, 0.0258, 0.0011, 0.0483, 0.0182]",0.5166
42021,214166,Mount Aloysius College,"[0.763, 0.01, 0.0283, 0.0055, 0.0109, 0.0, 0.1212, 0.0]",0.5979
42077,214175,Muhlenberg College,"[0.7196, 0.1123, 0.0429, 0.0, 0.0341, 0.001, 0.0383, 0.0378]",0.5363
42045,214272,Neumann University,"[0.521, 0.0828, 0.2972, 0.0019, 0.0263, 0.0013, 0.0207, 0.0364]",0.3691
42049,214591,Pennsylvania State University-Penn State Erie-Behrend College,"[0.7888, 0.0435, 0.0337, 0.0006, 0.0438, 0.001, 0.0143, 0.0302]",0.6283
42129,214625,Pennsylvania State University-Penn State New Kensington,"[0.8091, 0.0545, 0.0636, 0.0, 0.0136, 0.0, 0.0114, 0.0364]",0.6633
42085,214634,Pennsylvania State University-Penn State Shenango,"[0.704, 0.0359, 0.139, 0.0, 0.009, 0.0045, 0.0493, 0.0583]",0.5222
42079,214643,Pennsylvania State University-Penn State Wilkes-Barre,"[0.7607, 0.0798, 0.0969, 0.0, 0.0114, 0.0028, 0.0085, 0.0342]",0.5958
42069,214652,Pennsylvania State University-Penn State Scranton,"[0.6593, 0.1279, 0.0547, 0.0035, 0.1058, 0.0, 0.0116, 0.0279]",0.4661
42077,214670,Pennsylvania State University-Penn State Lehigh Valley,"[0.516, 0.2159, 0.0664, 0.0, 0.1174, 0.0, 0.0261, 0.0356]",0.333
42013,214689,Pennsylvania State University-Penn State Altoona,"[0.7368, 0.0733, 0.0608, 0.0016, 0.0405, 0.0008, 0.0156, 0.0288]",0.5547
42007,214698,Pennsylvania State University-Penn State Beaver,"[0.7137, 0.0875, 0.0994, 0.0, 0.0278, 0.0, 0.008, 0.0477]",0.53
42011,214704,Pennsylvania State University-Penn State Berks,"[0.6235, 0.1502, 0.0781, 0.0025, 0.0667, 0.0, 0.0212, 0.0267]",0.423
42043,214713,Pennsylvania State University-Penn State Harrisburg,"[0.474, 0.0873, 0.0952, 0.0012, 0.133, 0.0002, 0.018, 0.0353]",0.2606
42045,214731,Pennsylvania State University-Penn State Brandywine,"[0.5038, 0.09, 0.1741, 0.0, 0.1228, 0.0, 0.0244, 0.0505]",0.3105
42051,214759,Pennsylvania State University-Penn State Fayette- Eberly,"[0.8738, 0.0286, 0.0452, 0.0, 0.0119, 0.0071, 0.0071, 0.0262]",0.7673
42079,214768,Pennsylvania State University-Penn State Hazleton,"[0.5404, 0.2447, 0.0915, 0.0, 0.0447, 0.0021, 0.0191, 0.0447]",0.3646
42027,214777,Pennsylvania State University-Main Campus,"[0.6288, 0.0838, 0.0446, 0.0011, 0.0705, 0.0008, 0.0247, 0.0362]",0.4113
42003,214786,Pennsylvania State University-Penn State Greater Allegheny,"[0.5506, 0.059, 0.2247, 0.0, 0.0534, 0.0028, 0.0169, 0.073]",0.3656
42055,214795,Pennsylvania State University-Penn State Mont Alto,"[0.7796, 0.0719, 0.0431, 0.0016, 0.0383, 0.0, 0.0144, 0.0447]",0.6185
42091,214801,Pennsylvania State University-Penn State Abington,"[0.4365, 0.1247, 0.1354, 0.0023, 0.1794, 0.001, 0.0153, 0.0332]",0.2579
42107,214810,Pennsylvania State University-Penn State Schuylkill,"[0.6981, 0.0927, 0.1265, 0.0034, 0.0304, 0.0017, 0.0118, 0.0287]",0.5138
42133,214829,Pennsylvania State University-Penn State York,"[0.6616, 0.1042, 0.0755, 0.003, 0.0665, 0.0015, 0.0211, 0.0257]",0.4598
42101,214883,Peirce College,"[0.1919, 0.1353, 0.5164, 0.0079, 0.0329, 0.0026, 0.0959, 0.0171]",0.3324
42101,214971,Pennsylvania Academy of the Fine Arts,"[0.5526, 0.1053, 0.0965, 0.0088, 0.0526, 0.0, 0.0263, 0.0614]",0.3331
42071,215053,Pennsylvania College of Art and Design,"[0.7076, 0.0085, 0.1271, 0.0, 0.0593, 0.0042, 0.0636, 0.0297]",0.5254
42101,215062,University of Pennsylvania,"[0.3241, 0.1036, 0.0813, 0.001, 0.267, 0.0001, 0.0452, 0.0516]",0.1984
42017,215114,Cairn University-Langhorne,"[0.6679, 0.0321, 0.0769, 0.0, 0.0295, 0.0, 0.0359, 0.0923]",0.4637
42083,215266,University of Pittsburgh-Bradford,"[0.6603, 0.0561, 0.1389, 0.0038, 0.0428, 0.001, 0.0219, 0.0428]",0.4626
42129,215275,University of Pittsburgh-Greensburg,"[0.7611, 0.0499, 0.0726, 0.0, 0.0423, 0.0008, 0.0227, 0.0385]",0.5908
42021,215284,University of Pittsburgh-Johnstown,"[0.7538, 0.052, 0.0481, 0.001, 0.0289, 0.0005, 0.076, 0.0231]",0.5804
42003,215293,University of Pittsburgh-Pittsburgh Campus,"[0.6239, 0.0685, 0.0541, 0.0003, 0.1406, 0.0001, 0.0192, 0.0459]",0.4191
42003,215442,Point Park University,"[0.6718, 0.1004, 0.1241, 0.0017, 0.0207, 0.0012, 0.0066, 0.0419]",0.479
42003,215655,Robert Morris University,"[0.7586, 0.0251, 0.0712, 0.0022, 0.0145, 0.0004, 0.0098, 0.0618]",0.5853
42045,215691,Rosemont College,"[0.2937, 0.1278, 0.2444, 0.0, 0.0157, 0.0, 0.2892, 0.0247]",0.2468
42021,215743,Saint Francis University,"[0.8151, 0.0098, 0.0598, 0.0018, 0.0238, 0.0018, 0.0543, 0.0323]",0.6726
42101,215770,Saint Joseph's University - Philadelphia,"[0.6714, 0.0904, 0.0629, 0.001, 0.1085, 0.0004, 0.0133, 0.0297]",0.4757
42129,215798,Saint Vincent College,"[0.8112, 0.0487, 0.0554, 0.0, 0.015, 0.0015, 0.0195, 0.0307]",0.665
42069,215929,University of Scranton,"[0.7408, 0.1232, 0.0356, 0.0011, 0.0356, 0.0011, 0.0299, 0.0262]",0.5681
42129,215947,Seton Hill University,"[0.8037, 0.0384, 0.0724, 0.0006, 0.0204, 0.0, 0.0186, 0.0229]",0.6539
42041,216010,Shippensburg University of Pennsylvania,"[0.7252, 0.0703, 0.1286, 0.0012, 0.0152, 0.0002, 0.0065, 0.0462]",0.5498
42019,216038,Slippery Rock University of Pennsylvania,"[0.8418, 0.0297, 0.0444, 0.0022, 0.0091, 0.0006, 0.0151, 0.0358]",0.7131
42091,216047,Saint Charles Borromeo Seminary-Overbrook,"[0.6563, 0.1875, 0.0313, 0.0, 0.0625, 0.0, 0.0, 0.0625]",0.4747
42109,216278,Susquehanna University,"[0.791, 0.0664, 0.0622, 0.0005, 0.0168, 0.0009, 0.0262, 0.0271]",0.6357
42045,216287,Swarthmore College,"[0.3162, 0.1427, 0.0902, 0.0043, 0.1767, 0.0006, 0.0315, 0.0976]",0.1702
42101,216311,Talmudical Yeshiva of Philadelphia,"[0.9675, 0.0, 0.0, 0.0, 0.0, 0.0, 0.0, 0.0]",0.9361
42101,216339,Temple University,"[0.5018, 0.0923, 0.1599, 0.0015, 0.1407, 0.0006, 0.0277, 0.0437]",0.3084
42085,216357,Thiel College,"[0.768, 0.0258, 0.116, 0.0026, 0.0142, 0.0026, 0.0361, 0.0348]",0.6067
42101,216366,Thomas Jefferson University,"[0.4934, 0.1163, 0.1412, 0.0013, 0.1519, 0.0003, 0.0222, 0.0508]",0.3031
42091,216524,Ursinus College,"[0.7495, 0.0704, 0.0718, 0.002, 0.0346, 0.0, 0.0246, 0.0432]",0.5755
42029,216542,University of Valley Forge,"[0.4622, 0.2597, 0.1595, 0.0102, 0.0245, 0.0, 0.0061, 0.0389]",0.3088
42091,216597,Villanova University,"[0.6828, 0.1093, 0.0573, 0.0004, 0.0725, 0.0009, 0.0156, 0.0404]",0.4886
42125,216667,Washington & Jefferson College,"[0.7647, 0.0553, 0.0746, 0.0026, 0.0167, 0.0009, 0.014, 0.0606]",0.5975
42059,216694,Waynesburg University,"[0.8555, 0.0366, 0.0497, 0.0019, 0.0075, 0.0019, 0.0038, 0.0394]",0.7373
42029,216764,West Chester University of Pennsylvania,"[0.7338, 0.0723, 0.1132, 0.0011, 0.0313, 0.0001, 0.0096, 0.036]",0.5589
42073,216807,Westminster College,"[0.7937, 0.0381, 0.0626, 0.0049, 0.0098, 0.002, 0.0508, 0.0362]",0.6393
42045,216852,Widener University,"[0.6554, 0.0625, 0.1819, 0.0016, 0.0426, 0.0008, 0.0294, 0.0119]",0.4694
42079,216931,Wilkes University,"[0.7237, 0.1019, 0.0525, 0.0005, 0.0236, 0.0005, 0.0042, 0.031]",0.5384
42055,217013,Wilson College,"[0.7717, 0.0803, 0.0819, 0.0016, 0.0079, 0.0047, 0.011, 0.0268]",0.6096
42133,217059,York College of Pennsylvania,"[0.7471, 0.0864, 0.0646, 0.0019, 0.0189, 0.0009, 0.0301, 0.0413]",0.5728
44007,217156,Brown University,"[0.3827, 0.1162, 0.0822, 0.0037, 0.1907, 0.0018, 0.0295, 0.0781]",0.2101
44007,217165,Bryant University,"[0.7554, 0.072, 0.0404, 0.0016, 0.0366, 0.0006, 0.0166, 0.0263]",0.5798
44007,217235,Johnson & Wales University-Providence,"[0.5857, 0.1575, 0.108, 0.0041, 0.0376, 0.0, 0.0461, 0.0255]",0.3837
44007,217402,Providence College,"[0.7701, 0.0955, 0.0354, 0.0003, 0.0159, 0.0013, 0.0349, 0.0285]",0.6057
44007,217420,Rhode Island College,"[0.5098, 0.2581, 0.1107, 0.0063, 0.0329, 0.0004, 0.0611, 0.0194]",0.344
44009,217484,University of Rhode Island,"[0.7426, 0.1091, 0.0484, 0.0014, 0.0328, 0.0003, 0.0188, 0.0356]",0.5684
44007,217493,Rhode Island School of Design,"[0.2272, 0.084, 0.0436, 0.0009, 0.2263, 0.0, 0.0185, 0.0574]",0.1154
44001,217518,Roger Williams University,"[0.7446, 0.0972, 0.0312, 0.0025, 0.0184, 0.0008, 0.0695, 0.028]",0.5708
44005,217536,Salve Regina University,"[0.7981, 0.0906, 0.0152, 0.0005, 0.0129, 0.0014, 0.0317, 0.0281]",0.6474
25009,217606,Northpoint Bible College,"[0.6796, 0.105, 0.0994, 0.0, 0.0055, 0.0055, 0.0387, 0.0221]",0.4848
45079,217624,Allen University,"[0.0033, 0.0232, 0.9303, 0.0166, 0.0017, 0.0, 0.01, 0.0017]",0.8664
45007,217633,Anderson University,"[0.8402, 0.0, 0.0409, 0.0017, 0.0179, 0.0003, 0.099, 0.0]",0.7177
45019,217688,Charleston Southern University,"[0.4857, 0.0585, 0.1617, 0.0022, 0.0119, 0.0029, 0.2198, 0.0364]",0.3153
45079,217721,Benedict College,"[0.0064, 0.0243, 0.7914, 0.0127, 0.0041, 0.0006, 0.0116, 0.0]",0.6273
45045,217749,Bob Jones University,"[0.7565, 0.08, 0.0194, 0.0025, 0.0333, 0.0034, 0.0211, 0.0139]",0.5808
45077,217776,Southern Wesleyan University,"[0.6654, 0.0627, 0.1692, 0.0, 0.005, 0.0, 0.0526, 0.0401]",0.4797
45019,217819,College of Charleston,"[0.7892, 0.0716, 0.0561, 0.0011, 0.0194, 0.0001, 0.0157, 0.0387]",0.6332
45019,217864,Citadel Military College of South Carolina,"[0.754, 0.0771, 0.0726, 0.0015, 0.0203, 0.0019, 0.0113, 0.0512]",0.5829
45075,217873,Claflin University,"[0.0376, 0.0116, 0.8913, 0.0058, 0.0052, 0.0, 0.0283, 0.0017]",0.7968
45077,217882,Clemson University,"[0.7712, 0.0788, 0.0541, 0.0024, 0.0295, 0.001, 0.0166, 0.0394]",0.6066
45091,217891,Clinton College,"[0.0203, 0.0, 0.9036, 0.0051, 0.0051, 0.0, 0.0051, 0.0609]",0.8207
45031,217907,Coker University,"[0.5252, 0.0543, 0.2743, 0.0065, 0.0078, 0.0013, 0.0, 0.0505]",0.3567
45079,217925,Columbia International University,"[0.5974, 0.0206, 0.209, 0.0039, 0.0168, 0.0, 0.0658, 0.0348]",0.4068
45079,217934,Columbia College,"[0.3926, 0.1039, 0.3829, 0.0079, 0.0176, 0.0009, 0.0704, 0.0141]",0.3171
45083,217961,Converse University,"[0.5274, 0.1144, 0.1381, 0.0311, 0.0336, 0.0037, 0.0647, 0.0249]",0.3172
45001,217998,Erskine College,"[0.5006, 0.069, 0.2366, 0.0166, 0.0166, 0.0024, 0.1581, 0.0]",0.3369
45041,218061,Francis Marion University,"[0.4747, 0.0421, 0.3931, 0.0056, 0.0127, 0.0004, 0.0119, 0.0376]",0.3834
45045,218070,Furman University,"[0.7656, 0.0601, 0.0588, 0.0013, 0.0364, 0.0004, 0.0053, 0.0369]",0.5959
45047,218229,Lander University,"[0.6473, 0.0205, 0.2387, 0.0063, 0.0033, 0.0065, 0.0045, 0.0458]",0.4786
45021,218238,Limestone University,"[0.4745, 0.0284, 0.3204, 0.0071, 0.0084, 0.0032, 0.1302, 0.0187]",0.346
45019,218335,Medical University of South Carolina,"[0.77, 0.0433, 0.1, 0.0, 0.0233, 0.0, 0.01, 0.0533]",0.6083
45085,218399,Morris College,"[0.0104, 0.0234, 0.9297, 0.0052, 0.0, 0.0, 0.0104, 0.0208]",0.8656
45071,218414,Newberry College,"[0.4094, 0.0488, 0.305, 0.007, 0.0046, 0.0031, 0.1494, 0.0]",0.2854
45045,218441,North Greenville University,"[0.6311, 0.0442, 0.0902, 0.0012, 0.0073, 0.0, 0.1872, 0.0242]",0.4441
45059,218539,Presbyterian College,"[0.6431, 0.0604, 0.1961, 0.0, 0.0091, 0.0034, 0.0011, 0.0468]",0.458
45003,218645,University of South Carolina Aiken,"[0.6092, 0.0738, 0.2229, 0.0018, 0.0138, 0.0004, 0.0085, 0.0536]",0.4294
45013,218654,University of South Carolina Beaufort,"[0.5995, 0.1029, 0.2101, 0.0027, 0.0085, 0.0011, 0.0048, 0.0462]",0.4164
45079,218663,University of South Carolina-Columbia,"[0.7354, 0.0579, 0.0904, 0.0014, 0.0426, 0.0008, 0.0111, 0.042]",0.556
45051,218724,Coastal Carolina University,"[0.7038, 0.062, 0.1425, 0.0028, 0.0098, 0.0015, 0.0288, 0.041]",0.5221
45075,218733,South Carolina State University,"[0.0183, 0.003, 0.8988, 0.0038, 0.0013, 0.0013, 0.0604, 0.0132]",0.812
45083,218742,University of South Carolina-Upstate,"[0.4614, 0.0863, 0.3391, 0.0012, 0.0316, 0.0005, 0.0168, 0.0487]",0.339
45009,218919,Voorhees University,"[0.0021, 0.0, 0.9302, 0.0, 0.0, 0.0, 0.0, 0.0]",0.8653
45091,218964,Winthrop University,"[0.5136, 0.0735, 0.3252, 0.0027, 0.0195, 0.0012, 0.0003, 0.053]",0.3781
45083,218973,Wofford College,"[0.7992, 0.0565, 0.0664, 0.0033, 0.0214, 0.0, 0.0, 0.0351]",0.648
46099,219000,Augustana University,"[0.7777, 0.0443, 0.0301, 0.0068, 0.0205, 0.0006, 0.0023, 0.0267]",0.6089
46081,219046,Black Hills State University,"[0.8903, 0.0326, 0.0057, 0.0181, 0.0036, 0.001, 0.0129, 0.0222]",0.7947
46079,219082,Dakota State University,"[0.7814, 0.0544, 0.0391, 0.0132, 0.0253, 0.0069, 0.019, 0.0338]",0.6174
46035,219091,Dakota Wesleyan University,"[0.7987, 0.0719, 0.0112, 0.0224, 0.0128, 0.0, 0.0144, 0.0447]",0.6461
46135,219198,Mount Marty University,"[0.71, 0.0592, 0.0693, 0.0231, 0.0058, 0.0058, 0.026, 0.0462]",0.5158
46103,219204,National American University-Rapid City,"[0.4067, 0.1464, 0.2636, 0.0195, 0.0152, 0.0022, 0.0803, 0.0662]",0.2678
46099,219240,Kairos University,"[0.8684, 0.0, 0.0263, 0.0263, 0.0526, 0.0, 0.0263, 0.0]",0.759
46013,219259,Northern State University,"[0.8021, 0.0501, 0.0374, 0.0278, 0.027, 0.0008, 0.0048, 0.0254]",0.6494
46103,219347,South Dakota School of Mines and Technology,"[0.8344, 0.0542, 0.0112, 0.0107, 0.0151, 0.0, 0.0303, 0.0283]",0.7013
46011,219356,South Dakota State University,"[0.8636, 0.0282, 0.0174, 0.0083, 0.0122, 0.0005, 0.0213, 0.0204]",0.748
46099,219383,University of Sioux Falls,"[0.7921, 0.0385, 0.0531, 0.0062, 0.0123, 0.0008, 0.0062, 0.0831]",0.6389
46027,219471,University of South Dakota,"[0.8135, 0.0526, 0.0359, 0.0175, 0.0116, 0.0006, 0.0118, 0.0317]",0.6674
47037,219505,American Baptist College,"[0.0, 0.02, 0.94, 0.0, 0.0, 0.0, 0.0, 0.0]",0.884
47125,219602,Austin Peay State University,"[0.5303, 0.1097, 0.2162, 0.0043, 0.0232, 0.0026, 0.0435, 0.0635]",0.3465
47157,219639,Baptist Health Sciences University,"[0.4208, 0.0502, 0.4402, 0.0064, 0.0245, 0.0, 0.0476, 0.0103]",0.3764
47037,219709,Belmont University,"[0.7729, 0.084, 0.0493, 0.0026, 0.0286, 0.0011, 0.0113, 0.043]",0.6097
47017,219718,Bethel University,"[0.5208, 0.0319, 0.3014, 0.0056, 0.0023, 0.0023, 0.0296, 0.0551]",0.367
47143,219790,Bryan College-Dayton,"[0.8379, 0.0374, 0.0465, 0.0011, 0.0079, 0.0045, 0.0227, 0.0147]",0.7065
47089,219806,Carson-Newman University,"[0.7328, 0.054, 0.094, 0.007, 0.0105, 0.0028, 0.0105, 0.0407]",0.5507
47157,219833,Christian Brothers University,"[0.2752, 0.1085, 0.1899, 0.0136, 0.0329, 0.0019, 0.2393, 0.1017]",0.1924
47189,219949,Cumberland University,"[0.5243, 0.0662, 0.107, 0.0057, 0.014, 0.0, 0.2182, 0.0171]",0.3389
47037,219976,Lipscomb University,"[0.701, 0.1027, 0.0702, 0.002, 0.0342, 0.0014, 0.0292, 0.0281]",0.5097
47179,220075,East Tennessee State University,"[0.7456, 0.0393, 0.0669, 0.0008, 0.018, 0.0001, 0.083, 0.0322]",0.5702
47037,220181,Fisk University,"[0.003, 0.0188, 0.7294, 0.0, 0.002, 0.0, 0.0773, 0.0119]",0.5385
47165,220206,Welch College,"[0.7814, 0.0405, 0.0607, 0.0, 0.0081, 0.0, 0.0729, 0.0283]",0.6221
47023,220215,Freed-Hardeman University,"[0.875, 0.0014, 0.0347, 0.0072, 0.0101, 0.0014, 0.0332, 0.0108]",0.7682
47093,220473,Johnson University,"[0.8308, 0.0329, 0.0434, 0.0015, 0.0045, 0.0, 0.0404, 0.0299]",0.6957
47163,220516,King University,"[0.8188, 0.0085, 0.0592, 0.0038, 0.0131, 0.0056, 0.0169, 0.0376]",0.6759
47113,220598,Lane College,"[0.0158, 0.0178, 0.7792, 0.0, 0.0, 0.0, 0.1772, 0.0099]",0.6392
47157,220604,Le Moyne-Owen College,"[0.0083, 0.0165, 0.9504, 0.0017, 0.0, 0.0, 0.0, 0.0]",0.9036
47011,220613,Lee University,"[0.8233, 0.016, 0.0426, 0.0031, 0.0143, 0.0017, 0.0252, 0.0471]",0.683
47025,220631,Lincoln Memorial University,"[0.77, 0.0534, 0.0575, 0.0082, 0.0253, 0.0021, 0.0185, 0.0]",0.6001
47055,220701,The University of Tennessee Southern,"[0.7535, 0.0496, 0.0597, 0.0064, 0.0076, 0.0013, 0.0267, 0.0292]",0.5755
47009,220710,Maryville College,"[0.7236, 0.0512, 0.0993, 0.0051, 0.0092, 0.001, 0.002, 0.0522]",0.5389
47157,220862,University of Memphis,"[0.4019, 0.0958, 0.3884, 0.0023, 0.0453, 0.0001, 0.0123, 0.0404]",0.3254
47149,220978,Middle Tennessee State University,"[0.6465, 0.0861, 0.1514, 0.0023, 0.0416, 0.0009, 0.0121, 0.0387]",0.4517
47157,221351,Rhodes College,"[0.6368, 0.06, 0.0982, 0.001, 0.0717, 0.001, 0.0127, 0.0595]",0.4276
47051,221519,The University of the South,"[0.8061, 0.06, 0.0425, 0.0019, 0.0106, 0.0, 0.0038, 0.0288]",0.6562
47065,221661,Southern Adventist University,"[0.3944, 0.2698, 0.0603, 0.0012, 0.1312, 0.0025, 0.0025, 0.0709]",0.2542
47107,221731,Tennessee Wesleyan University,"[0.7395, 0.0486, 0.0684, 0.0022, 0.011, 0.0011, 0.0243, 0.0287]",0.5554
47065,221740,The University of Tennessee-Chattanooga,"[0.7471, 0.0627, 0.0968, 0.0024, 0.0294, 0.0006, 0.0229, 0.0304]",0.5738
47093,221759,The University of Tennessee-Knoxville,"[0.7899, 0.0591, 0.0452, 0.0013, 0.0371, 0.0004, 0.0107, 0.0489]",0.6334
47183,221768,The University of Tennessee-Martin,"[0.7775, 0.0408, 0.1313, 0.0019, 0.0078, 0.0004, 0.0, 0.0354]",0.6247
47037,221838,Tennessee State University,"[0.0487, 0.0223, 0.8753, 0.0012, 0.0068, 0.0004, 0.0045, 0.0279]",0.7699
47141,221847,Tennessee Technological University,"[0.8109, 0.0505, 0.045, 0.0022, 0.0207, 0.0006, 0.0234, 0.0303]",0.664
47037,221892,Trevecca Nazarene University,"[0.5607, 0.1324, 0.1025, 0.0017, 0.0207, 0.0029, 0.023, 0.0391]",0.3449
47059,221953,Tusculum University,"[0.3486, 0.0296, 0.0601, 0.0051, 0.002, 0.001, 0.4608, 0.0122]",0.3385
47113,221971,Union University,"[0.6736, 0.0092, 0.1369, 0.0017, 0.0191, 0.0006, 0.0803, 0.0578]",0.4827
47037,221999,Vanderbilt University,"[0.4061, 0.1102, 0.104, 0.0041, 0.175, 0.0029, 0.0386, 0.0577]",0.2233
48441,222178,Abilene Christian University,"[0.6361, 0.1796, 0.0675, 0.0054, 0.0194, 0.0, 0.006, 0.0462]",0.444
48113,222628,Amberton University,"[0.2632, 0.1579, 0.2807, 0.0088, 0.1228, 0.0088, 0.0088, 0.0]",0.1883
48451,222831,Angelo State University,"[0.4462, 0.4149, 0.0619, 0.0013, 0.0117, 0.0009, 0.0038, 0.0324]",0.3763
48439,222877,Arlington Baptist University,"[0.4537, 0.3009, 0.1944, 0.0139, 0.0231, 0.0046, 0.0093, 0.0]",0.335
48181,222983,Austin College,"[0.4889, 0.2607, 0.0712, 0.0111, 0.1201, 0.0009, 0.0026, 0.0326]",0.3277
48073,223117,Baptist Missionary Association Theological Seminary,"[0.3962, 0.3208, 0.2264, 0.0, 0.0189, 0.0, 0.0377, 0.0]",0.3129
48309,223232,Baylor University,"[0.611, 0.1598, 0.0484, 0.0024, 0.0875, 0.0014, 0.0062, 0.0498]",0.4114
48453,224004,Concordia University Texas,"[0.3686, 0.3533, 0.1362, 0.0025, 0.0617, 0.0, 0.0407, 0.0369]",0.2861
48355,224147,Texas A & M University-Corpus Christi,"[0.3498, 0.5168, 0.0359, 0.002, 0.0274, 0.0009, 0.021, 0.0271]",0.3927
48113,224226,Dallas Baptist University,"[0.5445, 0.1597, 0.1025, 0.0112, 0.0221, 0.0022, 0.0969, 0.0108]",0.3426
48113,224244,Dallas Christian College,"[0.4, 0.1959, 0.1837, 0.0122, 0.0, 0.0041, 0.0041, 0.2]",0.2723
48113,224323,University of Dallas,"[0.5864, 0.2656, 0.0249, 0.0021, 0.0685, 0.0, 0.0173, 0.0187]",0.4204
48203,224527,East Texas Baptist University,"[0.6254, 0.1156, 0.1828, 0.0302, 0.0113, 0.0038, 0.0128, 0.0045]",0.4391
48037,224545,Texas A&M University-Texarkana,"[0.5006, 0.1837, 0.1797, 0.0034, 0.0142, 0.0006, 0.0154, 0.0461]",0.3192
48231,224554,East Texas A&M University,"[0.4159, 0.2491, 0.185, 0.0036, 0.0227, 0.0015, 0.0448, 0.0593]",0.2753
48029,225201,Hallmark University,"[0.2487, 0.5013, 0.1124, 0.0063, 0.029, 0.0063, 0.029, 0.0669]",0.332
48441,225247,Hardin-Simmons University,"[0.542, 0.2577, 0.1141, 0.0076, 0.0121, 0.0015, 0.0015, 0.0325]",0.3745
48201,225399,Houston Christian University,"[0.1912, 0.3895, 0.2431, 0.0025, 0.0707, 0.0021, 0.0195, 0.0384]",0.2542
48201,225414,University of Houston-Clear Lake,"[0.3164, 0.4774, 0.0653, 0.0014, 0.072, 0.0006, 0.011, 0.0292]",0.3384
48201,225432,University of Houston-Downtown,"[0.1136, 0.5756, 0.175, 0.001, 0.084, 0.0005, 0.0057, 0.0233]",0.3825
48469,225502,University of Houston-Victoria,"[0.2801, 0.4476, 0.1389, 0.0019, 0.0645, 0.0007, 0.0085, 0.0248]",0.3029
48201,225511,University of Houston,"[0.1845, 0.3718, 0.1112, 0.0011, 0.2399, 0.0008, 0.0133, 0.0313]",0.2434
48049,225548,Howard Payne University,"[0.5118, 0.2788, 0.1068, 0.0069, 0.0055, 0.0042, 0.0416, 0.0444]",0.3549
48453,225575,Huston-Tillotson University,"[0.1337, 0.2472, 0.5491, 0.001, 0.0081, 0.001, 0.0061, 0.0101]",0.3807
48029,225627,University of the Incarnate Word,"[0.159, 0.6459, 0.071, 0.004, 0.0246, 0.004, 0.0303, 0.0238]",0.4496
48499,225885,Jarvis Christian University,"[0.0178, 0.177, 0.5501, 0.0055, 0.0, 0.0, 0.214, 0.0137]",0.3803
48245,226091,Lamar University,"[0.3934, 0.2284, 0.2836, 0.0027, 0.0552, 0.0001, 0.0209, 0.0046]",0.2909
48479,226152,Texas A & M International University,"[0.0203, 0.9192, 0.0048, 0.0003, 0.0033, 0.0, 0.0017, 0.0014]",0.8454
48183,226231,LeTourneau University,"[0.6974, 0.0541, 0.0528, 0.0103, 0.0212, 0.0013, 0.0399, 0.0618]",0.498
48303,226383,Lubbock Christian University,"[0.6339, 0.2318, 0.0508, 0.0057, 0.0123, 0.0016, 0.036, 0.0147]",0.4598
48027,226471,University of Mary Hardin-Baylor,"[0.533, 0.2532, 0.1394, 0.0033, 0.0166, 0.0017, 0.0196, 0.0256]",0.369
48441,226587,McMurry University,"[0.4423, 0.3471, 0.1474, 0.0046, 0.0119, 0.0037, 0.0201, 0.0064]",0.3385
48485,226833,Midwestern State University,"[0.4418, 0.247, 0.1547, 0.0066, 0.0323, 0.0014, 0.0111, 0.04]",0.2829
48113,226879,Wade College,"[0.2675, 0.293, 0.3631, 0.0064, 0.0446, 0.0, 0.0255, 0.0]",0.2919
48121,227216,University of North Texas,"[0.383, 0.2831, 0.1512, 0.0027, 0.0793, 0.0011, 0.011, 0.0445]",0.2581
48029,227331,Our Lady of the Lake University,"[0.0825, 0.7653, 0.0688, 0.0, 0.0052, 0.0, 0.0576, 0.0]",0.6006
48215,227368,The University of Texas Rio Grande Valley,"[0.0206, 0.9373, 0.0041, 0.0005, 0.0102, 0.0004, 0.0086, 0.0017]",0.8792
48113,227429,Paul Quinn College,"[0.226, 0.0906, 0.4787, 0.0053, 0.0139, 0.0043, 0.0309, 0.1461]",0.311
48473,227526,Prairie View A & M University,"[0.0123, 0.0813, 0.853, 0.002, 0.008, 0.0005, 0.0042, 0.0273]",0.7352
48201,227757,Rice University,"[0.2819, 0.1547, 0.0792, 0.0011, 0.2946, 0.0007, 0.0147, 0.048]",0.199
48453,227845,Saint Edward's University,"[0.3217, 0.5162, 0.0353, 0.0036, 0.0254, 0.0004, 0.0087, 0.0269]",0.3727
48201,227863,University of St Thomas,"[0.1997, 0.5012, 0.0741, 0.0024, 0.109, 0.0008, 0.0539, 0.0123]",0.3115
48471,227881,Sam Houston State University,"[0.4729, 0.2701, 0.1642, 0.0067, 0.0219, 0.0012, 0.0193, 0.0351]",0.3257
48265,228042,Schreiner University,"[0.4915, 0.3949, 0.054, 0.0047, 0.0076, 0.0019, 0.0, 0.035]",0.4017
48029,228149,St. Mary's University,"[0.1231, 0.6047, 0.0281, 0.0075, 0.0226, 0.0025, 0.1266, 0.0141]",0.3984
48113,228246,Southern Methodist University,"[0.6062, 0.1454, 0.0495, 0.0028, 0.0832, 0.0009, 0.0241, 0.0464]",0.4007
48139,228325,Nelson University,"[0.5066, 0.2523, 0.1408, 0.0286, 0.0118, 0.0028, 0.0021, 0.0453]",0.3431
48491,228343,Southwestern University,"[0.5601, 0.2682, 0.0554, 0.0027, 0.0405, 0.0007, 0.0061, 0.0493]",0.3928
48347,228431,Stephen F Austin State University,"[0.5817, 0.213, 0.1241, 0.0054, 0.0119, 0.0004, 0.0134, 0.0433]",0.4014
48209,228459,Texas State University,"[0.4016, 0.4205, 0.0934, 0.0022, 0.0257, 0.0009, 0.0141, 0.0362]",0.349
48251,228468,Southwestern Adventist University,"[0.1927, 0.4082, 0.1093, 0.0046, 0.0516, 0.003, 0.132, 0.0486]",0.2382
48043,228501,Sul Ross State University,"[0.1967, 0.703, 0.0669, 0.0054, 0.0033, 0.0013, 0.008, 0.0147]",0.5377
48143,228529,Tarleton State University,"[0.6342, 0.2308, 0.0647, 0.0057, 0.0098, 0.0007, 0.0112, 0.0362]",0.4612
48029,228644,The University of Texas Health Science Center at San Antonio,"[0.2752, 0.5656, 0.0548, 0.0025, 0.0675, 0.0013, 0.0076, 0.0242]",0.4038
48167,228653,The University of Texas Medical Branch at Galveston,"[0.3333, 0.2632, 0.0991, 0.0034, 0.2598, 0.0017, 0.0068, 0.0274]",0.2585
48273,228705,Texas A&M University-Kingsville,"[0.1438, 0.7582, 0.0438, 0.0013, 0.0064, 0.0007, 0.0028, 0.0114]",0.5976
48041,228723,Texas A&M University-College Station,"[0.5563, 0.2539, 0.0229, 0.0022, 0.1135, 0.0004, 0.0033, 0.0373]",0.3887
48439,228769,The University of Texas at Arlington,"[0.2497, 0.3768, 0.1504, 0.0015, 0.1405, 0.0009, 0.0058, 0.0388]",0.2482
48453,228778,The University of Texas at Austin,"[0.3318, 0.2802, 0.0451, 0.001, 0.244, 0.0005, 0.0127, 0.0398]",0.2519
48113,228787,The University of Texas at Dallas,"[0.2427, 0.1783, 0.0549, 0.001, 0.4138, 0.0006, 0.0286, 0.04]",0.2674
48141,228796,The University of Texas at El Paso,"[0.0407, 0.8782, 0.018, 0.0017, 0.0059, 0.0009, 0.0099, 0.0078]",0.7734
48423,228802,The University of Texas at Tyler,"[0.5161, 0.2602, 0.1076, 0.0037, 0.0467, 0.0003, 0.0076, 0.0385]",0.3494
48439,228875,Texas Christian University,"[0.6551, 0.1695, 0.0429, 0.0018, 0.0226, 0.001, 0.0171, 0.0416]",0.4623
48423,228884,Texas College,"[0.0171, 0.0748, 0.8769, 0.0016, 0.0016, 0.0, 0.0, 0.0]",0.7748
48439,228909,University of North Texas Health Science Center,"[0.2, 0.0, 0.4, 0.0, 0.2, 0.0, 0.0, 0.2]",0.28
48187,228981,Texas Lutheran University,"[0.4124, 0.4246, 0.0972, 0.0031, 0.0099, 0.0, 0.0138, 0.0375]",0.3615
48135,229018,The University of Texas Permian Basin,"[0.2687, 0.5387, 0.0751, 0.003, 0.016, 0.003, 0.0094, 0.0232]",0.3689
48029,229027,The University of Texas at San Antonio,"[0.1957, 0.6076, 0.0814, 0.0011, 0.0566, 0.0015, 0.0086, 0.0341]",0.4185
48201,229063,Texas Southern University,"[0.007, 0.0807, 0.8449, 0.0013, 0.0085, 0.001, 0.0056, 0.0344]",0.7217
48303,229115,Texas Tech University,"[0.5454, 0.2905, 0.0599, 0.0033, 0.0315, 0.0007, 0.0096, 0.0421]",0.3883
48439,229160,Texas Wesleyan University,"[0.2234, 0.3635, 0.2195, 0.0032, 0.0148, 0.0013, 0.0174, 0.04]",0.2324
48121,229179,Texas Woman's University,"[0.2899, 0.3614, 0.1867, 0.0034, 0.0943, 0.0007, 0.0079, 0.0372]",0.2599
48029,229267,Trinity University,"[0.5375, 0.2413, 0.0409, 0.0016, 0.0767, 0.0008, 0.0092, 0.0442]",0.3567
48201,229300,The University of Texas Health Science Center at Houston,"[0.2004, 0.296, 0.1372, 0.0, 0.2906, 0.0018, 0.0397, 0.0253]",0.2333
48303,229337,Texas Tech University Health Sciences Center,"[0.509, 0.3156, 0.0967, 0.011, 0.0587, 0.0, 0.0048, 0.0]",0.3716
48189,229780,Wayland Baptist University,"[0.3134, 0.3573, 0.1623, 0.0037, 0.0201, 0.037, 0.0421, 0.0379]",0.2572
48381,229814,West Texas A & M University,"[0.5218, 0.3377, 0.0448, 0.0053, 0.0176, 0.0015, 0.0356, 0.0237]",0.3905
48203,229887,Wiley University,"[0.0946, 0.0387, 0.8338, 0.0129, 0.0014, 0.0, 0.0, 0.0]",0.7058
49049,230038,Brigham Young University,"[0.8081, 0.0793, 0.0042, 0.0022, 0.0177, 0.0069, 0.0079, 0.0448]",0.6618
15003,230047,Brigham Young University-Hawaii,"[0.2548, 0.0534, 0.0033, 0.0029, 0.0361, 0.0641, 0.0, 0.0924]",0.0817
49035,230366,Eagle Gate College-Murray,"[0.5847, 0.1653, 0.0524, 0.0282, 0.0323, 0.0363, 0.0968, 0.004]",0.3845
49035,230764,University of Utah,"[0.6329, 0.1407, 0.0144, 0.0035, 0.0785, 0.0044, 0.0091, 0.0595]",0.4304
49035,230807,Westminster University,"[0.6963, 0.1277, 0.0157, 0.0, 0.0251, 0.0073, 0.0283, 0.045]",0.5049
50003,230816,Bennington College,"[0.6276, 0.1023, 0.0286, 0.0055, 0.0082, 0.0, 0.0259, 0.0464]",0.4081
50007,230852,Champlain College,"[0.6991, 0.096, 0.06, 0.0036, 0.0416, 0.0007, 0.0554, 0.0419]",0.5081
50001,230959,Middlebury College,"[0.5609, 0.1203, 0.0542, 0.0011, 0.0727, 0.0, 0.0065, 0.0705]",0.3423
50023,230995,Norwich University,"[0.6732, 0.095, 0.0473, 0.004, 0.0318, 0.0014, 0.0343, 0.0506]",0.4692
50007,231059,Saint Michael's College,"[0.8308, 0.055, 0.0283, 0.0017, 0.0142, 0.0, 0.0033, 0.025]",0.6949
50019,231095,Sterling College,"[0.7209, 0.0698, 0.0233, 0.0, 0.0465, 0.0, 0.0349, 0.0581]",0.5319
50017,231165,Vermont State University,"[0.8435, 0.0198, 0.0306, 0.0054, 0.0171, 0.0, 0.009, 0.0441]",0.7152
50007,231174,University of Vermont,"[0.8352, 0.0474, 0.0093, 0.0004, 0.0273, 0.0001, 0.0315, 0.0373]",0.703
51590,231420,Averett University,"[0.4897, 0.0446, 0.2819, 0.0089, 0.0152, 0.0036, 0.0312, 0.0482]",0.3249
51185,231554,Bluefield University,"[0.5691, 0.0423, 0.2049, 0.0049, 0.0033, 0.0, 0.135, 0.0211]",0.3864
51165,231581,Bridgewater College,"[0.6708, 0.074, 0.1182, 0.0007, 0.0131, 0.0022, 0.0363, 0.0631]",0.4749
51830,231624,William & Mary,"[0.5987, 0.0903, 0.0586, 0.0009, 0.1132, 0.0007, 0.0297, 0.0651]",0.388
51810,231651,Regent University,"[0.4683, 0.1068, 0.2609, 0.0044, 0.0173, 0.0042, 0.0897, 0.0432]",0.309
51700,231712,Christopher Newport University,"[0.7395, 0.0759, 0.0799, 0.0007, 0.0403, 0.0011, 0.0086, 0.0504]",0.5632
51191,232025,Emory & Henry University,"[0.7278, 0.0333, 0.1444, 0.0037, 0.013, 0.0037, 0.025, 0.0389]",0.554
51660,232043,Eastern Mennonite University,"[0.5956, 0.1029, 0.1138, 0.0012, 0.0242, 0.0, 0.0569, 0.046]",0.3842
51067,232089,Ferrum College,"[0.4808, 0.0641, 0.1962, 0.0038, 0.0051, 0.0, 0.1756, 0.0513]",0.3073
51059,232186,George Mason University,"[0.3425, 0.1711, 0.1194, 0.0009, 0.2307, 0.0011, 0.0313, 0.0531]",0.2179
51147,232256,Hampden-Sydney College,"[0.7776, 0.0612, 0.0765, 0.0, 0.0129, 0.0, 0.0153, 0.0541]",0.6176
51650,232265,Hampton University,"[0.0102, 0.0084, 0.9649, 0.0028, 0.0039, 0.0, 0.0098, 0.0]",0.9313
51161,232308,Hollins University,"[0.582, 0.0943, 0.148, 0.0, 0.0116, 0.0029, 0.0073, 0.0726]",0.375
51660,232423,James Madison University,"[0.7474, 0.0762, 0.0449, 0.0013, 0.049, 0.0011, 0.0206, 0.0508]",0.5718
51680,232557,Liberty University,"[0.5763, 0.0709, 0.0939, 0.0041, 0.0173, 0.0024, 0.1881, 0.038]",0.3831
51147,232566,Longwood University,"[0.7225, 0.0651, 0.1063, 0.0027, 0.0153, 0.0003, 0.0193, 0.0542]",0.5411
51680,232609,University of Lynchburg,"[0.7122, 0.07, 0.118, 0.0039, 0.0162, 0.0019, 0.0143, 0.0447]",0.5285
51790,232672,Mary Baldwin University,"[0.5116, 0.0763, 0.2512, 0.0015, 0.0146, 0.0008, 0.0763, 0.0501]",0.3392
51630,232681,University of Mary Washington,"[0.6454, 0.1214, 0.0831, 0.0017, 0.0447, 0.0009, 0.0343, 0.0488]",0.4437
51013,232706,Marymount University,"[0.3084, 0.254, 0.1644, 0.0, 0.0731, 0.0023, 0.0289, 0.0533]",0.1957
51550,232885,Sentara College of Health Sciences,"[0.6266, 0.0622, 0.1245, 0.0, 0.1162, 0.0041, 0.0124, 0.0539]",0.4286
51710,232937,Norfolk State University,"[0.0212, 0.0477, 0.8515, 0.0024, 0.0026, 0.0008, 0.0133, 0.0563]",0.7311
51710,232982,Old Dominion University,"[0.4222, 0.1022, 0.3246, 0.0023, 0.0497, 0.0026, 0.0184, 0.0677]",0.3015
51750,233277,Radford University,"[0.6476, 0.0908, 0.1514, 0.0032, 0.0151, 0.001, 0.0294, 0.0548]",0.4547
51085,233295,Randolph-Macon College,"[0.752, 0.0528, 0.086, 0.002, 0.0224, 0.0007, 0.0129, 0.0535]",0.5792
51680,233301,Randolph College,"[0.5813, 0.0781, 0.2126, 0.0022, 0.0239, 0.0108, 0.0043, 0.0521]",0.3926
51087,233356,Bon Secours Memorial College of Nursing,"[0.6403, 0.0125, 0.2183, 0.0021, 0.0665, 0.0, 0.0, 0.0603]",0.4659
51760,233374,University of Richmond,"[0.6008, 0.1013, 0.0645, 0.0023, 0.0652, 0.0003, 0.0225, 0.045]",0.3822
51775,233426,Roanoke College,"[0.8029, 0.0644, 0.0511, 0.0039, 0.0189, 0.0017, 0.0011, 0.0339]",0.6529
51840,233541,Shenandoah University,"[0.606, 0.0936, 0.0846, 0.0185, 0.0314, 0.0043, 0.1383, 0.02]",0.404
37183,233602,Southeastern Free Will Baptist Bible College,"[0.8919, 0.0811, 0.0, 0.0135, 0.0135, 0.0, 0.0, 0.0]",0.8024
51530,233611,Southern Virginia University,"[0.7322, 0.0893, 0.0399, 0.0095, 0.0123, 0.0323, 0.0028, 0.0617]",0.5508
51013,233684,Strayer University-Virginia,"[0.2581, 0.0951, 0.5366, 0.0018, 0.0364, 0.0014, 0.0182, 0.046]",0.3674
51009,233718,Sweet Briar College,"[0.6918, 0.0466, 0.0843, 0.0089, 0.0266, 0.0, 0.0377, 0.0133]",0.4903
51195,233897,University of Virginia's College at Wise,"[0.7774, 0.0081, 0.0977, 0.005, 0.0131, 0.0, 0.0846, 0.0141]",0.6215
51121,233921,Virginia Polytechnic Institute and State University,"[0.5981, 0.0957, 0.0596, 0.0011, 0.1229, 0.0012, 0.0251, 0.0524]",0.3889
51760,234030,Virginia Commonwealth University,"[0.4099, 0.1133, 0.2078, 0.0021, 0.144, 0.0017, 0.0217, 0.0814]",0.2519
51540,234076,University of Virginia-Main Campus,"[0.5226, 0.0714, 0.07, 0.0007, 0.178, 0.0005, 0.0544, 0.0565]",0.3209
51678,234085,Virginia Military Institute,"[0.7407, 0.082, 0.0675, 0.0033, 0.0483, 0.002, 0.006, 0.0324]",0.5634
51041,234155,Virginia State University,"[0.02, 0.0147, 0.9148, 0.0012, 0.0033, 0.0, 0.0412, 0.0]",0.8392
51760,234164,Virginia Union University,"[0.0069, 0.02, 0.862, 0.0015, 0.0015, 0.0015, 0.0833, 0.01]",0.7505
51810,234173,Virginia Wesleyan University,"[0.5043, 0.104, 0.247, 0.0087, 0.0225, 0.0, 0.0355, 0.052]",0.3307
51678,234207,Washington and Lee University,"[0.7233, 0.0801, 0.0398, 0.0011, 0.0398, 0.0011, 0.0054, 0.0457]",0.5349
53037,234827,Central Washington University,"[0.5452, 0.201, 0.0507, 0.0069, 0.0456, 0.0091, 0.0293, 0.0855]",0.3506
53033,234915,City University of Seattle,"[0.1968, 0.0678, 0.0641, 0.0028, 0.0529, 0.0074, 0.5506, 0.0251]",0.3541
53033,235024,Cornish College of the Arts,"[0.649, 0.0192, 0.0505, 0.0144, 0.0385, 0.0, 0.101, 0.101]",0.4462
53063,235097,Eastern Washington University,"[0.5846, 0.2005, 0.0382, 0.0123, 0.0215, 0.0079, 0.0595, 0.068]",0.3923
53067,235167,The Evergreen State College,"[0.6087, 0.1306, 0.0534, 0.03, 0.0345, 0.0067, 0.0706, 0.0656]",0.4018
53063,235316,Gonzaga University,"[0.6483, 0.1287, 0.0114, 0.0048, 0.0664, 0.0036, 0.0251, 0.0755]",0.4478
53077,235422,Heritage University,"[0.0817, 0.7412, 0.0075, 0.1281, 0.0101, 0.0, 0.0176, 0.0126]",0.5731
53033,235547,Bastyr University,"[0.7568, 0.027, 0.0135, 0.0, 0.0541, 0.0405, 0.0405, 0.0676]",0.5844
53033,236133,Northwest University,"[0.6239, 0.1375, 0.0574, 0.0, 0.0453, 0.0076, 0.0166, 0.077]",0.4198
53053,236230,Pacific Lutheran University,"[0.5051, 0.1775, 0.0413, 0.0071, 0.111, 0.0195, 0.0133, 0.1065]",0.3126
53053,236328,University of Puget Sound,"[0.6583, 0.1157, 0.0298, 0.0029, 0.0678, 0.0058, 0.0269, 0.0864]",0.4605
53067,236452,Saint Martin's University,"[0.3765, 0.2247, 0.0714, 0.0089, 0.1042, 0.0625, 0.0089, 0.1295]",0.229
53033,236577,Seattle Pacific University,"[0.3981, 0.176, 0.0722, 0.0029, 0.1544, 0.0071, 0.0245, 0.1009]",0.2294
53033,236595,Seattle University,"[0.3385, 0.146, 0.0533, 0.0015, 0.2542, 0.0107, 0.0141, 0.0947]",0.2126
53071,236896,Walla Walla University,"[0.5194, 0.2285, 0.0332, 0.0008, 0.0567, 0.0041, 0.0065, 0.0981]",0.336
53075,236939,Washington State University,"[0.5954, 0.1649, 0.0283, 0.0063, 0.0711, 0.0058, 0.0217, 0.0751]",0.3937
53033,236948,University of Washington-Seattle Campus,"[0.3432, 0.0958, 0.036, 0.0032, 0.2751, 0.0031, 0.0279, 0.0773]",0.2107
53073,237011,Western Washington University,"[0.6881, 0.1079, 0.0203, 0.0036, 0.0601, 0.002, 0.0143, 0.0946]",0.4983
53071,237057,Whitman College,"[0.6053, 0.0924, 0.0265, 0.0034, 0.0618, 0.0014, 0.0204, 0.07]",0.3848
53063,237066,Whitworth University,"[0.6249, 0.1291, 0.0265, 0.0039, 0.0417, 0.0187, 0.0049, 0.0952]",0.4191
54081,237136,Appalachian Bible College,"[0.7527, 0.0, 0.022, 0.0, 0.011, 0.0, 0.1813, 0.0]",0.6
54009,237181,Bethany College,"[0.5338, 0.0659, 0.152, 0.0017, 0.0017, 0.0017, 0.1014, 0.0355]",0.3239
54055,237215,Bluefield State University,"[0.7512, 0.0375, 0.1507, 0.0008, 0.0032, 0.0, 0.0032, 0.047]",0.5906
54039,237312,University of Charleston,"[0.6901, 0.0597, 0.0918, 0.015, 0.0215, 0.0069, 0.0562, 0.0]",0.4921
54055,237330,Concord University,"[0.7956, 0.0092, 0.0847, 0.0015, 0.0038, 0.0, 0.016, 0.0481]",0.6428
54083,237358,Davis & Elkins College,"[0.4472, 0.0357, 0.0528, 0.0093, 0.0109, 0.0016, 0.3634, 0.0016]",0.3363
54049,237367,Fairmont State University,"[0.8501, 0.0094, 0.0486, 0.0068, 0.0094, 0.0014, 0.0497, 0.0245]",0.7283
54011,237525,Marshall University,"[0.8409, 0.0254, 0.0584, 0.0036, 0.0138, 0.0006, 0.0088, 0.0365]",0.7128
54033,237783,Salem University,"[0.4444, 0.0701, 0.1852, 0.0066, 0.0106, 0.0066, 0.0952, 0.0146]",0.2462
54037,237792,Shepherd University,"[0.708, 0.0813, 0.0822, 0.0026, 0.0211, 0.0004, 0.0284, 0.0602]",0.5195
54039,237899,West Virginia State University,"[0.6784, 0.0257, 0.1703, 0.0, 0.0051, 0.0, 0.0286, 0.0595]",0.4943
54069,237932,West Liberty University,"[0.8016, 0.0012, 0.0382, 0.0, 0.0055, 0.0012, 0.0546, 0.0692]",0.6518
54081,237950,West Virginia University Institute of Technology,"[0.7486, 0.0337, 0.0318, 0.0019, 0.0096, 0.0019, 0.0241, 0.053]",0.566
54097,237969,West Virginia Wesleyan College,"[0.6964, 0.0485, 0.14, 0.009, 0.0113, 0.0023, 0.0056, 0.0316]",0.5082
54061,238032,West Virginia University,"[0.8203, 0.0423, 0.0313, 0.0014, 0.0164, 0.0007, 0.0114, 0.0565]",0.6793
54069,238078,Wheeling University,"[0.2453, 0.0031, 0.1196, 0.0078, 0.014, 0.0, 0.5512, 0.0062]",0.3786
55079,238193,Alverno College,"[0.3222, 0.4045, 0.1646, 0.0042, 0.0502, 0.0014, 0.0042, 0.0446]",0.2991
55009,238324,Bellin College,"[0.879, 0.0202, 0.0086, 0.0086, 0.0202, 0.0, 0.0346, 0.0288]",0.7756
55105,238333,Beloit College,"[0.4919, 0.1672, 0.0934, 0.0, 0.0315, 0.0, 0.0282, 0.0369]",0.2818
55133,238458,Carroll University,"[0.749, 0.1101, 0.0249, 0.0011, 0.0338, 0.0015, 0.0275, 0.0338]",0.5768
55059,238476,Carthage College,"[0.6879, 0.1547, 0.0547, 0.0031, 0.0216, 0.0004, 0.0279, 0.0378]",0.5028
55089,238616,Concordia University-Wisconsin,"[0.6733, 0.0606, 0.0912, 0.0047, 0.0536, 0.0004, 0.0246, 0.0246]",0.4694
55025,238661,Edgewood College,"[0.7675, 0.11, 0.0399, 0.0018, 0.0195, 0.0027, 0.016, 0.0346]",0.6046
55117,238980,Lakeland University,"[0.6315, 0.096, 0.0906, 0.0117, 0.0422, 0.0, 0.0812, 0.0273]",0.4255
55087,239017,Lawrence University,"[0.6067, 0.112, 0.0397, 0.0043, 0.0546, 0.0, 0.0106, 0.0524]",0.3881
55055,239071,Maranatha Baptist University,"[0.8529, 0.0595, 0.0175, 0.0053, 0.014, 0.0, 0.0193, 0.0228]",0.7324
55039,239080,Marian University,"[0.725, 0.0926, 0.052, 0.0113, 0.017, 0.0009, 0.0284, 0.0255]",0.5388
55079,239105,Marquette University,"[0.6737, 0.1565, 0.0487, 0.001, 0.0599, 0.0011, 0.0102, 0.0331]",0.4855
55079,239309,Milwaukee Institute of Art & Design,"[0.6492, 0.1709, 0.0469, 0.0034, 0.0503, 0.0034, 0.0045, 0.0693]",0.4602
55079,239318,Milwaukee School of Engineering,"[0.6913, 0.0921, 0.0254, 0.0023, 0.0574, 0.0004, 0.0585, 0.0332]",0.4948
55079,239390,Mount Mary University,"[0.325, 0.3422, 0.2094, 0.0016, 0.0719, 0.0, 0.0094, 0.0281]",0.2726
55003,239512,Northland College,"[0.7224, 0.0886, 0.0413, 0.0157, 0.0059, 0.0, 0.0118, 0.0453]",0.5339
55039,239628,Ripon College,"[0.7878, 0.1088, 0.0385, 0.0013, 0.0186, 0.004, 0.0027, 0.0252]",0.635
55009,239716,Saint Norbert College,"[0.8459, 0.0628, 0.0174, 0.005, 0.0174, 0.0006, 0.0118, 0.0241]",0.7208
55063,240107,Viterbo University,"[0.8187, 0.0549, 0.0536, 0.0027, 0.0172, 0.0007, 0.0192, 0.0254]",0.6775
55127,240189,University of Wisconsin-Whitewater,"[0.8118, 0.086, 0.0437, 0.0025, 0.0189, 0.0009, 0.0062, 0.0263]",0.6694
55035,240268,University of Wisconsin-Eau Claire,"[0.8667, 0.0379, 0.0098, 0.0015, 0.0289, 0.0004, 0.0034, 0.0313]",0.7545
55009,240277,University of Wisconsin-Green Bay,"[0.7807, 0.0815, 0.0259, 0.0135, 0.0387, 0.0, 0.0082, 0.0427]",0.6204
55063,240329,University of Wisconsin-La Crosse,"[0.8935, 0.0381, 0.0048, 0.0011, 0.0227, 0.0004, 0.0042, 0.0314]",0.8013
55079,240338,Wisconsin Lutheran College,"[0.7364, 0.097, 0.0556, 0.001, 0.0131, 0.001, 0.0525, 0.0343]",0.5589
55139,240365,University of Wisconsin-Oshkosh,"[0.7977, 0.062, 0.0284, 0.0041, 0.0426, 0.0013, 0.0105, 0.0349]",0.6441
55059,240374,University of Wisconsin-Parkside,"[0.6224, 0.2001, 0.0751, 0.0007, 0.0293, 0.0007, 0.0047, 0.0519]",0.4366
55033,240417,University of Wisconsin-Stout,"[0.848, 0.0382, 0.0144, 0.0034, 0.0334, 0.0011, 0.0125, 0.0291]",0.7229
55031,240426,University of Wisconsin-Superior,"[0.7917, 0.0376, 0.0223, 0.0292, 0.0114, 0.001, 0.002, 0.0114]",0.6298
55025,240444,University of Wisconsin-Madison,"[0.6249, 0.0752, 0.0225, 0.0023, 0.0972, 0.0007, 0.0327, 0.0445]",0.4092
55079,240453,University of Wisconsin-Milwaukee,"[0.6419, 0.1422, 0.0704, 0.0035, 0.0647, 0.0007, 0.0128, 0.0442]",0.4435
55043,240462,University of Wisconsin-Platteville,"[0.8959, 0.0446, 0.0117, 0.0014, 0.0123, 0.001, 0.0081, 0.0193]",0.8054
55093,240471,University of Wisconsin-River Falls,"[0.871, 0.0388, 0.0178, 0.0021, 0.027, 0.0007, 0.0079, 0.0259]",0.7619
55097,240480,University of Wisconsin-Stevens Point,"[0.8609, 0.0436, 0.0163, 0.004, 0.0279, 0.0014, 0.0122, 0.029]",0.7451
56001,240727,University of Wyoming,"[0.779, 0.0838, 0.0103, 0.0056, 0.0122, 0.001, 0.0494, 0.0413]",0.6183
06085,243744,Stanford University,"[0.2589, 0.1758, 0.0737, 0.0088, 0.2635, 0.0023, 0.0024, 0.1002]",0.1829
18157,243780,Purdue University-Main Campus,"[0.611, 0.0662, 0.0247, 0.0008, 0.1262, 0.0005, 0.0143, 0.0459]",0.3966
48113,243823,Parker University,"[0.4428, 0.0316, 0.2774, 0.017, 0.0657, 0.0024, 0.1363, 0.0219]",0.2977
35049,245652,St. John's College,"[0.6566, 0.1126, 0.0192, 0.0027, 0.0165, 0.0027, 0.0165, 0.0467]",0.4469
36087,245777,Bais Medrash Elyon,"[0.9778, 0.0, 0.0, 0.0, 0.0, 0.0, 0.0, 0.0]",0.9561
06037,245838,Antioch University-Los Angeles,"[0.4865, 0.1351, 0.0676, 0.0, 0.0405, 0.0, 0.1757, 0.0676]",0.2966
06083,245847,Antioch University-Santa Barbara,"[0.3667, 0.3333, 0.0, 0.0, 0.0, 0.0, 0.1833, 0.0167]",0.2794
39057,245892,Antioch University,"[0.4286, 0.1429, 0.1619, 0.0095, 0.0286, 0.0, 0.1905, 0.0381]",0.269
40027,245953,Mid-America Christian University,"[0.494, 0.1428, 0.1491, 0.0629, 0.0092, 0.0042, 0.0516, 0.0332]",0.2945
50025,247649,Landmark College,"[0.7052, 0.0699, 0.0568, 0.0, 0.024, 0.0, 0.0742, 0.0655]",0.5158
26125,247773,Yeshiva Gedolah of Greater Detroit,"[1.0, 0.0, 0.0, 0.0, 0.0, 0.0, 0.0, 0.0]",1.0
45079,251312,South University-Columbia,"[0.1976, 0.0571, 0.669, 0.0048, 0.0048, 0.0048, 0.0286, 0.0286]",0.4916
06059,262086,University of Massachusetts Global,"[0.5965, 0.0983, 0.1102, 0.0143, 0.0451, 0.0046, 0.0744, 0.0552]",0.3885
12081,262129,New College of Florida,"[0.6457, 0.1704, 0.0404, 0.0, 0.0419, 0.0015, 0.012, 0.0523]",0.4522
30111,262165,Montana Bible College,"[0.0, 0.0, 0.0, 0.0, 0.0, 0.0, 0.0, 0.0]",0.0
12086,363712,Yeshivah Gedolah Rabbinical College,"[0.8571, 0.0, 0.0, 0.0, 0.0, 0.0, 0.0, 0.0]",0.7346
04013,363934,University of Advancing Technology,"[0.4738, 0.1671, 0.1459, 0.02, 0.0274, 0.0087, 0.0673, 0.0873]",0.2871
06073,366711,California State University-San Marcos,"[0.253, 0.5128, 0.0352, 0.0025, 0.0978, 0.0029, 0.0316, 0.0552]",0.3418
47037,368452,Nossi College of Art and Design,"[0.6443, 0.0604, 0.2315, 0.0134, 0.0235, 0.0034, 0.0168, 0.0067]",0.4734
36047,375230,Yeshiva Gedolah Imrei Yosef D'spinka,"[1.0, 0.0, 0.0, 0.0, 0.0, 0.0, 0.0, 0.0]",1.0
53053,377546,Northwest College of Art & Design,"[0.5882, 0.1513, 0.0504, 0.0924, 0.084, 0.0252, 0.0084, 0.0]",0.3877
53033,377555,University of Washington-Bothell Campus,"[0.294, 0.103, 0.1024, 0.0015, 0.3581, 0.0037, 0.0306, 0.0641]",0.2408
53053,377564,University of Washington-Tacoma Campus,"[0.3399, 0.1527, 0.1132, 0.0057, 0.2425, 0.0123, 0.0202, 0.0947]",0.22
49049,380438,Provo College,"[0.744, 0.128, 0.0127, 0.0183, 0.0197, 0.0098, 0.0534, 0.0141]",0.574
12069,384254,Beacon College,"[0.6759, 0.0874, 0.1279, 0.0128, 0.0448, 0.0043, 0.0, 0.0405]",0.4847
11001,384412,University of the Potomac-Washington DC Campus,"[0.1009, 0.0395, 0.1711, 0.0088, 0.4211, 0.0, 0.0175, 0.0219]",0.2192
34023,384421,Rabbi Jacob Joseph School,"[0.9362, 0.0, 0.0, 0.0, 0.0, 0.0, 0.0, 0.0]",0.8765
12099,385619,Everglades University,"[0.4457, 0.1897, 0.1874, 0.0174, 0.0138, 0.0045, 0.1091, 0.0307]",0.2831
48201,388520,College of Biblical Studies-Houston,"[0.1463, 0.2829, 0.4829, 0.0098, 0.0537, 0.0049, 0.0098, 0.0098]",0.3378
06059,399911,Soka University of America,"[0.1438, 0.1258, 0.0202, 0.0, 0.1213, 0.0, 0.0112, 0.0517]",0.0544
06037,401223,World Mission University,"[0.0, 0.25, 0.0, 0.0, 0.4479, 0.0, 0.0, 0.0]",0.2631
12057,404338,Schiller International University,"[0.3478, 0.1304, 0.0435, 0.0, 0.0435, 0.0, 0.3913, 0.0435]",0.2968
36047,405854,Rabbinical College of Ohr Shimon Yisroel,"[1.0, 0.0, 0.0, 0.0, 0.0, 0.0, 0.0, 0.0]",1.0
41029,407610,Pacific Bible College,"[0.8667, 0.0222, 0.0, 0.0, 0.0222, 0.0222, 0.0, 0.0667]",0.7571
06053,409698,California State University-Monterey Bay,"[0.2658, 0.5409, 0.0253, 0.0018, 0.0648, 0.0023, 0.0307, 0.0475]",0.3713
27053,413413,Capella University,"[0.4979, 0.1275, 0.2299, 0.005, 0.0345, 0.005, 0.0616, 0.0349]",0.3233
18151,414878,Trine University-Regional/Non-Traditional Campuses,"[0.6541, 0.0714, 0.0414, 0.0, 0.0075, 0.0, 0.1917, 0.0301]",0.4724
48201,416801,The University of Texas MD Anderson Cancer Center,"[0.2285, 0.3086, 0.0801, 0.0, 0.2938, 0.0, 0.0148, 0.0386]",0.2419
48439,417752,Messenger College,"[0.5789, 0.2632, 0.0526, 0.0526, 0.0, 0.0, 0.0526, 0.0]",0.4127
36059,418126,New York College of Health Professions,"[0.2742, 0.1452, 0.1613, 0.0, 0.3065, 0.0, 0.0968, 0.0]",0.2256
15003,420042,University of Phoenix-Hawaii,"[0.0, 0.0417, 0.0, 0.0, 0.0833, 0.25, 0.5417, 0.0833]",0.3716
36087,420325,Yeshiva D'monsey Rabbinical College,"[1.0, 0.0, 0.0, 0.0, 0.0, 0.0, 0.0, 0.0]",1.0
04013,421708,Arizona College of Nursing-Tempe,"[0.4503, 0.2744, 0.0875, 0.0204, 0.0357, 0.0068, 0.017, 0.1079]",0.2994
34017,421878,Eastern International College-Jersey City,"[0.199, 0.3514, 0.2842, 0.0, 0.1344, 0.0026, 0.0, 0.0078]",0.262
12127,426314,Embry-Riddle Aeronautical University-Worldwide,"[0.5381, 0.1845, 0.0873, 0.0043, 0.0366, 0.0075, 0.0486, 0.0442]",0.3369
55133,428259,Ottawa University-Milwaukee,"[0.7258, 0.0806, 0.0968, 0.0161, 0.0161, 0.0, 0.0323, 0.0323]",0.5453
24033,430184,Strayer University-Maryland,"[0.1579, 0.0655, 0.6787, 0.0023, 0.0154, 0.0015, 0.0177, 0.057]",0.4937
06037,433004,American University of Health Sciences,"[0.0432, 0.3141, 0.1037, 0.0346, 0.4352, 0.0375, 0.0115, 0.0173]",0.3037
49035,433387,Western Governors University,"[0.5851, 0.1333, 0.1118, 0.0107, 0.0378, 0.005, 0.0844, 0.0317]",0.3823
06029,433420,California Aeronautical University,"[0.4333, 0.3273, 0.0758, 0.0, 0.103, 0.0152, 0.0121, 0.0333]",0.3127
12071,433660,Florida Gulf Coast University,"[0.5984, 0.2431, 0.06, 0.0024, 0.0186, 0.0009, 0.0199, 0.0339]",0.4227
24031,434937,Yeshiva College of the Nations Capital,"[1.0, 0.0, 0.0, 0.0, 0.0, 0.0, 0.0, 0.0]",1.0
22017,435000,Louisiana State University Health Sciences Center-Shreveport,"[0.6522, 0.087, 0.2174, 0.0, 0.0, 0.0, 0.0, 0.0435]",0.4821
06037,436429,Los Angeles Film School,"[0.1421, 0.0863, 0.1798, 0.0064, 0.0215, 0.0002, 0.5236, 0.0401]",0.3362
04013,436614,International Baptist College and Seminary,"[0.8364, 0.0727, 0.0364, 0.0, 0.0, 0.0182, 0.0, 0.0182]",0.7068
09009,436818,University of Connecticut-Waterbury Campus,"[0.4434, 0.277, 0.0892, 0.0027, 0.1092, 0.0, 0.0067, 0.0493]",0.2957
09011,436827,University of Connecticut-Avery Point,"[0.6146, 0.1813, 0.0313, 0.0, 0.0917, 0.0, 0.0083, 0.0604]",0.4237
09001,436836,University of Connecticut-Stamford,"[0.305, 0.3406, 0.1474, 0.0, 0.1015, 0.0009, 0.016, 0.0383]",0.2428
51013,437097,University of Management and Technology,"[0.0538, 0.0242, 0.0672, 0.0, 0.0484, 0.0027, 0.7984, 0.0054]",0.6478
13121,438586,American InterContinental University-Atlanta,"[0.0835, 0.0021, 0.4718, 0.0021, 0.0021, 0.0, 0.4071, 0.0313]",0.3963
12011,439446,Atlantic Institute of Oriental Medicine,"[0.0, 0.0, 0.0, 0.0, 0.0, 0.0, 0.0, 0.0]",0.0
48439,439701,The King's University,"[0.5725, 0.1333, 0.0863, 0.0196, 0.0275, 0.0, 0.0824, 0.0706]",0.3659
16057,440396,New Saint Andrews College,"[0.7257, 0.0487, 0.0133, 0.0088, 0.0133, 0.0044, 0.1726, 0.0088]",0.5593
34013,440794,Pillar College,"[0.1931, 0.5, 0.172, 0.0026, 0.0079, 0.0, 0.0132, 0.0132]",0.3173
41017,440828,Oregon State University-Cascades Campus,"[0.7519, 0.1029, 0.0077, 0.0125, 0.0269, 0.0029, 0.0221, 0.0587]",0.5808
22033,440916,Southern University Law Center,"[0.0064, 0.0064, 0.9587, 0.0, 0.0, 0.0, 0.0111, 0.0143]",0.9195
32003,441900,Nevada State University,"[0.2076, 0.4346, 0.0943, 0.0026, 0.1081, 0.009, 0.0694, 0.0742]",0.263
06111,441937,California State University-Channel Islands,"[0.2337, 0.6003, 0.0203, 0.0019, 0.0652, 0.0024, 0.0315, 0.0371]",0.422
25021,441982,Franklin W Olin College of Engineering,"[0.4157, 0.0983, 0.0337, 0.0, 0.2107, 0.0, 0.059, 0.1096]",0.2435
05119,442569,University of Arkansas Grantham,"[0.4367, 0.09, 0.3486, 0.0096, 0.0152, 0.0017, 0.0579, 0.0402]",0.3256
51059,442639,University of the Potomac-VA Campus,"[0.1525, 0.0404, 0.2287, 0.0, 0.3543, 0.0, 0.0, 0.0135]",0.2029
53053,443049,Faith International University,"[0.3559, 0.1243, 0.322, 0.0, 0.0847, 0.0056, 0.0339, 0.0621]",0.258
06037,443331,West Coast University-Los Angeles,"[0.3511, 0.326, 0.0359, 0.0011, 0.2107, 0.013, 0.0038, 0.0565]",0.2786
47187,443340,Williamson Christian College,"[0.75, 0.0556, 0.0278, 0.0, 0.0278, 0.0, 0.0, 0.0]",0.5671
53033,443410,DigiPen Institute of Technology,"[0.535, 0.0917, 0.0208, 0.0019, 0.1049, 0.0019, 0.0359, 0.086]",0.3148
47157,443766,Strayer University-Tennessee,"[0.3129, 0.0185, 0.6247, 0.0042, 0.0012, 0.0015, 0.0104, 0.0266]",0.4893
42017,443784,Strayer University-Pennsylvania,"[0.284, 0.1498, 0.4959, 0.0025, 0.0098, 0.0025, 0.0098, 0.0458]",0.3513
35001,444088,Brookline College-Albuquerque,"[0.2083, 0.5777, 0.0625, 0.0682, 0.0511, 0.0019, 0.0189, 0.0114]",0.3888
06073,444130,Northcentral University,"[0.4434, 0.1038, 0.283, 0.0094, 0.0189, 0.0094, 0.0849, 0.0472]",0.2974
48029,444398,Baptist University of the Americas,"[0.037, 0.4722, 0.0185, 0.0, 0.0278, 0.0, 0.0093, 0.0]",0.2255
36081,444413,Beis Medrash Heichal Dovid,"[0.9724, 0.0, 0.0, 0.0, 0.0, 0.0, 0.0, 0.0]",0.9456
37119,444778,Charlotte Christian College and Theological Seminary,"[0.1364, 0.0455, 0.8182, 0.0, 0.0, 0.0, 0.0, 0.0]",0.6901
49035,444787,Nightingale College,"[0.3698, 0.2102, 0.1714, 0.0114, 0.1616, 0.0238, 0.0469, 0.005]",0.2393
04013,445027,American InterContinental University System,"[0.2285, 0.0394, 0.2663, 0.0101, 0.0128, 0.0083, 0.4012, 0.0334]",0.2871
48201,445133,American InterContinental University-Houston,"[0.1066, 0.0, 0.3279, 0.0082, 0.041, 0.0, 0.5, 0.0164]",0.3709
06047,445188,University of California-Merced,"[0.0849, 0.5533, 0.0464, 0.001, 0.214, 0.0032, 0.0099, 0.0381]",0.3629
29089,445267,Central Methodist University-College of Graduate and Extended Studies,"[0.8446, 0.0402, 0.0583, 0.004, 0.0087, 0.0007, 0.0188, 0.0194]",0.7192
49035,445692,Neumont College of Computer Science,"[0.5338, 0.1605, 0.0619, 0.0174, 0.0406, 0.0077, 0.1257, 0.0522]",0.3351
32003,445735,Roseman University of Health Sciences,"[0.2735, 0.1324, 0.0279, 0.0035, 0.4146, 0.0017, 0.0105, 0.1324]",0.2827
12021,446048,Ave Maria University,"[0.7065, 0.1276, 0.0407, 0.0114, 0.0423, 0.0, 0.0431, 0.0]",0.5209
05143,446233,Ecclesia College,"[0.4768, 0.2119, 0.1325, 0.0331, 0.0066, 0.0066, 0.0, 0.0397]",0.2926
06037,446385,Los Angeles College of Music,"[0.2929, 0.1339, 0.0753, 0.0126, 0.0586, 0.0084, 0.046, 0.0251]",0.1158
36071,446604,Uta Mesivta of Kiryas Joel,"[0.995, 0.0, 0.0, 0.0, 0.0, 0.0, 0.0, 0.0]",0.99
42043,446640,Harrisburg University of Science and Technology,"[0.4293, 0.1431, 0.2814, 0.0016, 0.0556, 0.0, 0.0175, 0.0493]",0.2898
49011,447421,Eagle Gate College-Layton,"[0.6996, 0.139, 0.0404, 0.0045, 0.0224, 0.009, 0.0807, 0.0045]",0.5175
13135,447689,Georgia Gwinnett College,"[0.2251, 0.2693, 0.316, 0.0023, 0.1083, 0.0018, 0.0077, 0.0381]",0.2363
06017,447953,SUM Bible College and Theological Seminary,"[0.3005, 0.2308, 0.0962, 0.0072, 0.0288, 0.0096, 0.3269, 0.0]",0.2607
49049,448239,Careers Unlimited,"[0.8729, 0.0678, 0.0169, 0.0085, 0.0169, 0.0, 0.0, 0.0169]",0.7675
12057,449038,Strayer University-Florida,"[0.28, 0.1408, 0.5044, 0.0072, 0.008, 0.0016, 0.0175, 0.0406]",0.3547
54037,449339,American Public University System,"[0.4794, 0.1813, 0.1595, 0.0058, 0.0274, 0.0101, 0.0778, 0.0462]",0.2972
06037,449384,Gnomon,"[0.2897, 0.1241, 0.0069, 0.0, 0.1759, 0.0103, 0.0655, 0.0759]",0.1405
34029,449658,Bais Medrash Toras Chesed,"[0.9909, 0.0, 0.0, 0.0, 0.0, 0.0, 0.0, 0.0]",0.9819
47157,449764,Visible Music College,"[0.4856, 0.1635, 0.1587, 0.0, 0.0288, 0.0, 0.0625, 0.0288]",0.2933
06037,449870,University of the West,"[0.0339, 0.2542, 0.0847, 0.0, 0.1017, 0.0, 0.0169, 0.0169]",0.0839
18097,449889,American College of Education,"[0.4789, 0.1549, 0.2254, 0.0, 0.0423, 0.0, 0.0563, 0.0141]",0.3093
12057,449898,South University-Tampa,"[0.2779, 0.3539, 0.2803, 0.0024, 0.0356, 0.0024, 0.019, 0.0166]",0.283
10003,450298,Strayer University-Delaware,"[0.2803, 0.1088, 0.5565, 0.0042, 0.0042, 0.0, 0.0042, 0.0418]",0.4019
01073,450377,Strayer University-Alabama,"[0.2765, 0.0243, 0.6589, 0.0065, 0.0, 0.0, 0.0065, 0.0275]",0.512
01003,450933,Columbia Southern University,"[0.6194, 0.0192, 0.1595, 0.0101, 0.0153, 0.0049, 0.1452, 0.0262]",0.4316
12086,451103,Miami Regional University,"[0.015, 0.8951, 0.0824, 0.0, 0.0037, 0.0, 0.0, 0.0037]",0.8082
34039,451370,Yeshivas Be'er Yitzchok,"[0.9492, 0.0, 0.0, 0.0, 0.0, 0.0, 0.0, 0.0]",0.901
34029,451398,Yeshiva Toras Chaim,"[0.8638, 0.0, 0.0, 0.0, 0.0, 0.0, 0.0, 0.0]",0.7462
36047,451404,Talmudical Seminary of Bobov,"[1.0, 0.0, 0.0, 0.0, 0.0, 0.0, 0.0, 0.0]",1.0
51107,451927,Patrick Henry College,"[0.6543, 0.0585, 0.0053, 0.0027, 0.0824, 0.0027, 0.1941, 0.0]",0.476
37081,453163,Strayer University-North Carolina,"[0.2162, 0.0412, 0.6731, 0.0083, 0.0045, 0.0015, 0.0121, 0.0431]",0.5036
34023,453215,Strayer University-New Jersey,"[0.1772, 0.1814, 0.5549, 0.0084, 0.019, 0.0, 0.0169, 0.0422]",0.3747
17043,454227,Chamberlain University-Illinois,"[0.4917, 0.1681, 0.1858, 0.004, 0.0902, 0.0044, 0.0425, 0.0077]",0.3146
39049,454236,Chamberlain University-Ohio,"[0.5121, 0.0559, 0.3631, 0.0074, 0.0484, 0.0019, 0.0, 0.0093]",0.3997
04013,454245,Chamberlain University-Arizona,"[0.4658, 0.2738, 0.0905, 0.0147, 0.1112, 0.0061, 0.0159, 0.0208]",0.3134
20091,454582,Ottawa University-Online,"[0.5065, 0.2868, 0.0853, 0.0388, 0.0207, 0.0026, 0.0129, 0.0336]",0.3493
08031,454689,Taft University System,"[0.0, 0.0, 0.0, 0.0, 0.5, 0.0, 0.5, 0.0]",0.5
04013,454829,Aspen University,"[0.5092, 0.1397, 0.2029, 0.0074, 0.0497, 0.0079, 0.0497, 0.0337]",0.3262
08031,454856,Denver College of Nursing,"[0.5174, 0.1857, 0.1344, 0.0087, 0.0677, 0.0029, 0.029, 0.0542]",0.3287
36047,455257,Yeshiva of Machzikai Hadas,"[0.9745, 0.0, 0.0, 0.0, 0.0, 0.0, 0.0, 0.0]",0.9497
06037,455664,The Chicago School at Los Angeles,"[0.4331, 0.2183, 0.1937, 0.0, 0.007, 0.007, 0.0669, 0.0528]",0.2801
06037,455770,Providence Christian College,"[0.4559, 0.4191, 0.0221, 0.0074, 0.0221, 0.0, 0.0147, 0.0588]",0.3882
12086,456481,Polytechnic University of Puerto Rico-Miami,"[0.0, 1.0, 0.0, 0.0, 0.0, 0.0, 0.0, 0.0]",1.0
12095,456490,Polytechnic University of Puerto Rico-Orlando,"[0.0, 0.9478, 0.0261, 0.0, 0.0, 0.0, 0.0174, 0.0]",0.8993
54079,456621,Strayer University-West Virginia,"[0.8264, 0.0104, 0.1076, 0.0, 0.0, 0.0035, 0.0069, 0.0451]",0.6967
27109,456959,University of Minnesota-Rochester,"[0.5462, 0.0908, 0.1556, 0.0032, 0.1442, 0.0, 0.0178, 0.0308]",0.3529
12031,457129,Chamberlain University-Florida,"[0.22, 0.2037, 0.4837, 0.0033, 0.0501, 0.0076, 0.0163, 0.0153]",0.3269
12011,457402,University of Fort Lauderdale,"[0.0777, 0.2124, 0.5648, 0.0052, 0.0, 0.0052, 0.0725, 0.057]",0.3787
06059,458210,West Coast University-Orange County,"[0.1611, 0.3205, 0.0251, 0.0036, 0.4003, 0.0136, 0.0003, 0.0705]",0.2947
06071,458229,West Coast University-Ontario,"[0.1411, 0.4684, 0.0554, 0.0066, 0.2423, 0.0124, 0.0031, 0.0667]",0.3057
05119,458885,Strayer University-Arkansas,"[0.4218, 0.0255, 0.5091, 0.0, 0.0, 0.0, 0.0182, 0.0255]",0.4387
13089,458919,Strayer University-Georgia,"[0.1767, 0.0315, 0.7407, 0.0023, 0.0035, 0.0014, 0.0113, 0.0326]",0.5821
28049,458955,Strayer University-Mississippi,"[0.0866, 0.0108, 0.87, 0.0072, 0.0, 0.0, 0.0036, 0.0217]",0.7651
45045,458964,Strayer University-South Carolina,"[0.2326, 0.0326, 0.6818, 0.0037, 0.0018, 0.0012, 0.0105, 0.0351]",0.5214
48113,458973,Strayer University-Texas,"[0.2226, 0.1737, 0.5384, 0.0071, 0.0076, 0.0031, 0.0111, 0.0351]",0.3711
51087,459259,South University-Richmond,"[0.3139, 0.0438, 0.5219, 0.0, 0.0328, 0.0036, 0.0401, 0.0438]",0.3774
51810,459268,South University-Virginia Beach,"[0.1463, 0.161, 0.5805, 0.0, 0.039, 0.0244, 0.0195, 0.0195]",0.3872
06059,459727,Touro University Worldwide,"[0.3333, 0.0724, 0.2506, 0.0, 0.0336, 0.0078, 0.2171, 0.0853]",0.2347
32003,459824,Touro University Nevada,"[0.4667, 0.2, 0.1333, 0.0, 0.2, 0.0, 0.0, 0.0]",0.3156
55059,459842,Herzing University-Kenosha,"[0.3339, 0.3403, 0.1949, 0.0048, 0.0767, 0.0048, 0.0208, 0.024]",0.2722
55133,459851,Herzing University-Brookfield,"[0.4, 0.1282, 0.3051, 0.0026, 0.059, 0.0026, 0.0667, 0.0359]",0.2788
48029,459949,Texas A&M University-San Antonio,"[0.1226, 0.7692, 0.0579, 0.0012, 0.0137, 0.0014, 0.0045, 0.0167]",0.6105
11001,459994,Strayer University-Global Region,"[0.4698, 0.1308, 0.3102, 0.0091, 0.0121, 0.0043, 0.017, 0.0463]",0.3367
44007,460349,Johnson & Wales University-Online,"[0.4516, 0.1725, 0.2339, 0.0082, 0.031, 0.0, 0.0849, 0.0054]",0.2967
51059,460871,Chamberlain University-Virginia,"[0.1192, 0.1976, 0.5354, 0.003, 0.0995, 0.003, 0.0121, 0.0166]",0.3502
04013,461023,Crestpoint University,"[0.3065, 0.0691, 0.0737, 0.0, 0.0092, 0.0023, 0.5392, 0.0]",0.395
37051,461032,Carolina College of Biblical Studies,"[0.3125, 0.0982, 0.5179, 0.0536, 0.0, 0.0, 0.0, 0.0179]",0.3787
37051,461528,Manna University,"[0.5222, 0.1722, 0.1444, 0.0056, 0.0056, 0.0111, 0.0, 0.0778]",0.3294
21111,461759,Simmons College of Kentucky,"[0.0047, 0.0047, 0.8915, 0.0, 0.0, 0.0, 0.0896, 0.0094]",0.8029
48157,461795,North American University,"[0.0265, 0.053, 0.1788, 0.0, 0.0155, 0.0, 0.415, 0.011]",0.2081
34029,461847,Keser Torah-Mayan Hatalmud,"[0.8148, 0.0, 0.0, 0.0, 0.0, 0.0, 0.0, 0.0]",0.6639
12086,461883,Millennia Atlantic University,"[0.0, 0.2381, 0.0238, 0.0, 0.0, 0.0, 0.0, 0.0]",0.0573
06073,462354,John Paul the Great Catholic University,"[0.4367, 0.3067, 0.01, 0.0033, 0.05, 0.0067, 0.11, 0.0733]",0.3049
09003,463056,University of Connecticut-Hartford Campus,"[0.4373, 0.1913, 0.142, 0.0, 0.1613, 0.0, 0.006, 0.0433]",0.2759
04013,464226,Ottawa University-Surprise,"[0.381, 0.3308, 0.1178, 0.0201, 0.0138, 0.0138, 0.0063, 0.0777]",0.2753
29189,466921,Chamberlain University-Missouri,"[0.6293, 0.0427, 0.264, 0.0, 0.0293, 0.0, 0.016, 0.0187]",0.469
48201,466930,Chamberlain University-Texas,"[0.1592, 0.2455, 0.3973, 0.0028, 0.1583, 0.0037, 0.0134, 0.0166]",0.269
06037,474863,Los Angeles Pacific University,"[0.2078, 0.4342, 0.1753, 0.0059, 0.0725, 0.0096, 0.051, 0.0429]",0.2723
13051,475121,South University-Savannah Online,"[0.3573, 0.13, 0.4204, 0.0108, 0.0059, 0.0091, 0.0284, 0.0376]",0.3238
53063,475200,Whitworth University-Adult Degree Programs,"[0.7458, 0.1017, 0.0395, 0.0508, 0.0169, 0.0056, 0.0, 0.0395]",0.5726
25013,475273,Springfield College-Regional Online and Continuing Education,"[0.2443, 0.3029, 0.3583, 0.0098, 0.0098, 0.0033, 0.0358, 0.0326]",0.2824
54037,475398,Catholic International University,"[0.5857, 0.2286, 0.0286, 0.0, 0.0571, 0.0, 0.0571, 0.0429]",0.4045
48113,475608,Criswell College,"[0.6446, 0.1405, 0.124, 0.0, 0.0248, 0.0, 0.0331, 0.0331]",0.4534
13121,475732,Chamberlain University-Georgia,"[0.1775, 0.0923, 0.6275, 0.0056, 0.0535, 0.0007, 0.0246, 0.0162]",0.4375
18097,475741,Chamberlain University-Indiana,"[0.5594, 0.0842, 0.2673, 0.005, 0.0446, 0.005, 0.0, 0.0297]",0.3944
24510,476601,Bais HaMedrash and Mesivta of Baltimore,"[1.0, 0.0, 0.0, 0.0, 0.0, 0.0, 0.0, 0.0]",1.0
34039,476692,Yeshiva Gedolah Zichron Leyma,"[0.9211, 0.0, 0.0, 0.0, 0.0, 0.0, 0.0, 0.0]",0.8484
36087,476717,Be'er Yaakov Talmudic Seminary,"[1.0, 0.0, 0.0, 0.0, 0.0, 0.0, 0.0, 0.0]",1.0
08031,476975,Colorado State University Global,"[0.5943, 0.167, 0.0778, 0.0055, 0.0427, 0.0003, 0.0818, 0.0197]",0.3961
48113,477039,West Coast University-Texas,"[0.2318, 0.2626, 0.2862, 0.0062, 0.1262, 0.0, 0.0031, 0.0533]",0.2234
42027,479956,Pennsylvania State University-World Campus,"[0.648, 0.1163, 0.0763, 0.0024, 0.056, 0.0024, 0.0217, 0.0421]",0.4446
48491,480073,South University-Austin,"[0.2431, 0.3194, 0.3056, 0.0, 0.0347, 0.0069, 0.0174, 0.0347]",0.2573
41051,480198,Warner Pacific University Professional and Graduate Studies,"[0.4387, 0.171, 0.2045, 0.026, 0.0632, 0.0223, 0.0409, 0.0335]",0.2715
12009,480569,Florida Institute of Technology-Online,"[0.4807, 0.1869, 0.1869, 0.0039, 0.0258, 0.0026, 0.067, 0.0219]",0.3066
06073,480781,California Miramar University,"[0.1717, 0.3131, 0.2222, 0.0303, 0.0909, 0.0, 0.0808, 0.0909]",0.2009
49035,480985,Midwives College of Utah,"[0.6308, 0.0789, 0.147, 0.0215, 0.0072, 0.0036, 0.0717, 0.0394]",0.433
06059,481058,Grace Mission University,"[0.0, 0.19, 0.0, 0.0, 0.81, 0.0, 0.0, 0.0]",0.6922
47157,481225,Mid-South Christian College,"[0.2353, 0.2941, 0.0588, 0.0, 0.0, 0.0, 0.0, 0.0]",0.1453
48339,481401,Grace School of Theology,"[0.1413, 0.0924, 0.163, 0.0, 0.0, 0.0109, 0.5924, 0.0]",0.4061
36087,481410,Yeshiva Gedolah Kesser Torah,"[0.9747, 0.0, 0.0, 0.0, 0.0, 0.0, 0.0, 0.0]",0.95
34029,481438,Yeshiva Yesodei Hatorah,"[0.9403, 0.0, 0.0, 0.0, 0.0, 0.0, 0.0, 0.0]",0.8842
13245,482149,Augusta University,"[0.4706, 0.1, 0.2713, 0.0018, 0.0792, 0.0016, 0.0098, 0.0557]",0.3145
13021,482158,Middle Georgia State University,"[0.5119, 0.0706, 0.3225, 0.0021, 0.0296, 0.0012, 0.0032, 0.0414]",0.3736
18029,482228,Veritas Baptist College,"[0.8049, 0.065, 0.0407, 0.0081, 0.0569, 0.0, 0.0, 0.0244]",0.6576
36061,482413,DeVry College of New York,"[0.208, 0.2553, 0.3617, 0.0024, 0.0567, 0.0024, 0.0757, 0.0118]",0.2484
04013,482422,DeVry University-Arizona,"[0.5333, 0.2167, 0.0833, 0.0, 0.0167, 0.0, 0.0667, 0.0333]",0.3441
12095,482459,DeVry University-Florida,"[0.2669, 0.3167, 0.3167, 0.0071, 0.0142, 0.0071, 0.0427, 0.0178]",0.2743
13089,482468,DeVry University-Georgia,"[0.1969, 0.061, 0.6102, 0.0079, 0.0098, 0.002, 0.0807, 0.0236]",0.4221
32003,482547,DeVry University-Nevada,"[0.4, 0.4, 0.1, 0.0, 0.1, 0.0, 0.0, 0.0]",0.34
34023,482556,DeVry University-New Jersey,"[0.2955, 0.2386, 0.2955, 0.0, 0.0455, 0.0, 0.0682, 0.0114]",0.2384
39049,482574,DeVry University-Ohio,"[0.5963, 0.0275, 0.2523, 0.0, 0.0275, 0.0046, 0.0642, 0.0183]",0.4252
48113,482635,DeVry University-Texas,"[0.3095, 0.3095, 0.2381, 0.0, 0.0357, 0.0, 0.0357, 0.0119]",0.251
51013,482653,DeVry University-Virginia,"[0.2034, 0.0847, 0.5254, 0.0, 0.0, 0.0, 0.0339, 0.0508]",0.3283
13187,482680,University of North Georgia,"[0.707, 0.1638, 0.0372, 0.0016, 0.0315, 0.0007, 0.0107, 0.036]",0.5305
25025,482705,Northeastern University Professional Programs,"[0.3631, 0.1287, 0.1287, 0.0015, 0.0894, 0.0005, 0.0659, 0.0342]",0.1785
12105,482936,Florida Polytechnic University,"[0.5742, 0.2347, 0.0686, 0.0013, 0.0442, 0.002, 0.0092, 0.0534]",0.3944
39057,483018,Antioch College,"[0.4724, 0.189, 0.2047, 0.0079, 0.0079, 0.0079, 0.063, 0.0472]",0.3072
48027,483036,Texas A&M University-Central Texas,"[0.3699, 0.2814, 0.2474, 0.007, 0.0393, 0.0094, 0.0205, 0.024]",0.2799
04013,483124,Arizona State University Digital Immersion,"[0.5354, 0.2329, 0.0756, 0.0102, 0.0471, 0.0034, 0.0462, 0.0479]",0.3534
12095,483595,Ana G. Mendez University,"[0.0049, 0.6163, 0.0002, 0.0, 0.0, 0.0, 0.3777, 0.0009]",0.5225
51510,483780,Washington University of Science and Technology,"[0.0, 0.0114, 0.0, 0.0, 0.0455, 0.0, 0.2443, 0.0]",0.0619
12001,484473,University of Florida-Online,"[0.5802, 0.2325, 0.043, 0.0011, 0.0512, 0.0006, 0.0305, 0.0505]",0.3986
04013,484613,University of Phoenix-Arizona,"[0.2417, 0.1005, 0.1978, 0.007, 0.0095, 0.0057, 0.4108, 0.0261]",0.2773
06071,484631,University of Phoenix-California,"[0.1187, 0.2671, 0.1142, 0.0046, 0.0251, 0.0091, 0.4361, 0.0251]",0.29
48113,484756,University of Phoenix-Texas,"[0.0926, 0.1481, 0.2407, 0.0185, 0.0, 0.0185, 0.4444, 0.037]",0.288
06075,484844,Minerva University,"[0.0701, 0.0065, 0.0, 0.0, 0.0228, 0.0, 0.0016, 0.0098]",0.0056
06037,484862,University of West Los Angeles,"[0.3333, 0.0, 0.3333, 0.0, 0.0, 0.0, 0.3333, 0.0]",0.3333
36047,484871,Rabbinical College Ohr Yisroel,"[1.0, 0.0, 0.0, 0.0, 0.0, 0.0, 0.0, 0.0]",1.0
48113,484905,University of North Texas at Dallas,"[0.0941, 0.5033, 0.2716, 0.0024, 0.0274, 0.0003, 0.0123, 0.0246]",0.3374
12086,485272,West Coast University-Miami,"[0.0481, 0.7757, 0.1368, 0.0, 0.0164, 0.0, 0.0022, 0.0164]",0.6233
06083,485519,Lionel University,"[0.4235, 0.1784, 0.2627, 0.0157, 0.0137, 0.0039, 0.0039, 0.0686]",0.2854
46099,485546,California Intercontinental University,"[0.1484, 0.3355, 0.3613, 0.0129, 0.0129, 0.0129, 0.0645, 0.0]",0.2698
45019,485698,American College of the Building Arts,"[0.9291, 0.0213, 0.0213, 0.0213, 0.0, 0.0071, 0.0, 0.0]",0.8646
36047,485999,Bet Medrash Gadol Ateret Torah,"[1.0, 0.0, 0.0, 0.0, 0.0, 0.0, 0.0, 0.0]",1.0
36047,486017,Yeshiva Ohr Yisrael,"[0.8696, 0.0, 0.0, 0.0, 0.0, 0.0, 0.0, 0.0]",0.7562
36047,486026,Yeshiva Sholom Shachna,"[1.0, 0.0, 0.0, 0.0, 0.0, 0.0, 0.0, 0.0]",1.0
27053,486053,Bethlehem College & Seminary,"[0.7826, 0.0261, 0.0087, 0.0, 0.0783, 0.0261, 0.0435, 0.0]",0.6219
27053,486284,Bethany Global University,"[0.7117, 0.0495, 0.0495, 0.0135, 0.0315, 0.0, 0.1036, 0.027]",0.5241
06001,486488,California Jazz Conservatory,"[0.6087, 0.2609, 0.0435, 0.0, 0.0, 0.0435, 0.0, 0.0435]",0.4443
13067,486840,Kennesaw State University,"[0.4554, 0.1456, 0.2524, 0.0015, 0.0552, 0.0013, 0.0226, 0.0502]",0.2984
47019,486901,Milligan University,"[0.7617, 0.073, 0.0482, 0.0028, 0.011, 0.0028, 0.0069, 0.0234]",0.5886
32003,486938,Chamberlain University-Nevada,"[0.2787, 0.2646, 0.0899, 0.0035, 0.2857, 0.0282, 0.0035, 0.0459]",0.2403
26125,486947,Chamberlain University-Michigan,"[0.6374, 0.0502, 0.1821, 0.0016, 0.0706, 0.0016, 0.033, 0.022]",0.4485
34023,486956,Chamberlain University-New Jersey,"[0.2744, 0.1895, 0.3925, 0.0024, 0.0944, 0.0032, 0.0182, 0.0174]",0.2748
47157,487010,The University of Tennessee Health Science Center,"[0.4068, 0.0339, 0.2034, 0.0, 0.0271, 0.0034, 0.3017, 0.0203]",0.3002
32003,487375,Arizona College of Nursing-Las Vegas,"[0.1725, 0.3082, 0.1629, 0.0088, 0.2277, 0.0263, 0.0114, 0.0823]",0.2108
23019,487524,Husson University,"[0.834, 0.0098, 0.0629, 0.0051, 0.0094, 0.0, 0.0269, 0.0432]",0.7023
53033,487603,Northwest University-Center for Online and Extended Education,"[0.5819, 0.1118, 0.0539, 0.0, 0.0135, 0.0096, 0.1715, 0.0578]",0.387
36081,487746,Yeshiva Zichron Aryeh,"[0.8929, 0.0, 0.0, 0.0, 0.0, 0.0, 0.0, 0.0]",0.7973
36047,488004,Central Yeshiva Beth Joseph,"[0.75, 0.0, 0.0, 0.0, 0.0, 0.0, 0.0, 0.0]",0.5625
06037,488031,Abraham Lincoln University,"[0.3958, 0.25, 0.1042, 0.0417, 0.0833, 0.0, 0.0833, 0.0417]",0.2474
34029,488314,Beth Medrash of Asbury Park,"[0.8542, 0.0, 0.0, 0.0, 0.0, 0.0, 0.0, 0.0]",0.7297
53033,488448,Seattle Film Institute,"[0.5942, 0.0725, 0.1594, 0.0, 0.0435, 0.029, 0.029, 0.0725]",0.3926
18053,488679,Indiana Wesleyan University-National & Global,"[0.616, 0.0596, 0.2484, 0.0039, 0.0119, 0.0018, 0.0294, 0.027]",0.4465
18141,488776,John Patrick University of Health and Applied Sciences,"[0.4013, 0.1053, 0.0921, 0.0, 0.0789, 0.0, 0.3224, 0.0]",0.2908
37119,489344,Chamberlain University-North Carolina,"[0.3396, 0.1194, 0.4515, 0.0075, 0.0299, 0.0037, 0.0, 0.0448]",0.3364
06067,489353,Chamberlain University-California,"[0.3518, 0.1809, 0.0637, 0.0017, 0.3015, 0.0218, 0.0369, 0.0402]",0.2549
37067,489937,Carolina University,"[0.4343, 0.1514, 0.1629, 0.0, 0.0086, 0.0, 0.0143, 0.0743]",0.2439
06037,490045,Presbyterian Theological Seminary in America,"[0.0, 0.0, 0.0, 0.0, 0.5556, 0.0, 0.2222, 0.0]",0.3581
06037,490081,America Evangelical University,"[0.0357, 0.0357, 0.0, 0.0, 0.3214, 0.0, 0.0, 0.0]",0.1058
06037,490124,Los Angeles Academy of Figurative Art,"[0.4, 0.2, 0.0, 0.0, 0.4, 0.0, 0.0, 0.0]",0.36
06059,490133,Westcliff University,"[0.0936, 0.0314, 0.0281, 0.0033, 0.011, 0.0044, 0.6654, 0.0264]",0.4541
13135,490230,Reformed University,"[0.0198, 0.0635, 0.0119, 0.0, 0.1071, 0.0, 0.0, 0.0]",0.016
36087,490276,Yeshiva Shaar Ephraim,"[1.0, 0.0, 0.0, 0.0, 0.0, 0.0, 0.0, 0.0]",1.0
34029,490319,Yeshiva Bais Aharon,"[1.0, 0.0, 0.0, 0.0, 0.0, 0.0, 0.0, 0.0]",1.0
36087,490328,Mechon L'hoyroa,"[1.0, 0.0, 0.0, 0.0, 0.0, 0.0, 0.0, 0.0]",1.0
18089,490805,Purdue University Northwest,"[0.5366, 0.253, 0.109, 0.0013, 0.0316, 0.0013, 0.012, 0.0345]",0.3662
36047,491057,Yeshiva Kollel Tifereth Elizer,"[1.0, 0.0, 0.0, 0.0, 0.0, 0.0, 0.0, 0.0]",1.0
06073,491190,The Chicago School at San Diego,"[0.5, 0.0, 0.25, 0.0, 0.25, 0.0, 0.0, 0.0]",0.375
55079,491288,University of Wisconsin-Milwaukee Flex,"[0.7657, 0.0677, 0.0561, 0.0066, 0.0231, 0.0, 0.0545, 0.0264]",0.5983
55059,491297,University of Wisconsin-Parkside Flex,"[0.7586, 0.0552, 0.069, 0.0, 0.0207, 0.0, 0.0759, 0.0207]",0.5899
34039,491613,Yeshiva Gedolah Tiferes Boruch,"[1.0, 0.0, 0.0, 0.0, 0.0, 0.0, 0.0, 0.0]",1.0
24510,491631,Women's Institute of Torah Seminary and College,"[1.0, 0.0, 0.0, 0.0, 0.0, 0.0, 0.0, 0.0]",1.0
34025,491710,Yeshiva Gedolah of Cliffwood,"[0.9844, 0.0, 0.0, 0.0, 0.0, 0.0, 0.0, 0.0]",0.969
34025,491765,Yeshivas Emek Hatorah,"[1.0, 0.0, 0.0, 0.0, 0.0, 0.0, 0.0, 0.0]",1.0
05051,492069,Champion Christian College,"[0.5644, 0.0594, 0.2376, 0.0297, 0.0099, 0.0, 0.0, 0.099]",0.3893
48141,492689,Texas Tech University Health Sciences Center-El Paso,"[0.0817, 0.8366, 0.035, 0.0039, 0.0039, 0.0, 0.0272, 0.0039]",0.7086
22051,492759,Chamberlain University-Louisiana,"[0.3463, 0.0831, 0.4903, 0.0055, 0.036, 0.0055, 0.0083, 0.0222]",0.3691
29077,492801,Drury University-College of Continuing Professional Studies,"[0.6924, 0.1053, 0.0716, 0.0084, 0.0154, 0.0042, 0.0758, 0.0253]",0.5023
18003,492962,Indiana Institute of Technology-College of Professional Studies,"[0.3199, 0.0387, 0.1648, 0.0012, 0.0077, 0.0012, 0.4461, 0.0187]",0.3304
36047,493600,Congregation Talmidei Mesivta Tiferes Shmiel Aleksander,"[1.0, 0.0, 0.0, 0.0, 0.0, 0.0, 0.0, 0.0]",1.0
44007,493822,College Unbound,"[0.1619, 0.3563, 0.3117, 0.0243, 0.0243, 0.0, 0.0648, 0.0567]",0.2589
48113,494162,Arizona College of Nursing-Dallas,"[0.2128, 0.2196, 0.4493, 0.0, 0.0709, 0.0034, 0.0068, 0.0372]",0.3018
48029,494630,Christ Mission College,"[0.0638, 0.8085, 0.0213, 0.0, 0.0, 0.0, 0.0, 0.0213]",0.6587
29183,494685,Urshan University,"[0.7131, 0.1435, 0.045, 0.015, 0.015, 0.0021, 0.0214, 0.0407]",0.5337
36047,494737,Yeshiva Yesoda Hatorah Vetz Chaim,"[1.0, 0.0, 0.0, 0.0, 0.0, 0.0, 0.0, 0.0]",1.0
06071,495059,Oak Valley College,"[0.2667, 0.5556, 0.1333, 0.0, 0.0, 0.0222, 0.0, 0.0222]",0.3986
12057,495420,Arizona College of Nursing-Tampa,"[0.2375, 0.3688, 0.2688, 0.0, 0.0344, 0.0063, 0.0, 0.0844]",0.273
12011,495439,Arizona College of Nursing-Fort Lauderdale,"[0.1028, 0.1651, 0.6511, 0.0, 0.0218, 0.0031, 0.0, 0.053]",0.4651
04019,495448,Arizona College of Nursing-Tucson,"[0.3372, 0.5329, 0.0446, 0.0136, 0.0349, 0.0078, 0.0058, 0.0233]",0.4017
04013,495457,Arizona College of Nursing-Phoenix,"[0.3257, 0.4021, 0.118, 0.0107, 0.0456, 0.0013, 0.008, 0.0885]",0.2918
16019,496283,Provo College-Idaho Falls Campus,"[0.7247, 0.1629, 0.0169, 0.0056, 0.0169, 0.0, 0.073, 0.0]",0.5577
16001,496326,Eagle Gate College-Boise Campus,"[0.6571, 0.1314, 0.0513, 0.016, 0.0288, 0.016, 0.0929, 0.0064]",0.4617
06067,496627,California Northstate University,"[0.1361, 0.0068, 0.0408, 0.0, 0.6735, 0.0, 0.0476, 0.0884]",0.4839
12086,496636,Antigua College International,"[0.0188, 0.892, 0.0892, 0.0, 0.0, 0.0, 0.0, 0.0]",0.804
11001,496803,NewU University,"[0.0, 0.2778, 0.6111, 0.0, 0.0, 0.0, 0.0, 0.1111]",0.463
48113,497000,Remington College-Online Dallas,"[0.0599, 0.0092, 0.2396, 0.0, 0.0, 0.0, 0.6406, 0.0415]",0.4732
48113,497037,Abilene Christian University-Undergraduate Online,"[0.3838, 0.3133, 0.1958, 0.0039, 0.0144, 0.0013, 0.0352, 0.0352]",0.2865
53063,497213,Great Northern University,"[0.8, 0.0571, 0.0, 0.0, 0.0286, 0.0, 0.0286, 0.0]",0.6449
49035,497268,Arizona College of Nursing-Salt Lake City,"[0.6124, 0.2132, 0.0543, 0.0, 0.0465, 0.0194, 0.0039, 0.0465]",0.4282
22071,497408,Bridges Christian College,"[0.6667, 0.0667, 0.25, 0.0, 0.0, 0.0, 0.0, 0.0167]",0.5117
06001,497480,Reach University,"[0.5879, 0.0749, 0.2623, 0.0155, 0.0103, 0.0013, 0.022, 0.0258]",0.4215
29077,497824,Evangel University-College of Online Learning,"[0.7655, 0.115, 0.0088, 0.0265, 0.0088, 0.0044, 0.0354, 0.031]",0.6023
26125,498049,Arizona College of Nursing-Southfield,"[0.2121, 0.0808, 0.6397, 0.0034, 0.0236, 0.0034, 0.0, 0.037]",0.4627
51059,498447,Arizona College of Nursing-Falls Church,"[0.1597, 0.1528, 0.5694, 0.0, 0.0556, 0.0347, 0.0, 0.0278]",0.3781
06071,498456,Arizona College of Nursing-Ontario,"[0.1048, 0.5381, 0.1333, 0.0048, 0.1, 0.0143, 0.0, 0.1048]",0.3395
42037,498562,Commonwealth University of Pennsylvania,"[0.8005, 0.0638, 0.0627, 0.0037, 0.0117, 0.0008, 0.0278, 0.0254]",0.6504
42125,498571,Pennsylvania Western University,"[0.7759, 0.0393, 0.0896, 0.0016, 0.0112, 0.0005, 0.036, 0.0343]",0.6142
