COUNTY,univ_id,univ_name,race_proportion_vector,diversity_index,State_FIPS,similarity_to_national,similarity_to_state,similarity_to_county
1089,100654,Alabama A & M University,"[0.0198, 0.011, 0.8955, 0.0025, 0.0019, 0.0015, 0.0435, 0.0127]",0.8045,01,0.2116247404490206,0.38802176903012775,0.3693488041279963
1073,100663,University of Alabama at Birmingham,"[0.513, 0.0711, 0.2528, 0.0016, 0.0819, 0.0005, 0.0064, 0.0491]",0.3413,01,0.49027737405052235,0.34946573689543314,0.45235342993739763
1101,100690,Amridge University,"[0.2851, 0.0307, 0.6623, 0.0044, 0.0, 0.0044, 0.0132, 0.0]",0.5211,01,0.33989338488736837,0.41337145828853006,0.844063669010502
1089,100706,University of Alabama in Huntsville,"[0.7102, 0.0666, 0.0873, 0.0087, 0.0389, 0.0016, 0.0252, 0.0465]",0.5208,01,0.42743301999064587,0.21090881238438808,0.2314573991470616
1101,100724,Alabama State University,"[0.0155, 0.0121, 0.9251, 0.0021, 0.0015, 0.0009, 0.0088, 0.0118]",0.8564,01,0.21047148626598433,0.3885719461723562,0.8743593466058504
1125,100751,The University of Alabama,"[0.7336, 0.0577, 0.1072, 0.0036, 0.0146, 0.0011, 0.0386, 0.0344]",0.5559,01,0.4136541086447094,0.20399187564140367,0.21595559694586594
1083,100812,Athens State University,"[0.7574, 0.0503, 0.1258, 0.0146, 0.0049, 0.0008, 0.0097, 0.0325]",0.5934,01,0.4043529391002151,0.1995267194664068,0.18680272772796755
1101,100830,Auburn University at Montgomery,"[0.4052, 0.0175, 0.4584, 0.0024, 0.0287, 0.0009, 0.0048, 0.0366]",0.3768,01,0.38568236460624306,0.36102742906824137,0.7129805730338526
1123,100858,Auburn University,"[0.8265, 0.0397, 0.0419, 0.0024, 0.0281, 0.0006, 0.003, 0.0291]",0.6881,01,0.3726152818520283,0.14228495207067585,0.10167749889201655
1101,101116,South University-Montgomery,"[0.2, 0.0159, 0.7429, 0.0, 0.0063, 0.0032, 0.0127, 0.0063]",0.5924,01,0.2876348191466067,0.40126381137422173,0.8657866386704602
1101,101189,Faulkner University,"[0.4461, 0.046, 0.4058, 0.0032, 0.0113, 0.0025, 0.0214, 0.0271]",0.3671,01,0.435181007119872,0.38045478175124403,0.6729528080209763
1101,101435,Huntingdon College,"[0.6691, 0.0568, 0.1914, 0.0049, 0.0037, 0.0012, 0.0198, 0.0531]",0.4908,01,0.4332642072309911,0.25484397835664246,0.3480287083077603
1077,101453,Heritage Christian University,"[0.8472, 0.0556, 0.0833, 0.0, 0.0, 0.0, 0.0, 0.0139]",0.728,01,0.392071534040576,0.17384092667867584,0.11651781093146057
1015,101480,Jacksonville State University,"[0.6134, 0.0018, 0.2591, 0.005, 0.0052, 0.0013, 0.0943, 0.0]",0.4523,01,0.3651522509923781,0.2176759127512441,0.17439890899699845
1119,101587,University of West Alabama,"[0.4439, 0.0297, 0.37, 0.0095, 0.0017, 0.0, 0.0936, 0.021]",0.3441,01,0.4098489405971281,0.34386774284760097,0.6263030541731487
1073,101675,Miles College,"[0.0318, 0.0064, 0.9507, 0.0, 0.0, 0.0, 0.0008, 0.0103]",0.905,01,0.2094276911667364,0.3837024587730156,0.6584864460957952
1097,101693,University of Mobile,"[0.6363, 0.019, 0.1625, 0.0262, 0.0135, 0.0036, 0.0632, 0.0352]",0.4378,01,0.3826182225560322,0.1963613704716463,0.20875912326406376
1117,101709,University of Montevallo,"[0.6584, 0.071, 0.1706, 0.0033, 0.0038, 0.0014, 0.0211, 0.0357]",0.4694,01,0.4497664450111114,0.26576906701696124,0.2424578209167693
1077,101879,University of North Alabama,"[0.7328, 0.0437, 0.1037, 0.0049, 0.0103, 0.0013, 0.0021, 0.0441]",0.5517,01,0.39649858147056094,0.18590570569488693,0.1171203705966802
1089,101912,Oakwood University,"[0.0094, 0.0943, 0.7438, 0.0022, 0.0007, 0.0, 0.0065, 0.0232]",0.5628,01,0.3125819364010521,0.4899995993302208,0.47196389288377466
1073,102049,Samford University,"[0.8506, 0.0409, 0.0534, 0.0008, 0.0144, 0.0016, 0.0082, 0.0207]",0.7288,01,0.3727063030245255,0.1459023908713738,0.1591355314079889
1047,102058,Selma University,"[0.0, 0.0, 1.0, 0.0, 0.0, 0.0, 0.0, 0.0]",1.0,01,0.19212367741227176,0.37458572965525166,0.9323965251706605
1097,102094,University of South Alabama,"[0.6036, 0.0466, 0.2224, 0.0071, 0.0405, 0.0011, 0.0222, 0.043]",0.42,01,0.4356725023288192,0.27158230186364724,0.297361852072123
1097,102234,Spring Hill College,"[0.6062, 0.0944, 0.1309, 0.0086, 0.015, 0.0011, 0.0343, 0.0172]",0.3953,01,0.4862298045444674,0.29285350357167184,0.28867536738120364
1125,102270,Stillman College,"[0.0275, 0.0069, 0.9519, 0.0028, 0.0028, 0.0, 0.0083, 0.0]",0.907,01,0.20817071206690269,0.38342377343707856,0.4608520909275823
1121,102298,Talladega College,"[0.0144, 0.0481, 0.8389, 0.0048, 0.0, 0.0024, 0.0072, 0.0108]",0.7065,01,0.25090682131644126,0.4287179473832042,0.511025309637915
1109,102368,Troy University,"[0.5303, 0.0457, 0.3226, 0.0026, 0.0062, 0.0013, 0.0255, 0.0426]",0.3899,01,0.43952223666287765,0.33036246437655137,0.38658554297789094
1087,102377,Tuskegee University,"[0.0062, 0.0186, 0.909, 0.0033, 0.0033, 0.02, 0.0395, 0.0]",0.8286,01,0.21364331233297135,0.3937201507451931,0.9816620317246368
1003,102395,United States Sports University,"[0.383, 0.1383, 0.2447, 0.0106, 0.0, 0.0, 0.1383, 0.0745]",0.2505,01,0.6016083953227163,0.5060659780251244,0.38183843669391004
2020,102553,University of Alaska Anchorage,"[0.4923, 0.1146, 0.036, 0.051, 0.0937, 0.0274, 0.045, 0.1226]",0.286,02,0.5333703284747013,0.38715439011812564,0.43989662760053916
2170,102580,Alaska Bible College,"[0.9032, 0.0, 0.0323, 0.0, 0.0, 0.0, 0.0, 0.0645]",0.821,02,0.32484888528078915,0.12411340055948573,0.07313786744968583
2090,102614,University of Alaska Fairbanks,"[0.5332, 0.096, 0.0334, 0.1302, 0.0224, 0.009, 0.0603, 0.1035]",0.3265,02,0.4784221051426639,0.35501084672649436,0.32781807659522355
4013,104151,Arizona State University Campus Immersion,"[0.4517, 0.2596, 0.0429, 0.0112, 0.0877, 0.0021, 0.0282, 0.0506]",0.2844,04,0.753078044594497,0.8596448980944441,0.8618545554185172
4019,104179,University of Arizona,"[0.4936, 0.2791, 0.0414, 0.013, 0.0526, 0.0021, 0.0182, 0.0511]",0.3291,04,0.7480684575447644,0.8609839370528087,0.9002900785265565
4025,104586,Embry-Riddle Aeronautical University-Prescott,"[0.5768, 0.1506, 0.0186, 0.0051, 0.061, 0.0051, 0.0231, 0.0684]",0.3647,04,0.553545459863038,0.7020102780759977,0.42851064143539014
4013,104717,Grand Canyon University,"[0.4882, 0.2335, 0.1528, 0.0089, 0.0291, 0.0066, 0.0231, 0.0473]",0.3199,04,0.7148598855188488,0.8101581929777015,0.814154450254705
4005,105330,Northern Arizona University,"[0.5574, 0.2634, 0.0289, 0.0292, 0.0306, 0.0026, 0.0107, 0.058]",0.3862,04,0.6932788242751344,0.8225549921470341,0.6226051009891553
4025,105589,Prescott College,"[0.6645, 0.0447, 0.0383, 0.0128, 0.0383, 0.0032, 0.1821, 0.0096]",0.4799,04,0.38016653151881896,0.5403671040654701,0.24370668251592495
4013,105899,Arizona Christian University,"[0.4864, 0.2675, 0.107, 0.0146, 0.0126, 0.0068, 0.0039, 0.0691]",0.3248,04,0.7476984914580207,0.849153682591704,0.8508763893040465
5119,106245,University of Arkansas at Little Rock,"[0.4933, 0.0344, 0.2597, 0.0104, 0.0217, 0.0, 0.0048, 0.1474]",0.3343,05,0.42981076950957053,0.27370576397492913,0.4452239090592767
5119,106263,University of Arkansas for Medical Sciences,"[0.6076, 0.0925, 0.1181, 0.0047, 0.0808, 0.0, 0.0559, 0.0365]",0.4027,05,0.4877795052705174,0.30296172089579587,0.36488122625802516
5119,106306,Arkansas Baptist College,"[0.0342, 0.0805, 0.839, 0.004, 0.0, 0.0, 0.0, 0.0282]",0.7124,05,0.2939270473581667,0.309118661454933,0.663915861660422
5063,106342,Lyon College,"[0.5112, 0.0327, 0.0613, 0.0061, 0.0123, 0.002, 0.2924, 0.0123]",0.352,05,0.3490295783445907,0.18277730309681325,0.14876910406014018
5143,106397,University of Arkansas,"[0.7421, 0.1068, 0.0429, 0.0082, 0.028, 0.0012, 0.01, 0.0468]",0.5671,05,0.45934050194998666,0.27319239426247455,0.40814319773674196
5069,106412,University of Arkansas at Pine Bluff,"[0.026, 0.026, 0.9021, 0.0051, 0.0028, 0.0014, 0.0, 0.0204]",0.8156,05,0.2293499847025303,0.24367109236402776,0.846958082263183
5031,106458,Arkansas State University,"[0.6873, 0.0472, 0.1443, 0.0025, 0.01, 0.0011, 0.0078, 0.0347]",0.4968,05,0.4123194857545971,0.2291843205037069,0.19439326775086008
5045,106704,University of Central Arkansas,"[0.6508, 0.0673, 0.1731, 0.0036, 0.0213, 0.0009, 0.0017, 0.0488]",0.4609,05,0.4495136962624414,0.27086983014528276,0.21129717794404493
5045,106713,Central Baptist College,"[0.5971, 0.0982, 0.1656, 0.0082, 0.0082, 0.0, 0.0286, 0.0409]",0.3962,05,0.4986279978248623,0.3256921870414872,0.26709756912532684
5055,106810,Crowley's Ridge College,"[0.807, 0.0058, 0.1754, 0.0058, 0.0, 0.0, 0.0058, 0.0]",0.6821,05,0.3545737149112994,0.16932875370119935,0.05029505338990811
5145,107044,Harding University,"[0.7892, 0.0453, 0.051, 0.0041, 0.0153, 0.0006, 0.0003, 0.0369]",0.6291,05,0.38273915680779835,0.19234100211182367,0.11739953147245176
5019,107071,Henderson State University,"[0.6183, 0.0728, 0.2222, 0.0111, 0.0183, 0.0028, 0.0322, 0.0]",0.4385,05,0.4626143378301158,0.29057632161782565,0.2844716317121434
5045,107080,Hendrix College,"[0.6877, 0.0914, 0.0745, 0.008, 0.0319, 0.0009, 0.0266, 0.0506]",0.4912,05,0.45862446696635834,0.2730477873263797,0.22157233703664886
5007,107141,John Brown University,"[0.7075, 0.0938, 0.0133, 0.017, 0.0199, 0.0015, 0.0066, 0.0598]",0.5138,05,0.4429360936973438,0.2560241925451043,0.3854102914520672
5019,107512,Ouachita Baptist University,"[0.8009, 0.0592, 0.0643, 0.0032, 0.012, 0.0006, 0.0, 0.0384]",0.6507,05,0.3996735993168769,0.21102915318938517,0.17057111350094442
5071,107558,University of the Ozarks,"[0.4237, 0.1343, 0.0626, 0.0065, 0.013, 0.0065, 0.0326, 0.0456]",0.2049,05,0.6046085454154171,0.4370204415398613,0.4653092303763836
5119,107600,Philander Smith University,"[0.0065, 0.0131, 0.8473, 0.0, 0.0, 0.0183, 0.0248, 0.0235]",0.7196,05,0.2106609406762552,0.2286675788079654,0.5983323768531328
5075,107877,Williams Baptist University,"[0.804, 0.018, 0.0737, 0.0, 0.0018, 0.0018, 0.0, 0.0234]",0.6527,05,0.3530158108661814,0.16268154720192443,0.048159570834276084
5027,107983,Southern Arkansas University Main Campus,"[0.6261, 0.0657, 0.2257, 0.0032, 0.0068, 0.0004, 0.0, 0.0531]",0.4501,05,0.45448858906707446,0.28378334560275786,0.305320052792491
6075,108232,Academy of Art University,"[0.2245, 0.1737, 0.1072, 0.0042, 0.062, 0.0054, 0.1984, 0.0515]",0.138,06,0.7061645798655241,0.8172628392585626,0.6610147660921312
6037,109651,Art Center College of Design,"[0.1041, 0.0974, 0.0123, 0.0005, 0.3032, 0.0024, 0.0, 0.0383]",0.1139,06,0.46245210675030707,0.6615220092334781,0.6331200508561559
6037,109785,Azusa Pacific University,"[0.2793, 0.3765, 0.0646, 0.0033, 0.134, 0.0066, 0.0407, 0.0571]",0.2469,06,0.934431229689431,0.976131892992783,0.9086928751208098
6059,110060,Bethesda University,"[0.0442, 0.221, 0.0884, 0.0, 0.0608, 0.0055, 0.0055, 0.0387]",0.0639,06,0.9618163301423338,0.788196297384171,0.8165289425731753
6037,110097,Biola University,"[0.4171, 0.2216, 0.0285, 0.002, 0.1422, 0.0035, 0.0406, 0.0809]",0.2523,06,0.7168193962694835,0.9685042261343128,0.9885268821443596
6075,110316,California Institute of Integral Studies,"[0.5057, 0.1954, 0.1034, 0.0, 0.0345, 0.0, 0.092, 0.069]",0.319,06,0.6508166729811544,0.9042079507024416,0.5751398455147324
6065,110361,California Baptist University,"[0.3449, 0.4047, 0.0675, 0.0054, 0.0613, 0.0072, 0.0308, 0.0573]",0.2954,06,0.9283976785030882,0.9751288657681773,0.9585305226005539
6075,110370,California College of the Arts,"[0.1966, 0.1473, 0.0362, 0.0026, 0.1508, 0.0009, 0.0406, 0.0635]",0.0901,06,0.744206253851323,0.9450811926483199,0.8854441008854238
6037,110404,California Institute of Technology,"[0.2118, 0.22, 0.0346, 0.001, 0.3442, 0.001, 0.0051, 0.0886]",0.2208,06,0.6692543146656977,0.8402060377635086,0.7999886287443757
6111,110413,California Lutheran University,"[0.3817, 0.4004, 0.0462, 0.0016, 0.055, 0.0044, 0.0175, 0.0637]",0.3156,06,0.9038479533717485,0.9792269379132597,0.9961704154473072
6079,110422,California Polytechnic State University-San Luis Obispo,"[0.5142, 0.2148, 0.007, 0.001, 0.1421, 0.0025, 0.0301, 0.0772]",0.3377,06,0.6536775210645592,0.9451078749492179,0.6736429508670873
6029,110486,California State University-Bakersfield,"[0.1269, 0.6829, 0.0403, 0.0026, 0.0699, 0.002, 0.0395, 0.0208]",0.491,06,0.9788717824675977,0.7796008172794266,0.6437570841011327
6099,110495,California State University-Stanislaus,"[0.1777, 0.6275, 0.0244, 0.0025, 0.0894, 0.0066, 0.0419, 0.0247]",0.4363,06,0.9837531489736386,0.8354465570514175,0.8084399399400457
6071,110510,California State University-San Bernardino,"[0.1027, 0.7197, 0.0503, 0.0013, 0.0562, 0.0014, 0.0262, 0.0245]",0.5355,06,0.9743044462908805,0.7508686063565423,0.5652226436261762
6037,110529,California State Polytechnic University-Pomona,"[0.1364, 0.531, 0.0265, 0.0012, 0.2263, 0.0018, 0.0252, 0.036]",0.3544,06,0.9435476681948758,0.8397584714910291,0.7020765101089657
6007,110538,California State University-Chico,"[0.4321, 0.3776, 0.0259, 0.0039, 0.0577, 0.002, 0.0336, 0.0541]",0.3374,06,0.8581193943363553,0.9813428296588441,0.8413643440815644
6037,110547,California State University-Dominguez Hills,"[0.048, 0.7171, 0.1128, 0.001, 0.0655, 0.0021, 0.0252, 0.0209]",0.5346,06,0.9655853514601177,0.7071312287069925,0.5419516566288639
6019,110556,California State University-Fresno,"[0.1594, 0.6131, 0.0289, 0.0028, 0.1229, 0.0013, 0.025, 0.0234]",0.4184,06,0.9810222290981279,0.8333005614742478,0.6722663101817002
6059,110565,California State University-Fullerton,"[0.155, 0.5231, 0.0216, 0.0009, 0.2224, 0.0015, 0.0228, 0.0363]",0.3494,06,0.9455992873177419,0.8571992800285276,0.9157258150884285
6001,110574,California State University-East Bay,"[0.1544, 0.4046, 0.091, 0.0018, 0.2278, 0.0106, 0.0372, 0.051]",0.2518,06,0.9254966221633687,0.8791428555917602,0.9372455080093286
6037,110583,California State University-Long Beach,"[0.1544, 0.4995, 0.0356, 0.0011, 0.2197, 0.0023, 0.0195, 0.0446]",0.3253,06,0.946789977205283,0.8637886765255217,0.7345063896889411
6037,110592,California State University-Los Angeles,"[0.0443, 0.7569, 0.0391, 0.0011, 0.1109, 0.0006, 0.0204, 0.0145]",0.5893,06,0.9525382238061681,0.7089374729318886,0.5373866047049695
6037,110608,California State University-Northridge,"[0.1958, 0.5644, 0.0493, 0.0006, 0.0914, 0.0016, 0.0338, 0.0302]",0.3697,06,0.9909323765510557,0.8688560943606081,0.741668061229787
6067,110617,California State University-Sacramento,"[0.2245, 0.3886, 0.0645, 0.0027, 0.2039, 0.0098, 0.0331, 0.0575]",0.2517,06,0.9264515805149784,0.9420006510069828,0.9946607986956152
6001,110635,University of California-Berkeley,"[0.2026, 0.2035, 0.0207, 0.0011, 0.3506, 0.0014, 0.0321, 0.0599]",0.2104,06,0.6379782596729684,0.820473251577301,0.9727415510951055
6113,110644,University of California-Davis,"[0.2117, 0.2401, 0.0175, 0.0008, 0.3118, 0.0026, 0.0201, 0.0616]",0.2042,06,0.7192511498509973,0.874098811382024,0.864640629713332
6059,110653,University of California-Irvine,"[0.1309, 0.265, 0.02, 0.0013, 0.3809, 0.0014, 0.0137, 0.0561]",0.2362,06,0.6773369184824446,0.7646110267477453,0.8548935683822633
6037,110662,University of California-Los Angeles,"[0.2573, 0.2219, 0.0334, 0.0019, 0.2949, 0.0017, 0.0303, 0.0707]",0.2094,06,0.7095051343300104,0.9042868398975791,0.8772742096853119
6065,110671,University of California-Riverside,"[0.1087, 0.39, 0.032, 0.0007, 0.3673, 0.0019, 0.0113, 0.0477]",0.3023,06,0.7966013602725336,0.7844037739904293,0.6336428512750595
6073,110680,University of California-San Diego,"[0.1858, 0.2374, 0.0165, 0.0008, 0.3391, 0.001, 0.02, 0.0601]",0.2102,06,0.6907626754090238,0.8333455590019775,0.8111325604181207
6083,110705,University of California-Santa Barbara,"[0.3122, 0.2513, 0.0187, 0.0011, 0.1865, 0.001, 0.0255, 0.0867]",0.2039,06,0.7906195556170657,0.9779118326442124,0.9311006131654913
6087,110714,University of California-Santa Cruz,"[0.318, 0.2806, 0.0186, 0.001, 0.2321, 0.0015, 0.0199, 0.0828]",0.2413,06,0.7936013321313758,0.969726905880679,0.8733397979240332
6081,110778,Sofia University,"[0.3636, 0.0, 0.0, 0.2727, 0.0909, 0.0, 0.0, 0.2727]",0.2892,06,0.26703945460936823,0.5718638551008148,0.4612300291195063
6059,111045,Haven University,"[0.0, 0.0385, 0.1154, 0.0, 0.0769, 0.0, 0.0385, 0.0]",0.0222,06,0.4380348985977341,0.3827025231716499,0.4031721133077672
6037,111081,California Institute of the Arts,"[0.3512, 0.1418, 0.043, 0.0021, 0.0913, 0.0011, 0.0322, 0.0644]",0.1588,06,0.6588605109646759,0.9413227949374916,0.9859293052586946
6095,111188,California State University Maritime Academy,"[0.4839, 0.224, 0.0272, 0.0074, 0.1089, 0.0087, 0.0347, 0.1015]",0.3086,06,0.6863463445857261,0.950680816017389,0.8798323228226638
6059,111948,Chapman University,"[0.4933, 0.179, 0.0222, 0.0017, 0.1614, 0.003, 0.0244, 0.0878]",0.3102,06,0.62054480985522,0.9321257699611533,0.889643247724363
6037,111966,Charles R Drew University of Medicine and Science,"[0.0294, 0.2857, 0.3866, 0.0, 0.0756, 0.0042, 0.084, 0.1345]",0.2628,06,0.709370468749401,0.5275117267519939,0.4538016494620798
6059,112075,Concordia University-Irvine,"[0.4175, 0.2543, 0.0373, 0.0012, 0.0952, 0.0053, 0.0473, 0.0668]",0.2562,06,0.7641406230801078,0.976753459668709,0.9344281767647837
6073,112084,San Diego Christian College,"[0.2927, 0.4024, 0.0793, 0.0152, 0.0244, 0.0152, 0.0732, 0.0671]",0.2648,06,0.9443046841909115,0.9394936285915391,0.9723169512030835
6037,112260,Claremont McKenna College,"[0.3543, 0.1634, 0.0593, 0.0007, 0.1555, 0.0022, 0.0419, 0.0709]",0.1867,06,0.6784380919625224,0.9506427608645285,0.9823416262806224
6085,112394,University of Silicon Valley,"[0.2735, 0.2279, 0.0912, 0.0134, 0.2011, 0.0027, 0.0643, 0.1126]",0.1925,06,0.7765909267639075,0.9405563227984681,0.914113220677212
6037,112570,California College of ASU,"[0.3952, 0.1168, 0.1615, 0.0241, 0.0653, 0.0103, 0.1203, 0.0756]",0.221,06,0.5857132475807192,0.8449129278859063,0.9134876359585969
6073,113582,Design Institute of San Diego,"[0.4667, 0.2, 0.0889, 0.0222, 0.1667, 0.0, 0.0444, 0.0111]",0.2961,06,0.6714067256371974,0.9481544865123112,0.8755841478007445
6045,113616,DHARMA REALM BUDDHIST UNIVERSITY,"[0.0, 0.0, 0.0, 0.0, 0.0, 0.0, 0.0, 0.0]",0.0,06,0.0,,
6041,113698,Dominican University of California,"[0.2529, 0.2792, 0.0518, 0.0026, 0.3143, 0.0044, 0.0061, 0.0588]",0.2469,06,0.7659407962432994,0.9112870919581628,0.7442014445602778
6019,114813,Fresno Pacific University,"[0.202, 0.6145, 0.0574, 0.0057, 0.0448, 0.0052, 0.0333, 0.008]",0.4249,06,0.9917066363329792,0.8447846764220447,0.7061527346912183
6075,115083,Golden Gate University,"[0.3228, 0.2213, 0.2047, 0.015, 0.1048, 0.0283, 0.0998, 0.0033]",0.2171,06,0.7643687307149347,0.9031169232390129,0.7254952498873064
6037,115409,Harvey Mudd College,"[0.2528, 0.2097, 0.0596, 0.0044, 0.2241, 0.0022, 0.0497, 0.1071]",0.1756,06,0.7467817085080501,0.9282318351397401,0.9058554335191055
6023,115755,California State Polytechnic University-Humboldt,"[0.5025, 0.3062, 0.0303, 0.0169, 0.027, 0.003, 0.0443, 0.0664]",0.3546,06,0.7618817098840919,0.9547437464977325,0.6799001478870045
6077,115773,Humphreys University-Stockton and Modesto Campuses,"[0.2215, 0.4241, 0.0633, 0.0063, 0.0823, 0.0127, 0.0253, 0.019]",0.2409,06,0.9826864925556293,0.9297544358663944,0.8718276502837442
6037,117104,Life Pacific University,"[0.4101, 0.3646, 0.0658, 0.0076, 0.0405, 0.0025, 0.0329, 0.0709]",0.3133,06,0.8695642090692008,0.9764245135567234,0.952338874510126
6037,117140,University of La Verne,"[0.1653, 0.623, 0.0758, 0.0018, 0.0508, 0.0048, 0.0175, 0.0327]",0.4252,06,0.9942619771505667,0.8202985817184322,0.6819059043277502
6059,117168,Laguna College of Art and Design,"[0.4636, 0.2222, 0.0247, 0.0055, 0.1509, 0.0041, 0.0041, 0.0727]",0.293,06,0.6918948735535652,0.9628484357963935,0.925986973185008
6001,117557,Lincoln University,"[0.1017, 0.0452, 0.5311, 0.0, 0.0282, 0.0, 0.0, 0.0]",0.2952,06,0.328254444509715,0.2957904149981445,0.3539249712698516
6073,117575,Southern California Seminary,"[0.4839, 0.2258, 0.1613, 0.0, 0.0645, 0.0645, 0.0, 0.0]",0.3195,06,0.7035735418942306,0.9242961538516835,0.865099550969122
6065,117627,La Sierra University,"[0.0938, 0.5247, 0.0617, 0.0016, 0.1719, 0.0049, 0.0, 0.0526]",0.3203,06,0.9631079673066237,0.8039451123050367,0.6892030312058451
6071,117636,Loma Linda University,"[0.2198, 0.4187, 0.033, 0.0, 0.2484, 0.0022, 0.0, 0.0484]",0.2888,06,0.908639861558191,0.9234328275252153,0.7681652526005859
6037,117751,The Master's University and Seminary,"[0.6257, 0.2126, 0.0187, 0.0007, 0.0455, 0.0053, 0.0267, 0.0648]",0.4441,06,0.6080048321792099,0.9022776118483188,0.9618407614861659
6037,117946,Loyola Marymount University,"[0.4116, 0.2358, 0.0709, 0.0004, 0.1004, 0.0008, 0.0003, 0.0775]",0.2461,06,0.7559995072110808,0.9744802025753208,0.9927873387217057
6081,118693,Menlo College,"[0.1692, 0.3104, 0.0356, 0.0076, 0.0878, 0.0242, 0.0483, 0.1018]",0.1473,06,0.9428026257629267,0.9187295619579338,0.9132668649883796
6053,119058,Middlebury Institute of International Studies at Monterey,"[0.6154, 0.1538, 0.0, 0.0, 0.0769, 0.0, 0.0769, 0.0]",0.4142,06,0.533289181131951,0.8689934593835874,0.9755746044220206
6037,119173,Mount Saint Mary's University,"[0.0883, 0.5624, 0.0647, 0.0011, 0.1766, 0.0028, 0.0866, 0.0124]",0.3671,06,0.95258556180033,0.7826868253949321,0.6323454644462458
6073,119605,National University,"[0.3058, 0.322, 0.1245, 0.005, 0.0707, 0.0094, 0.1046, 0.0576]",0.2321,06,0.8893874032116311,0.9523727620598865,0.9543685444129487
6073,119775,Newschool of Architecture and Design,"[0.3493, 0.3013, 0.0655, 0.0175, 0.1004, 0.0, 0.0437, 0.0218]",0.2299,06,0.8588671926320556,0.9928690397985105,0.9763197702891736
6001,120166,San Francisco Bay University,"[0.0, 0.0, 0.0, 0.0, 0.125, 0.0, 0.0, 0.0]",0.0156,06,0.09437089267694153,0.2746516292119826,0.6443510449003979
6081,120184,Notre Dame de Namur University,"[0.0, 0.0, 0.0, 0.0, 0.0, 0.0, 0.0, 0.0]",0.0,06,0.0,,
6037,120254,Occidental College,"[0.4884, 0.1664, 0.0398, 0.0, 0.1349, 0.0, 0.0114, 0.1132]",0.2989,06,0.6124788728110829,0.9216322822177064,0.9746296406540861
6037,120403,Otis College of Art and Design,"[0.2247, 0.2002, 0.0641, 0.0016, 0.1669, 0.0, 0.015, 0.0688]",0.1275,06,0.8065857188527721,0.9644328696422017,0.9382007960966472
6059,120537,Hope International University,"[0.3034, 0.261, 0.0847, 0.0085, 0.0441, 0.0102, 0.1, 0.139]",0.1988,06,0.8221909089413457,0.9274911053014995,0.8837833911482663
6085,120698,Palo Alto University,"[0.25, 0.4423, 0.0385, 0.0, 0.1346, 0.0, 0.0577, 0.0385]",0.2825,06,0.9588517410343773,0.9440927334166649,0.8423376339897828
6037,120768,Pacific Oaks College,"[0.1658, 0.5251, 0.1357, 0.005, 0.0477, 0.0025, 0.0553, 0.0553]",0.3301,06,0.9942363153182859,0.8365836712584462,0.7134449585962681
6055,120865,Pacific Union College,"[0.2021, 0.2979, 0.0635, 0.0013, 0.2539, 0.0065, 0.0635, 0.092]",0.2106,06,0.8302728036587472,0.9061499464287265,0.8630191408225681
6077,120883,University of the Pacific,"[0.1849, 0.2563, 0.0395, 0.0018, 0.3573, 0.0052, 0.0257, 0.0484]",0.2321,06,0.7041445316047787,0.829692222488287,0.8313118520883217
6037,121150,Pepperdine University,"[0.4551, 0.1841, 0.0391, 0.0019, 0.14, 0.0022, 0.0167, 0.073]",0.2678,06,0.6542392926696876,0.9462597881327747,0.9892230402523703
6037,121257,Pitzer College,"[0.4868, 0.132, 0.0462, 0.005, 0.1205, 0.005, 0.0371, 0.0957]",0.2816,06,0.5684144949013088,0.8984140349922972,0.9658006081984328
6073,121309,Point Loma Nazarene University,"[0.5326, 0.2569, 0.0222, 0.0029, 0.0705, 0.0038, 0.0197, 0.0813]",0.3621,06,0.6993018880703346,0.9487082401889401,0.8963667939754968
6037,121345,Pomona College,"[0.3161, 0.1589, 0.1006, 0.0024, 0.1736, 0.0047, 0.0388, 0.0848]",0.1742,06,0.6890400771504626,0.936056342816538,0.9613833087282343
6071,121691,University of Redlands,"[0.3768, 0.4224, 0.0461, 0.007, 0.0508, 0.0052, 0.013, 0.0648]",0.3295,06,0.9165660296710801,0.9743685222974962,0.9223573902787068
6001,122296,Samuel Merritt University,"[0.2389, 0.2478, 0.0786, 0.003, 0.316, 0.0178, 0.0178, 0.0801]",0.2316,06,0.7357628472339173,0.8891664142282347,0.9956607536407293
6073,122409,San Diego State University,"[0.3478, 0.3516, 0.0397, 0.0021, 0.1337, 0.0025, 0.0262, 0.0699]",0.2696,06,0.8834170029795141,0.994880750413001,0.9911898584645807
6073,122436,University of San Diego,"[0.4692, 0.2433, 0.0388, 0.0027, 0.0754, 0.0023, 0.0282, 0.0774]",0.2933,06,0.7234347158738194,0.9595975796494854,0.9104568909382104
6075,122506,San Francisco Conservatory of Music,"[0.3213, 0.0995, 0.0407, 0.0, 0.0724, 0.0, 0.0317, 0.0995]",0.1309,06,0.5919205045494875,0.896146084811517,0.6149826107060391
6075,122597,San Francisco State University,"[0.1605, 0.3978, 0.0612, 0.0014, 0.2529, 0.0064, 0.0307, 0.055]",0.2557,06,0.9035302747077173,0.8808603953928131,0.9885842061361967
6075,122612,University of San Francisco,"[0.2388, 0.2132, 0.0773, 0.0017, 0.2602, 0.0035, 0.0045, 0.0983]",0.1859,06,0.7367427123999022,0.908536331129083,0.9271475386306319
6061,122728,William Jessup University,"[0.4604, 0.2467, 0.0828, 0.0107, 0.0329, 0.016, 0.0677, 0.0516]",0.2884,06,0.7362872570227245,0.9437330686341774,0.6478908707551615
6085,122755,San Jose State University,"[0.1278, 0.3135, 0.0361, 0.0008, 0.3924, 0.0048, 0.033, 0.0513]",0.2736,06,0.7206373641456328,0.7733005584983279,0.9710220173918773
6085,122931,Santa Clara University,"[0.3983, 0.1847, 0.0311, 0.0007, 0.2104, 0.0018, 0.017, 0.0952]",0.2473,06,0.6590584938213602,0.9441779032769714,0.8811931153083917
6037,123165,Scripps College,"[0.5405, 0.1295, 0.0401, 0.0, 0.1286, 0.0, 0.0121, 0.1146]",0.3403,06,0.5430055949234476,0.8851143475542876,0.9576873874015938
6089,123280,Shasta Bible College and Graduate School,"[0.8333, 0.1667, 0.0, 0.0, 0.0, 0.0, 0.0, 0.0]",0.7222,06,0.4891968496671239,0.8253964580097388,0.33218762005083174
6089,123457,Simpson University,"[0.4986, 0.2457, 0.0227, 0.0185, 0.0511, 0.0071, 0.0071, 0.0653]",0.3168,06,0.7055225601076195,0.9470500831301202,0.5712137017519084
6013,123554,Saint Mary's College of California,"[0.3796, 0.3044, 0.0491, 0.0025, 0.1043, 0.0105, 0.0191, 0.0963]",0.2598,06,0.8355731630188785,0.9896034762163675,0.9459561797477097
6097,123572,Sonoma State University,"[0.4104, 0.41, 0.0289, 0.0037, 0.0484, 0.0039, 0.0351, 0.0555]",0.344,06,0.8887418084379707,0.9764658991472334,0.9461789946619923
6059,123651,Vanguard University of Southern California,"[0.3213, 0.4693, 0.0455, 0.003, 0.047, 0.0045, 0.0835, 0.025]",0.3354,06,0.9487612071030155,0.9424603270689407,0.9291247822323232
6037,123952,Southern California Institute of Architecture,"[0.1592, 0.1265, 0.0204, 0.0, 0.1061, 0.0, 0.0082, 0.0245]",0.0537,06,0.7869137036050822,0.9783760344880084,0.9607342572169099
6037,123961,University of Southern California,"[0.2992, 0.175, 0.0646, 0.0014, 0.2456, 0.0026, 0.0186, 0.0626]",0.1889,06,0.6794856599890786,0.9273365901273324,0.9354039584273427
6111,124292,Thomas Aquinas College,"[0.6202, 0.1977, 0.0, 0.0, 0.0194, 0.0019, 0.0426, 0.0543]",0.4289,06,0.584925025833775,0.8830471231589019,0.8865780178753156
6067,124487,Epic Bible College & Graduate School,"[0.3733, 0.1467, 0.32, 0.0, 0.0533, 0.0133, 0.0, 0.08]",0.2727,06,0.621296588239291,0.787968120144553,0.7125600038075343
27053,125231,Walden University,"[0.4342, 0.0995, 0.3508, 0.0005, 0.0151, 0.0032, 0.0703, 0.0214]",0.3271,27,0.5229234802924485,0.2907932195770411,0.37943917290533963
6083,125727,Westmont College,"[0.5226, 0.2313, 0.0202, 0.0023, 0.0693, 0.0023, 0.0678, 0.067]",0.3409,06,0.6731235453103375,0.936010127681522,0.9475399182584785
6037,125763,Whittier College,"[0.2625, 0.444, 0.0489, 0.0, 0.0676, 0.0044, 0.0365, 0.0667]",0.2788,06,0.9706558921625341,0.9400711965615419,0.8501243248314991
6037,125897,Woodbury University,"[0.3652, 0.3341, 0.0426, 0.0081, 0.1256, 0.0046, 0.03, 0.0311]",0.2645,06,0.8659905968498066,0.9979308051606416,0.9685676644816854
6037,126076,Yeshiva Ohr Elchonon Chabad West Coast Talmudical Seminary,"[0.9718, 0.0, 0.0, 0.0, 0.0, 0.0, 0.0, 0.0]",0.9444,06,0.3143549189511773,0.715692737496833,0.8426501356862925
8003,126182,Adams State University,"[0.3718, 0.3749, 0.0903, 0.0153, 0.0122, 0.0069, 0.0712, 0.0444]",0.2944,08,0.8936130701293012,0.8857740700670053,0.980589356599186
8031,126562,University of Colorado Denver/Anschutz Medical Campus,"[0.4102, 0.2629, 0.062, 0.0038, 0.1046, 0.0014, 0.0099, 0.0554]",0.2553,08,0.7856069944581068,0.7722896460660086,0.8592383187139324
8041,126580,University of Colorado Colorado Springs,"[0.5711, 0.1953, 0.0449, 0.0041, 0.0385, 0.0031, 0.0605, 0.0735]",0.3769,08,0.614564718484123,0.610606918282372,0.566013643463148
8013,126614,University of Colorado Boulder,"[0.6831, 0.1304, 0.0175, 0.0016, 0.0619, 0.0009, 0.0071, 0.0653]",0.4921,08,0.49689307641735836,0.4958021612683438,0.38023167299237726
8059,126669,Colorado Christian University,"[0.604, 0.155, 0.1493, 0.0081, 0.0139, 0.0043, 0.0237, 0.0415]",0.4137,08,0.5688029287177289,0.5434266159310859,0.43628657718340597
8041,126678,Colorado College,"[0.6688, 0.1099, 0.0299, 0.0032, 0.0455, 0.0018, 0.0106, 0.0695]",0.4673,08,0.4773586494498202,0.4741644699881,0.42320632375022144
8059,126775,Colorado School of Mines,"[0.6948, 0.1235, 0.0115, 0.0048, 0.0578, 0.0005, 0.0208, 0.0586]",0.5054,08,0.48396736787835143,0.4841174096645211,0.3785887024918602
8069,126818,Colorado State University-Fort Collins,"[0.7071, 0.156, 0.0223, 0.0054, 0.0289, 0.0012, 0.0072, 0.0494]",0.5282,08,0.518103527603463,0.5190077585478963,0.3686633836958743
8041,126827,Colorado Technical University-Colorado Springs,"[0.2742, 0.0027, 0.1937, 0.0118, 0.0075, 0.0041, 0.4756, 0.0304]",0.34,08,0.22745687612441512,0.18204516504033244,0.16619832290786404
8031,127060,University of Denver,"[0.6853, 0.133, 0.0251, 0.0043, 0.0403, 0.0007, 0.0169, 0.062]",0.4937,08,0.49948935679591605,0.4983816019715389,0.6198667540305262
8067,127185,Fort Lewis College,"[0.3958, 0.1404, 0.0106, 0.3235, 0.0058, 0.0019, 0.0026, 0.1153]",0.2945,08,0.4930506278010196,0.49573199877635205,0.4239756658462715
8077,127556,Colorado Mesa University,"[0.6577, 0.2136, 0.0188, 0.0051, 0.0153, 0.0043, 0.0278, 0.0442]",0.4816,08,0.5937429015456352,0.5977868051390791,0.48528674935601185
8031,127565,Metropolitan State University of Denver,"[0.4438, 0.3548, 0.073, 0.0079, 0.0462, 0.0021, 0.012, 0.0536]",0.3334,08,0.8466731014116946,0.840442521294314,0.9141215410390469
8013,127653,Naropa University,"[0.6716, 0.1065, 0.0089, 0.0089, 0.0296, 0.003, 0.068, 0.074]",0.4735,08,0.4640868071078519,0.465952590960904,0.34868563035482697
8041,127714,Nazarene Bible College,"[0.7848, 0.0981, 0.057, 0.0095, 0.0127, 0.0, 0.0, 0.038]",0.6305,08,0.44321998451719324,0.4377258517932595,0.385204880058623
8123,127741,University of Northern Colorado,"[0.6116, 0.2533, 0.0443, 0.0032, 0.0214, 0.0015, 0.0056, 0.0478]",0.443,08,0.6605752706119777,0.6602438083515474,0.7442610872041264
8001,127918,Regis University,"[0.498, 0.2957, 0.0509, 0.0049, 0.063, 0.0036, 0.0295, 0.0424]",0.3447,08,0.7632432228349106,0.7590812300825942,0.9539544884590598
8059,127945,Rocky Mountain College of Art and Design,"[0.5698, 0.1416, 0.1039, 0.0206, 0.0363, 0.0, 0.1151, 0.0122]",0.3707,08,0.5503949733425277,0.5313267409840091,0.426559469140862
8101,128106,Colorado State University Pueblo,"[0.4438, 0.3467, 0.0622, 0.008, 0.0203, 0.005, 0.0173, 0.0748]",0.3274,08,0.8359050712117837,0.8339558431637858,0.9688662888028576
8041,128328,United States Air Force Academy,"[0.6345, 0.1192, 0.0583, 0.0017, 0.0722, 0.0059, 0.0115, 0.0823]",0.4324,08,0.5063256052216295,0.49542502917367487,0.44708328000788927
8051,128391,Western Colorado University,"[0.7047, 0.1201, 0.0341, 0.0096, 0.0126, 0.0024, 0.0681, 0.0442]",0.519,08,0.47693751214390945,0.4755079282209761,0.2787855144589148
9009,128498,Albertus Magnus College,"[0.3374, 0.2362, 0.3088, 0.001, 0.0184, 0.002, 0.0235, 0.0368]",0.2672,09,0.7498232082931027,0.7002711519190992,0.7510057302756522
9001,128744,University of Bridgeport,"[0.2338, 0.2955, 0.3435, 0.0069, 0.0374, 0.0, 0.0268, 0.0118]",0.2623,09,0.8135968821584889,0.7743847958590506,0.8063380985421478
9003,128771,Central Connecticut State University,"[0.5621, 0.1796, 0.1315, 0.0009, 0.0529, 0.0008, 0.0191, 0.0349]",0.3699,09,0.6167098554313266,0.5627496577181886,0.6024967570691377
9003,128780,Charter Oak State College,"[0.5358, 0.2062, 0.1732, 0.0007, 0.0295, 0.0028, 0.0203, 0.0259]",0.3616,09,0.659527239565646,0.6066626733287133,0.6474982426098076
9011,128902,Connecticut College,"[0.6742, 0.117, 0.0439, 0.0, 0.0334, 0.0005, 0.0209, 0.0334]",0.4728,09,0.48544198912621317,0.4323675250968865,0.33038605095193446
9013,129020,University of Connecticut,"[0.5131, 0.1506, 0.0696, 0.001, 0.1313, 0.0003, 0.0103, 0.0429]",0.31,09,0.5906904435828402,0.5363485510867654,0.36778413631751755
9015,129215,Eastern Connecticut State University,"[0.652, 0.1296, 0.0891, 0.0008, 0.0269, 0.0008, 0.0608, 0.0348]",0.4555,09,0.5140807560815416,0.4598869695771353,0.34638230033317324
9001,129242,Fairfield University,"[0.8094, 0.0661, 0.0115, 0.0004, 0.0208, 0.0002, 0.0516, 0.0189]",0.6631,09,0.39450714285927524,0.34120208340028907,0.42140343124951024
9003,129525,University of Hartford,"[0.5041, 0.154, 0.1705, 0.0044, 0.0431, 0.0015, 0.0498, 0.0191]",0.3116,09,0.6073690684028874,0.5508474738137159,0.5952924940846945
9007,129534,Holy Apostles College and Seminary,"[0.6071, 0.1837, 0.0, 0.0, 0.0561, 0.0, 0.0102, 0.0255]",0.4062,09,0.5763539042326749,0.5297665911618068,0.3766929492188639
9011,129774,Mitchell College,"[0.5083, 0.1833, 0.1521, 0.0021, 0.0167, 0.0021, 0.0854, 0.0458]",0.3248,09,0.6376391886895952,0.5855417527155821,0.4820821195906724
9009,129941,University of New Haven,"[0.5752, 0.1931, 0.1129, 0.0025, 0.0323, 0.0002, 0.046, 0.0143]",0.3843,09,0.6211127093910598,0.5700075545409585,0.6170870996232433
9009,130183,Post University,"[0.4205, 0.1433, 0.3183, 0.0084, 0.0108, 0.0042, 0.023, 0.0708]",0.3044,09,0.600746895685,0.5405386176094493,0.6002569347437391
9009,130226,Quinnipiac University,"[0.7427, 0.1051, 0.0437, 0.0008, 0.0382, 0.0002, 0.0228, 0.0262]",0.5672,09,0.4571865957042256,0.40326974951951444,0.4511151256399724
9001,130253,Sacred Heart University,"[0.7655, 0.1233, 0.0367, 0.0006, 0.0152, 0.0001, 0.0218, 0.0248]",0.6039,09,0.46927358553878395,0.4171262141355597,0.4944492785706083
9003,130314,University of Saint Joseph,"[0.6041, 0.1766, 0.1084, 0.0, 0.0597, 0.0, 0.0024, 0.0365]",0.4128,09,0.5940555473701874,0.5404476337399086,0.5786107881572679
9009,130493,Southern Connecticut State University,"[0.4579, 0.2269, 0.1862, 0.0013, 0.036, 0.0005, 0.0413, 0.0432]",0.3007,09,0.7214093195562139,0.6708286021944353,0.7185594346439523
9003,130590,Trinity College,"[0.6095, 0.0859, 0.0612, 0.0019, 0.042, 0.0005, 0.0182, 0.043]",0.3866,09,0.4656846340047087,0.40967797751987506,0.44766201107725234
9011,130624,United States Coast Guard Academy,"[0.6258, 0.1138, 0.0309, 0.0019, 0.0733, 0.0029, 0.0096, 0.1167]",0.4246,09,0.494559731126216,0.4407964605160568,0.3430536576524928
9007,130697,Wesleyan University,"[0.5442, 0.1058, 0.0549, 0.0003, 0.0902, 0.0007, 0.0283, 0.0722]",0.3245,09,0.5137703021350143,0.4580131201774688,0.2880255720832561
9001,130776,Western Connecticut State University,"[0.5216, 0.2721, 0.0881, 0.0033, 0.0478, 0.0, 0.0098, 0.0552]",0.3593,09,0.7342418843523091,0.6902332178816687,0.7516433547478453
9009,130794,Yale University,"[0.3514, 0.1481, 0.083, 0.0032, 0.2238, 0.0015, 0.014, 0.0711]",0.2077,09,0.6340632934346984,0.5804428104910535,0.6174797527481736
10001,130934,Delaware State University,"[0.0811, 0.0732, 0.714, 0.0017, 0.0076, 0.0002, 0.0268, 0.0623]",0.5264,10,0.32419614276564623,0.45129951512029165,0.5021988353706364
10003,130943,University of Delaware,"[0.6845, 0.0971, 0.0642, 0.0011, 0.0559, 0.0003, 0.0203, 0.0393]",0.4872,10,0.4657718214612193,0.33118930396427465,0.35437227573903524
10003,130989,Goldey-Beacom College,"[0.3793, 0.1588, 0.2253, 0.0016, 0.013, 0.0016, 0.0827, 0.0551]",0.2299,10,0.6559843157586648,0.6061023053741729,0.6450714209080759
10003,131113,Wilmington University,"[0.4922, 0.1571, 0.2133, 0.0049, 0.0305, 0.0017, 0.0257, 0.0426]",0.3159,10,0.6166084396756644,0.540204598341929,0.5768915536183794
11001,131159,American University,"[0.5598, 0.1213, 0.076, 0.0004, 0.0674, 0.0007, 0.0318, 0.0537]",0.3423,11,0.5342994678243633,0.4351655952370261,0.4351655952370261
11001,131283,The Catholic University of America,"[0.6268, 0.1623, 0.0788, 0.0007, 0.0291, 0.0003, 0.0314, 0.0416]",0.429,11,0.5612678184642073,0.4470501349389255,0.4470501349389255
11001,131450,Gallaudet University,"[0.4187, 0.2176, 0.1747, 0.0066, 0.0505, 0.0088, 0.044, 0.0209]",0.2582,11,0.7330375557190788,0.7033541951233433,0.7033541951233433
11001,131469,George Washington University,"[0.498, 0.1301, 0.0771, 0.0006, 0.1355, 0.001, 0.0194, 0.0516]",0.2923,11,0.5691453865447874,0.4707813139453299,0.4707813139453299
11001,131496,Georgetown University,"[0.5017, 0.0716, 0.0511, 0.0008, 0.1419, 0.0014, 0.0346, 0.0588]",0.2842,11,0.470987731724831,0.37353221736685954,0.37353221736685954
11001,131520,Howard University,"[0.0031, 0.0649, 0.6851, 0.0117, 0.0356, 0.0016, 0.1038, 0.0485]",0.4881,11,0.28622483264596893,0.7734576925796424,0.7734576925796424
11001,131803,Strayer University-District of Columbia,"[0.0762, 0.073, 0.8222, 0.0032, 0.0032, 0.0, 0.0063, 0.0159]",0.6875,11,0.3023425899231063,0.7862348439974574,0.7862348439974574
11001,131876,Trinity Washington University,"[0.0161, 0.3389, 0.5741, 0.0007, 0.0124, 0.0, 0.0278, 0.0226]",0.4461,11,0.6450571965338909,0.9590244716042046,0.9590244716042046
12063,132408,Baptist University of Florida,"[0.748, 0.0236, 0.0709, 0.0118, 0.0276, 0.0, 0.0827, 0.0354]",0.5741,12,0.3645977359603423,0.49118472821678094,0.1325709248280342
12086,132471,Barry University,"[0.1225, 0.3734, 0.3777, 0.0024, 0.013, 0.0008, 0.0091, 0.0284]",0.2982,12,0.8400521220305313,0.859526209338027,0.48148310282510304
12127,132602,Bethune-Cookman University,"[0.0068, 0.0582, 0.804, 0.0019, 0.0004, 0.0, 0.0731, 0.0263]",0.6559,12,0.2625925555004639,0.3091232811034935,0.21336567855288513
12099,132657,Lynn University,"[0.4873, 0.1972, 0.1008, 0.0022, 0.0169, 0.0007, 0.0269, 0.0319]",0.2885,12,0.6671759401001003,0.7675390646898002,0.7338895906884677
12086,132842,Albizu University-Miami,"[0.0323, 0.8387, 0.0138, 0.0, 0.0, 0.0, 0.1106, 0.0]",0.7169,12,0.929942913283074,0.8743459968449327,0.2263809047175942
12095,132903,University of Central Florida,"[0.4438, 0.2986, 0.0973, 0.0012, 0.0732, 0.0011, 0.0084, 0.0456]",0.3031,12,0.8057772681054305,0.8770527182596257,0.9561685320164038
12099,133465,South University-West Palm Beach,"[0.1881, 0.2145, 0.5017, 0.0033, 0.0198, 0.0066, 0.0363, 0.0165]",0.3351,12,0.616133856417311,0.6763592948867024,0.7017861661222748
12103,133492,Eckerd College,"[0.7618, 0.0916, 0.0247, 0.002, 0.0206, 0.001, 0.0025, 0.0574]",0.5931,12,0.43428899922615327,0.5527484816136042,0.2707628733557422
12031,133526,Edward Waters University,"[0.0482, 0.035, 0.8511, 0.0026, 0.0044, 0.0026, 0.0228, 0.0324]",0.7295,12,0.25020573899007886,0.3045479556056174,0.5375239726881348
12127,133553,Embry-Riddle Aeronautical University-Daytona Beach,"[0.5755, 0.15, 0.0492, 0.0024, 0.0488, 0.0017, 0.0198, 0.0486]",0.3613,12,0.5601837591951664,0.6665411975987,0.4605955373690664
12073,133650,Florida Agricultural and Mechanical University,"[0.028, 0.0464, 0.9013, 0.0007, 0.0034, 0.0, 0.0, 0.0187]",0.8156,12,0.2505877240272646,0.30121294510810204,0.5289425847978
12099,133669,Florida Atlantic University,"[0.4039, 0.2895, 0.1869, 0.0013, 0.0392, 0.0011, 0.0111, 0.039]",0.2851,12,0.8171346755844119,0.8935838319931196,0.8764584957107433
12109,133711,Flagler College,"[0.7267, 0.1235, 0.0336, 0.0019, 0.0104, 0.0019, 0.039, 0.0359]",0.5474,12,0.4764243128452955,0.5924782897486879,0.27414322320970114
12057,133809,Florida College,"[0.7673, 0.0691, 0.0345, 0.0127, 0.0218, 0.0073, 0.0291, 0.0236]",0.5968,12,0.4084859760250307,0.5299861100883584,0.6011837363589256
12095,133872,AdventHealth University,"[0.2988, 0.3588, 0.1625, 0.0011, 0.0502, 0.0033, 0.036, 0.0458]",0.2504,12,0.9276833950558776,0.9705555915911896,0.997995876206513
12009,133881,Florida Institute of Technology,"[0.5453, 0.1416, 0.0491, 0.0032, 0.0177, 0.001, 0.0299, 0.0305]",0.322,12,0.5558748199027107,0.665340533105737,0.40787620674385167
12086,133951,Florida International University,"[0.0915, 0.6685, 0.1158, 0.0006, 0.026, 0.0005, 0.0047, 0.0209]",0.4698,12,0.9797306938772073,0.9427118513623193,0.3458055388480808
12086,133979,Florida Memorial University,"[0.0146, 0.0774, 0.7459, 0.0018, 0.0009, 0.0, 0.0209, 0.0036]",0.563,12,0.29293434706670896,0.33891055135779735,0.2334468288001539
12105,134079,Florida Southern College,"[0.6884, 0.1484, 0.0607, 0.0056, 0.0252, 0.0004, 0.003, 0.0278]",0.5011,12,0.521627200271579,0.6347170323662494,0.6143367905899482
12073,134097,Florida State University,"[0.5831, 0.2304, 0.0779, 0.0012, 0.0343, 0.0007, 0.0122, 0.0434]",0.4024,12,0.6573633637386422,0.755119798789445,0.4959093122971524
12001,134130,University of Florida,"[0.5078, 0.2407, 0.0505, 0.0006, 0.112, 0.0004, 0.0176, 0.0479]",0.3335,12,0.7016756749553292,0.7828460346809047,0.6092740802276029
12095,134237,Full Sail University,"[0.3647, 0.184, 0.2774, 0.0069, 0.0172, 0.0022, 0.0877, 0.0597]",0.2554,12,0.6806456718168455,0.7756410484160623,0.9048257963417762
12085,134510,Hobe Sound Bible College,"[0.5394, 0.0667, 0.0424, 0.0, 0.0121, 0.0182, 0.3091, 0.0]",0.3932,12,0.3874719356368909,0.49388607778075067,0.2810733062940068
12031,134945,Jacksonville University,"[0.5081, 0.1484, 0.1739, 0.0035, 0.0244, 0.0035, 0.0315, 0.0453]",0.3141,12,0.5987972102725913,0.7109665177401355,0.5606430186425194
13089,135364,Luther Rice College & Seminary,"[0.5189, 0.0377, 0.4057, 0.0, 0.0142, 0.0, 0.0236, 0.0]",0.436,13,0.42005603521979323,0.5012632308085471,0.6943197681721651
12086,135726,University of Miami,"[0.4679, 0.2354, 0.0899, 0.0013, 0.0451, 0.0007, 0.029, 0.0406]",0.287,12,0.7255515115397699,0.8136905185129969,0.9594934571636681
12031,136172,University of North Florida,"[0.5834, 0.1588, 0.1152, 0.0026, 0.0589, 0.0008, 0.0081, 0.0543]",0.3853,12,0.581889091545752,0.6901258898732103,0.5026439181086017
12011,136215,Nova Southeastern University,"[0.2681, 0.3441, 0.1468, 0.0015, 0.1197, 0.001, 0.0308, 0.0349]",0.2283,12,0.9286432140208085,0.9590565236117226,0.9591750630834062
12099,136330,Palm Beach Atlantic University,"[0.5897, 0.1807, 0.0868, 0.0029, 0.0184, 0.0013, 0.0384, 0.0313]",0.3907,12,0.5965025293031063,0.7040199009934586,0.6656016725626869
12115,136774,Ringling College of Art and Design,"[0.439, 0.142, 0.0323, 0.0023, 0.0986, 0.0023, 0.0241, 0.0493]",0.2267,12,0.6047996711112302,0.6971247927308059,0.4206158783754836
12095,136950,Rollins College,"[0.5836, 0.171, 0.058, 0.0008, 0.0343, 0.0016, 0.0187, 0.044]",0.3767,12,0.5843223478271968,0.6898763706509815,0.8258739435578921
12101,137032,Saint Leo University,"[0.2922, 0.1711, 0.2013, 0.0042, 0.0122, 0.001, 0.2515, 0.0179]",0.2189,12,0.6257781454609208,0.7039714043253331,0.5377385672008836
12086,137272,St. John Vianney College Seminary,"[0.3333, 0.3095, 0.0714, 0.0, 0.0238, 0.0, 0.0, 0.0]",0.2125,12,0.8811611597634931,0.9367574235295879,0.8526607269793368
12057,137351,University of South Florida,"[0.4551, 0.2248, 0.0803, 0.0015, 0.0831, 0.001, 0.031, 0.0422]",0.2737,12,0.7200267213429967,0.8041730990460748,0.8557314998662066
12086,137476,St. Thomas University,"[0.1197, 0.3497, 0.3312, 0.0016, 0.0026, 0.0026, 0.0396, 0.0253]",0.2485,12,0.8546799007531082,0.8746961589994667,0.49461655385202846
12127,137546,Stetson University,"[0.5256, 0.1971, 0.1172, 0.0008, 0.0179, 0.0016, 0.0123, 0.0596]",0.3329,12,0.6504040878389452,0.7534154649553121,0.5565866213361785
12105,137564,Southeastern University,"[0.5682, 0.2204, 0.1126, 0.0067, 0.0152, 0.0034, 0.0193, 0.0337]",0.3859,12,0.6558676053534391,0.7578605063273914,0.7396511305263902
12086,137777,Talmudic College of Florida,"[0.8788, 0.0, 0.0, 0.0, 0.0, 0.0, 0.0, 0.0]",0.7723,12,0.3143549189511773,0.44148836254969165,0.9619421421632416
12057,137847,The University of Tampa,"[0.6866, 0.1227, 0.0284, 0.0013, 0.0154, 0.0005, 0.0617, 0.0339]",0.4925,12,0.48258743658441755,0.5971521950730605,0.6624056802805389
12031,137953,Trinity Baptist College,"[0.6583, 0.0972, 0.185, 0.0031, 0.0063, 0.0031, 0.0063, 0.0345]",0.4783,12,0.48450095650666086,0.6095853034072432,0.4378932308076592
12101,137962,Trinity College of Florida,"[0.4899, 0.2071, 0.2071, 0.0051, 0.0253, 0.0, 0.0202, 0.0404]",0.3285,12,0.6805922587210447,0.7826861476245236,0.5802813488556304
12105,138275,Warner University,"[0.3875, 0.1924, 0.3415, 0.0041, 0.0054, 0.0014, 0.0, 0.0257]",0.3045,12,0.6653204262432102,0.7633228336128971,0.7427218744078817
12105,138293,Webber International University,"[0.398, 0.0833, 0.3266, 0.0037, 0.0073, 0.0073, 0.0531, 0.0229]",0.2755,12,0.5094377766883365,0.6266015494766447,0.6012011262780376
12033,138354,University of West Florida,"[0.6229, 0.1092, 0.1008, 0.0044, 0.034, 0.0025, 0.0411, 0.0645]",0.4171,12,0.5012280340422375,0.6184882833144216,0.31328270651770573
13277,138558,Abraham Baldwin Agricultural College,"[0.7949, 0.0858, 0.0842, 0.0019, 0.0085, 0.0009, 0.0013, 0.012]",0.6465,13,0.4313301570982704,0.3176145843850994,0.3413202497912075
13089,138600,Agnes Scott College,"[0.3705, 0.1441, 0.3164, 0.0011, 0.0574, 0.0033, 0.0228, 0.0607]",0.2657,13,0.6204033839077192,0.689167421706386,0.8050124142279853
13095,138716,Albany State University,"[0.0792, 0.0484, 0.806, 0.0021, 0.0023, 0.0, 0.0372, 0.0207]",0.6601,13,0.2785289955252364,0.5760060134826839,0.9606194294356544
13121,138947,Clark Atlanta University,"[0.0041, 0.0015, 0.5949, 0.0012, 0.0006, 0.0, 0.3931, 0.0]",0.5085,13,0.16866053880477253,0.43395869930357067,0.6148279105552789
13115,139144,Berry College,"[0.7267, 0.103, 0.0811, 0.0022, 0.0291, 0.0009, 0.0054, 0.0475]",0.5484,13,0.4658020215853938,0.3510302684324751,0.3202007587598728
13089,139153,Beulah Heights University,"[0.1958, 0.0769, 0.5175, 0.0, 0.1049, 0.0, 0.1049, 0.0]",0.3341,13,0.4198598313209213,0.6431485045209961,0.9082315840138538
13139,139199,Brenau University,"[0.473, 0.1444, 0.2736, 0.0034, 0.0186, 0.0008, 0.0186, 0.0363]",0.3215,13,0.5975086193069211,0.6122904334562888,0.6382994552542481
13209,139205,Brewton-Parker College,"[0.4071, 0.1161, 0.37, 0.0124, 0.0093, 0.0046, 0.0418, 0.0]",0.3181,13,0.545238139736888,0.6357030273473446,0.4886478530074593
13127,139250,College of Coastal Georgia,"[0.5928, 0.0797, 0.2048, 0.0021, 0.0174, 0.0014, 0.0637, 0.0231]",0.4046,13,0.47621540785130095,0.4376583478831949,0.3373113886557291
13063,139311,Clayton  State University,"[0.1077, 0.1112, 0.6526, 0.0029, 0.0573, 0.0013, 0.0251, 0.0269]",0.4545,13,0.3993322939802808,0.6696171896370152,0.9975913933327443
13215,139366,Columbus State University,"[0.4213, 0.085, 0.3912, 0.0028, 0.0277, 0.002, 0.0188, 0.0404]",0.3405,13,0.4994410603550753,0.5988570314236294,0.7031939248284002
13295,139393,Covenant College,"[0.8738, 0.005, 0.0124, 0.0087, 0.0297, 0.0012, 0.0025, 0.0396]",0.7662,13,0.3280760646953975,0.19220946253310628,0.03680129901377251
13313,139463,Dalton State College,"[0.5387, 0.3545, 0.034, 0.004, 0.0192, 0.0005, 0.0197, 0.0171]",0.4181,13,0.7825846762113435,0.6352536470402846,0.9126845798338482
13051,139579,South University-Savannah,"[0.2974, 0.0718, 0.5487, 0.0154, 0.0154, 0.0103, 0.0308, 0.0103]",0.3963,13,0.42526153125396193,0.6268381496531047,0.6819680205179587
13119,139630,Emmanuel University,"[0.5986, 0.0699, 0.1342, 0.0041, 0.0055, 0.0082, 0.0, 0.0479]",0.3836,13,0.45553561207735344,0.3797688882572289,0.192217482231079
13089,139658,Emory University,"[0.3311, 0.1142, 0.0852, 0.0004, 0.237, 0.0001, 0.0138, 0.046]",0.1884,13,0.5789129034361096,0.501095639847108,0.4971989223659412
13225,139719,Fort Valley State University,"[0.0183, 0.0234, 0.9242, 0.0004, 0.0047, 0.0, 0.0026, 0.0256]",0.8557,13,0.22381305913953117,0.5372472943563792,0.720467348950416
13121,139755,Georgia Institute of Technology-Main Campus,"[0.3837, 0.0819, 0.0787, 0.0006, 0.2993, 0.0003, 0.0093, 0.0445]",0.2518,13,0.48332405114309873,0.40034780809880804,0.41170928295017367
13261,139764,Georgia Southwestern State University,"[0.5492, 0.0684, 0.315, 0.0019, 0.0196, 0.0005, 0.0029, 0.0311]",0.4069,13,0.4705954186625246,0.49811806487358395,0.5373784716612422
13009,139861,Georgia College & State University,"[0.8322, 0.0638, 0.0334, 0.0014, 0.0158, 0.001, 0.0135, 0.0326]",0.6992,13,0.3953832448383666,0.26245585360415946,0.12517136931480258
13031,139931,Georgia Southern University,"[0.5772, 0.0797, 0.2566, 0.0031, 0.02, 0.001, 0.0058, 0.0455]",0.4079,13,0.48415343385507464,0.4747243859362074,0.35254741209680335
13121,139940,Georgia State University,"[0.1807, 0.1417, 0.4238, 0.0008, 0.1591, 0.0005, 0.0054, 0.054]",0.2606,13,0.5632433052761527,0.7479429864025462,0.8827796215297636
13059,139959,University of Georgia,"[0.6778, 0.0732, 0.0624, 0.0006, 0.1211, 0.0006, 0.012, 0.042]",0.4852,13,0.44051145225625465,0.32079105911483397,0.3174159609279296
13285,140234,LaGrange College,"[0.5745, 0.0402, 0.263, 0.0034, 0.0084, 0.0, 0.067, 0.0302]",0.4063,13,0.4260183579717239,0.4262392149935558,0.3353057104900106
13067,140252,Life University,"[0.3088, 0.1813, 0.2637, 0.0209, 0.0275, 0.0, 0.0297, 0.0]",0.1998,13,0.7114457054262774,0.7667891818207959,0.7941667102635572
13121,140340,Herzing University-Atlanta,"[0.0912, 0.0521, 0.715, 0.0016, 0.0489, 0.0016, 0.0586, 0.0309]",0.529,13,0.3041589939797057,0.5924627827817499,0.791747814904983
13021,140447,Mercer University,"[0.4477, 0.0762, 0.3054, 0.0013, 0.0819, 0.0009, 0.0241, 0.0429]",0.3086,13,0.5047986136967662,0.5527647953180241,0.592619567108764
13121,140553,Morehouse College,"[0.002, 0.0004, 0.9844, 0.0004, 0.0, 0.0, 0.0, 0.0082]",0.9691,13,0.19367770920877975,0.5122019344783645,0.7283709188530658
13121,140571,Morris Brown College,"[0.0, 0.004, 0.996, 0.0, 0.0, 0.0, 0.0, 0.0]",0.992,13,0.19582672196962708,0.5143708570726048,0.7299652623195411
13089,140696,Oglethorpe University,"[0.3712, 0.2281, 0.2281, 0.0035, 0.04, 0.0007, 0.0189, 0.0393]",0.2454,13,0.7620124386544893,0.76273189742313,0.760772026020191
13245,140720,Paine College,"[0.01, 0.0368, 0.806, 0.01, 0.0, 0.0, 0.0368, 0.0435]",0.6544,13,0.2412797927752991,0.5530376005593338,0.8752443087655215
13137,140818,Piedmont University,"[0.6724, 0.1048, 0.1262, 0.0017, 0.014, 0.0, 0.0429, 0.0256]",0.4817,13,0.48360432428286165,0.39314439809832125,0.3469290090014869
13057,140872,Reinhardt University,"[0.5562, 0.0858, 0.214, 0.0059, 0.0099, 0.002, 0.0631, 0.0187]",0.367,13,0.4916652103401536,0.463793012471988,0.3186058521118281
13051,140951,Savannah College of Art and Design,"[0.5246, 0.0689, 0.1154, 0.0058, 0.0613, 0.0022, 0.0547, 0.0028]",0.3001,13,0.46939196767764896,0.3900879486302619,0.36097974784635084
13051,140960,Savannah State University,"[0.031, 0.0532, 0.8584, 0.0008, 0.0, 0.0004, 0.0091, 0.0321]",0.7418,13,0.2623117066886881,0.5696314399881132,0.6580468622790597
13115,140988,Shorter University,"[0.6218, 0.0963, 0.1927, 0.008, 0.0125, 0.0027, 0.0062, 0.0357]",0.4346,13,0.49296044772721825,0.44155662591649664,0.3561805361424906
13275,141167,Thomas University,"[0.3636, 0.0592, 0.2507, 0.0028, 0.0193, 0.0, 0.3003, 0.0]",0.2891,13,0.41173936189396904,0.4562906599295396,0.3772160466970009
13257,141185,Toccoa Falls College,"[0.7365, 0.0671, 0.1078, 0.0012, 0.0311, 0.0024, 0.006, 0.0335]",0.5607,13,0.4264463732176756,0.3266672367043494,0.15031930794724702
13311,141237,Truett McConnell University,"[0.7403, 0.0519, 0.0833, 0.006, 0.0097, 0.0012, 0.0773, 0.0]",0.5638,13,0.39716684479242864,0.2890759639923131,0.10761325198009389
13185,141264,Valdosta State University,"[0.4356, 0.1068, 0.3889, 0.0018, 0.0144, 0.0014, 0.0038, 0.0377]",0.354,13,0.5277840683238572,0.6180130772433556,0.6111179644408974
13021,141325,Wesleyan College,"[0.3765, 0.1118, 0.3824, 0.002, 0.0098, 0.002, 0.0078, 0.0627]",0.3046,13,0.5436977396166829,0.6513090552456225,0.736746610543676
13045,141334,University of West Georgia,"[0.4959, 0.0899, 0.3319, 0.0016, 0.0108, 0.001, 0.0135, 0.0458]",0.3666,13,0.5066081850098831,0.553885561350329,0.3819058960761678
13281,141361,Young Harris College,"[0.6786, 0.0526, 0.0824, 0.0072, 0.0072, 0.0048, 0.0705, 0.0227]",0.4757,13,0.4067134992794988,0.30088126253758185,0.11438821417908376
15003,141486,Chaminade University of Honolulu,"[0.0924, 0.1249, 0.0153, 0.0027, 0.2525, 0.113, 0.2704, 0.1256]",0.1898,15,0.41733949979498297,0.7775499531685126,0.7729848757587838
15001,141565,University of Hawaii at Hilo,"[0.2083, 0.1592, 0.0122, 0.005, 0.1336, 0.0785, 0.0025, 0.3562]",0.2198,15,0.5350171602782684,0.7954767343132699,0.8693964003655147
15003,141574,University of Hawaii at Manoa,"[0.2042, 0.1388, 0.0148, 0.0023, 0.336, 0.0203, 0.0064, 0.2441]",0.2341,15,0.5018794763165197,0.9425721772683957,0.942422180319834
15003,141644,Hawaii Pacific University,"[0.294, 0.2098, 0.0645, 0.0053, 0.1679, 0.0185, 0.0158, 0.1725]",0.1932,15,0.7409923257295172,0.7996977530302379,0.7551884334734765
15003,141981,University of Hawaii-West Oahu,"[0.0807, 0.1538, 0.0181, 0.0012, 0.3649, 0.0446, 0.0024, 0.3284]",0.2735,15,0.4335742196057052,0.9557306824109773,0.955367174579119
16001,142090,Boise Bible College,"[0.8842, 0.0316, 0.0421, 0.0, 0.0, 0.0105, 0.0105, 0.0]",0.7848,16,0.3559232528638179,0.197991493105107,0.1487970561597821
16001,142115,Boise State University,"[0.7192, 0.1475, 0.0166, 0.0036, 0.0269, 0.0043, 0.0207, 0.0533]",0.5433,16,0.5041049427987598,0.3606803747976335,0.31449576041796873
16005,142276,Idaho State University,"[0.7221, 0.1492, 0.0152, 0.0164, 0.0122, 0.0047, 0.0264, 0.0337]",0.5462,16,0.5024070786824011,0.3611240582103634,0.31389309819722316
16057,142285,University of Idaho,"[0.7493, 0.107, 0.0111, 0.0091, 0.0162, 0.0018, 0.0132, 0.044]",0.5755,16,0.44949839987968865,0.30337910630475856,0.2060298593040344
16027,142294,The College of Idaho,"[0.5485, 0.1397, 0.0209, 0.0076, 0.019, 0.0067, 0.02, 0.058]",0.325,16,0.5457625242982161,0.40451430099529884,0.5774670168320424
16069,142328,Lewis-Clark State College,"[0.7709, 0.09, 0.0132, 0.0188, 0.006, 0.0034, 0.0239, 0.055]",0.6066,16,0.4268720515906546,0.27929784775367167,0.1661350222435144
16027,142461,Northwest Nazarene University,"[0.748, 0.1336, 0.0179, 0.0063, 0.0126, 0.0045, 0.0054, 0.0655]",0.5822,16,0.4815069589311891,0.3370776459683204,0.5171717560616573
17031,142957,American Islamic College,"[0.0, 0.2, 0.8, 0.0, 0.0, 0.0, 0.0, 0.0]",0.68,17,0.41011465209335574,0.43785926465801417,0.5874144228843831
17031,143048,School of the Art Institute of Chicago,"[0.3537, 0.1132, 0.0436, 0.0021, 0.1032, 0.0004, 0.0394, 0.0433]",0.1539,17,0.6038613761190603,0.5830718160353171,0.7463663243704086
17161,143084,Augustana College,"[0.6073, 0.1288, 0.0387, 0.0009, 0.0281, 0.0, 0.0119, 0.0356]",0.3891,17,0.516586831301363,0.49377954879582026,0.405338235207105
17089,143118,Aurora University,"[0.4046, 0.3958, 0.0599, 0.002, 0.0356, 0.0005, 0.0692, 0.0251]",0.3306,17,0.8858804952413215,0.8723093943467112,0.9611709149214641
17117,143288,Blackburn College,"[0.807, 0.0789, 0.0702, 0.0, 0.0029, 0.0, 0.0117, 0.0292]",0.6634,17,0.4201715944264666,0.39766599809169356,0.11263367672196987
17001,143297,Blessing Rieman College of Nursing and Health Sciences,"[0.9205, 0.0, 0.0265, 0.0, 0.0199, 0.0066, 0.0199, 0.0066]",0.8489,17,0.32229261180858415,0.29800922808954716,0.02381509555227889
17143,143358,Bradley University,"[0.648, 0.1379, 0.0881, 0.0022, 0.0443, 0.0005, 0.023, 0.0341]",0.4503,17,0.528187006195515,0.5074911344126136,0.31642141135048635
17031,143978,The Chicago School at Chicago,"[0.2647, 0.4706, 0.1176, 0.0294, 0.0588, 0.0, 0.0294, 0.0294]",0.3114,17,0.9818874543862743,0.9770134129282725,0.9712988598819128
17031,144005,Chicago State University,"[0.022, 0.0689, 0.75, 0.0051, 0.0088, 0.0, 0.0916, 0.0147]",0.5764,17,0.2860265698546282,0.31240801532462265,0.4982604567409281
17031,144050,University of Chicago,"[0.3215, 0.1631, 0.0674, 0.0001, 0.1978, 0.0001, 0.02, 0.0706]",0.179,17,0.6804565298415198,0.663863099767502,0.8020871128795506
17031,144281,Columbia College Chicago,"[0.4398, 0.2584, 0.1703, 0.0009, 0.035, 0.0009, 0.0102, 0.0497]",0.293,17,0.7684832748139534,0.7570250418349285,0.8998558923512369
17031,144351,Concordia University-Chicago,"[0.4304, 0.3494, 0.1206, 0.0039, 0.0233, 0.0023, 0.0125, 0.0537]",0.3255,17,0.8529790624249249,0.8404607858563982,0.9267553087433019
17031,144740,DePaul University,"[0.482, 0.2319, 0.075, 0.0007, 0.1206, 0.0005, 0.016, 0.0437]",0.3084,17,0.709825237706532,0.6916852018201273,0.828277365661135
17031,144883,East-West University,"[0.0208, 0.3667, 0.3743, 0.0132, 0.0076, 0.0019, 0.0076, 0.0208]",0.2757,17,0.7979420650308136,0.8180976642147926,0.8461603144460608
17029,144892,Eastern Illinois University,"[0.5578, 0.1001, 0.2098, 0.0024, 0.012, 0.0011, 0.0563, 0.034]",0.3697,17,0.5128917342580327,0.49907054068079665,0.224775319008311
17043,144962,Elmhurst University,"[0.4867, 0.282, 0.0525, 0.0017, 0.0766, 0.001, 0.038, 0.0287]",0.3273,17,0.7562487371774547,0.7379933298099565,0.7002915122724676
17203,144971,Eureka College,"[0.7022, 0.0846, 0.125, 0.0129, 0.0037, 0.0018, 0.0386, 0.0202]",0.5179,17,0.4514790133565038,0.4316846590705757,0.1400079986486486
17197,145336,Governors State University,"[0.2951, 0.1935, 0.3998, 0.0023, 0.0236, 0.0008, 0.0321, 0.0348]",0.2872,17,0.6584632748828576,0.6654497555197723,0.6376237420135159
17005,145372,Greenville University,"[0.5976, 0.0732, 0.1308, 0.0022, 0.0033, 0.0022, 0.0155, 0.031]",0.3808,17,0.458599962755167,0.4399476791452639,0.1768667917803631
17031,145497,Hebrew Theological College,"[0.9452, 0.0274, 0.0, 0.0, 0.0, 0.0, 0.0, 0.0]",0.8942,17,0.34095223976973316,0.3161605587113646,0.5085800436820259
17031,145600,University of Illinois Chicago,"[0.2336, 0.3632, 0.0759, 0.0004, 0.2106, 0.0002, 0.0172, 0.0296]",0.2378,17,0.9126071325470512,0.90556291784368,0.9237430240146555
17043,145619,Benedictine University,"[0.4161, 0.1856, 0.0864, 0.0079, 0.1836, 0.0025, 0.0745, 0.0212]",0.2548,17,0.6696110587151854,0.6531911056188756,0.6247683745037783
17019,145637,University of Illinois Urbana-Champaign,"[0.3932, 0.1377, 0.0591, 0.0003, 0.2222, 0.0003, 0.0114, 0.0361]",0.2279,17,0.5978835917136033,0.5797361501561001,0.495694128030683
17113,145646,Illinois Wesleyan University,"[0.691, 0.0916, 0.0731, 0.0013, 0.0711, 0.0013, 0.0059, 0.0217]",0.4968,17,0.4596193390895891,0.4378469520914918,0.22658852274639057
17137,145691,Illinois College,"[0.7141, 0.1009, 0.087, 0.002, 0.0089, 0.0, 0.0129, 0.0297]",0.5288,17,0.4636624304598141,0.44231781354028527,0.17716257965462623
17031,145725,Illinois Institute of Technology,"[0.3629, 0.2117, 0.0494, 0.0, 0.1693, 0.0007, 0.0195, 0.0403]",0.2096,17,0.7374151875250166,0.7200919187049771,0.8365222951055978
17113,145813,Illinois State University,"[0.6859, 0.1295, 0.1052, 0.0011, 0.0265, 0.0004, 0.0052, 0.0392]",0.5006,17,0.5093931617926272,0.4890936475295238,0.2805771342471996
17089,146339,Judson University,"[0.3816, 0.3342, 0.1242, 0.0013, 0.0192, 0.0026, 0.0602, 0.0128]",0.2769,17,0.8651764344765216,0.8549024805737566,0.93475868476875
17095,146427,Knox College,"[0.4862, 0.1313, 0.0637, 0.0029, 0.0447, 0.0, 0.0276, 0.0628]",0.2644,17,0.5732570286578802,0.5519144372694593,0.34628165007598144
17097,146481,Lake Forest College,"[0.4745, 0.2036, 0.0342, 0.0041, 0.0632, 0.0012, 0.0348, 0.0307]",0.2739,17,0.6722372917337984,0.6513999606046901,0.7255063520293888
17183,146533,Lakeview College of Nursing,"[0.6207, 0.0172, 0.1293, 0.0086, 0.0776, 0.0, 0.0, 0.1466]",0.4299,17,0.3855828682517212,0.3641674088649732,0.1367661487887828
17197,146612,Lewis University,"[0.5647, 0.2395, 0.0616, 0.0019, 0.0668, 0.0016, 0.0118, 0.026]",0.3853,17,0.6740289348007493,0.6544702169328489,0.655841991614274
17031,146719,Loyola University Chicago,"[0.508, 0.208, 0.0624, 0.001, 0.1306, 0.0009, 0.0125, 0.0491]",0.3248,17,0.6653071681762549,0.6455982815918468,0.7914776430447251
17161,146755,Trinity College of Nursing & Health Sciences,"[0.6296, 0.1481, 0.0864, 0.0, 0.0494, 0.0, 0.0617, 0.0247]",0.4327,17,0.5441353268284416,0.5237503690559807,0.4315668109606919
17163,147013,McKendree University,"[0.5641, 0.0596, 0.1086, 0.002, 0.0026, 0.0013, 0.0609, 0.0668]",0.3417,17,0.44184975183959185,0.4214155551178434,0.2548219776843869
17143,147129,Methodist College,"[0.7067, 0.0277, 0.1547, 0.0023, 0.0393, 0.0, 0.0346, 0.0346]",0.5281,17,0.3904074566826946,0.37133107052393666,0.17783965430972662
17115,147244,Millikin University,"[0.6606, 0.0443, 0.1859, 0.0019, 0.0187, 0.0019, 0.0143, 0.0287]",0.4743,17,0.4182174162374995,0.4013392371795103,0.1649812263004592
17187,147341,Monmouth College,"[0.6859, 0.1183, 0.088, 0.0026, 0.0145, 0.0, 0.0329, 0.0394]",0.495,17,0.4915954077526665,0.470359843429466,0.30247788595090475
17031,147369,Moody Bible Institute,"[0.6072, 0.0915, 0.0536, 0.0012, 0.0286, 0.0006, 0.0781, 0.0344]",0.388,17,0.4674330457635831,0.4448161376403075,0.6312472182995864
17031,147536,National Louis University,"[0.1511, 0.5439, 0.1986, 0.0016, 0.0216, 0.0, 0.0346, 0.0129]",0.3599,17,0.9843536419834032,0.9895416167265656,0.9492081369280014
17043,147590,National University of Health Sciences,"[0.6, 0.0333, 0.1333, 0.0333, 0.0333, 0.0, 0.1333, 0.0333]",0.4,17,0.3980005067062286,0.37856942307346847,0.2986363174443778
17043,147660,North Central College,"[0.6263, 0.1667, 0.0543, 0.0009, 0.0425, 0.0, 0.036, 0.0273]",0.4268,17,0.5620181199320187,0.5403977070869571,0.4852049699145552
17031,147679,North Park University,"[0.3203, 0.3415, 0.0926, 0.0016, 0.0937, 0.0016, 0.0272, 0.0321]",0.2383,17,0.9108414830489089,0.9004894905599383,0.955890090688784
17037,147703,Northern Illinois University,"[0.4361, 0.2378, 0.2067, 0.0026, 0.0657, 0.0008, 0.0054, 0.0315]",0.2948,17,0.74497728454545,0.7358278458281171,0.6278735973130826
17031,147767,Northwestern University,"[0.373, 0.1419, 0.067, 0.0011, 0.2087, 0.0011, 0.0339, 0.071]",0.2135,17,0.6181891807854787,0.5998951847629052,0.7575355748703057
17031,147776,Northeastern Illinois University,"[0.2213, 0.4133, 0.1195, 0.001, 0.0986, 0.0022, 0.1151, 0.0205]",0.2575,17,0.9565788362585129,0.9532293382812009,0.9547753560813858
17091,147828,Olivet Nazarene University,"[0.6427, 0.1244, 0.0951, 0.0024, 0.0248, 0.0142, 0.0337, 0.0439]",0.4415,17,0.5126338286450853,0.4919090682950238,0.37252826296507546
17083,148016,Principia College,"[0.4462, 0.057, 0.0316, 0.0, 0.0158, 0.0032, 0.0316, 0.0253]",0.2052,17,0.44660257350796506,0.4233743503712713,0.14468824602886432
17001,148131,Quincy University,"[0.7118, 0.0652, 0.1061, 0.001, 0.0117, 0.0, 0.0487, 0.001]",0.5247,17,0.4222648258702128,0.40191809165176673,0.11807424474609891
17201,148405,Rockford University,"[0.4174, 0.1663, 0.1322, 0.0022, 0.0187, 0.0011, 0.1366, 0.0341]",0.2395,17,0.6439275464270294,0.6294403549771425,0.5672987790347783
17031,148487,Roosevelt University,"[0.3188, 0.3268, 0.2091, 0.0047, 0.0508, 0.0004, 0.0212, 0.0347]",0.2564,17,0.8869591716738692,0.8834365658653092,0.9823539632460476
17031,148496,Dominican University,"[0.2109, 0.6616, 0.0496, 0.0014, 0.0293, 0.0009, 0.0274, 0.0123]",0.4864,17,0.9892389775599995,0.9861579064604934,0.8974571993041621
17031,148511,Rush University,"[0.2174, 0.3913, 0.2522, 0.0, 0.0783, 0.0, 0.0435, 0.0087]",0.2721,17,0.9318435585200451,0.9364995871417825,0.9919471857293989
17143,148575,Saint Francis Medical Center College of Nursing,"[0.8893, 0.0246, 0.0328, 0.0, 0.0369, 0.0, 0.0, 0.0082]",0.794,17,0.3507861857365211,0.32684944767312024,0.11920113527120596
17197,148584,University of St Francis,"[0.495, 0.295, 0.0942, 0.0043, 0.0367, 0.0014, 0.0122, 0.0345]",0.3436,17,0.7705417540651158,0.7544867462458931,0.7538947485545039
17167,148593,St. John's College-Department of Nursing,"[0.8659, 0.0244, 0.0366, 0.0122, 0.0244, 0.0, 0.0122, 0.0244]",0.7532,17,0.3524304205565473,0.32825577110495396,0.07188333665887425
17031,148627,Saint Xavier University,"[0.324, 0.4954, 0.1174, 0.0007, 0.0223, 0.0007, 0.0148, 0.0246]",0.3655,17,0.9680117790883714,0.9618847435731602,0.9656796706979668
17167,148654,University of Illinois Springfield,"[0.6299, 0.1099, 0.1316, 0.0017, 0.0392, 0.0009, 0.0183, 0.0383]",0.4295,17,0.5051202877409322,0.48628201267733506,0.23721531822998823
17201,149028,Saint Anthony College of Nursing,"[0.6961, 0.1768, 0.0552, 0.0, 0.0552, 0.0055, 0.0, 0.011]",0.5221,17,0.5514748492745782,0.5299997241081462,0.4578654510790891
17077,149222,Southern Illinois University-Carbondale,"[0.6604, 0.0937, 0.1674, 0.0024, 0.0184, 0.0009, 0.0004, 0.0352]",0.4745,17,0.47943550345723035,0.46196304928006515,0.25553797588053406
17119,149231,Southern Illinois University Edwardsville,"[0.6865, 0.0634, 0.1381, 0.0016, 0.024, 0.0013, 0.0211, 0.04]",0.497,17,0.4338960457033748,0.4144347756465359,0.16396191918156494
17031,149329,Telshe Yeshiva-Chicago,"[0.9747, 0.0, 0.0, 0.0, 0.0, 0.0, 0.0, 0.0]",0.95,17,0.3143549189511773,0.2894637970418999,0.48699561611109077
17031,149505,Trinity Christian College,"[0.5556, 0.2005, 0.1392, 0.0038, 0.0204, 0.0038, 0.0051, 0.0]",0.3687,17,0.6395675005344859,0.6240306065335128,0.7944842145920133
17097,149514,Trinity International University-Illinois,"[0.4474, 0.2005, 0.198, 0.0, 0.0171, 0.0098, 0.0513, 0.044]",0.2845,17,0.6909668212429705,0.6800702423869875,0.7096153160757109
17031,149639,VanderCook College of Music,"[0.4179, 0.2687, 0.1493, 0.0, 0.0448, 0.0, 0.0149, 0.0896]",0.2794,17,0.7910183953990937,0.7781893817387749,0.905749332574421
17109,149772,Western Illinois University,"[0.5548, 0.1264, 0.225, 0.0019, 0.0133, 0.0013, 0.0127, 0.0296]",0.3756,17,0.5507489971835343,0.5382724947602625,0.2694327461534187
17043,149781,Wheaton College,"[0.6861, 0.0766, 0.0257, 0.0005, 0.1009, 0.0005, 0.0103, 0.0645]",0.4917,17,0.4350942850906837,0.41051210608845384,0.36511341872171704
18095,150066,Anderson University,"[0.7408, 0.0549, 0.1035, 0.0, 0.0153, 0.0, 0.0243, 0.0513]",0.566,18,0.4099263844298747,0.19800250789057483,0.14624074158614453
18035,150136,Ball State University,"[0.7472, 0.0724, 0.0965, 0.0013, 0.0194, 0.0007, 0.0143, 0.042]",0.5752,18,0.4284076050753667,0.21838793177654015,0.1463415497108467
18141,150145,Bethel University,"[0.678, 0.1112, 0.0744, 0.0018, 0.0188, 0.0, 0.0063, 0.0413]",0.4797,18,0.48302771101609554,0.27962249737495076,0.314491300592463
18097,150163,Butler University,"[0.8044, 0.0634, 0.0388, 0.0016, 0.0404, 0.0, 0.0051, 0.0342]",0.6554,18,0.40132969478957486,0.19272703022698762,0.31755530998365644
18089,150172,Calumet College of Saint Joseph,"[0.2972, 0.3612, 0.2918, 0.0018, 0.0125, 0.0, 0.0071, 0.0285]",0.305,18,0.8796875407256539,0.7697260870200834,0.953958128941893
18133,150400,DePauw University,"[0.5918, 0.0808, 0.0577, 0.0, 0.0271, 0.0, 0.0081, 0.0242]",0.3615,18,0.45882565580531565,0.25262879601837823,0.16234469290220102
18177,150455,Earlham College,"[0.5654, 0.0866, 0.0764, 0.0, 0.0272, 0.0, 0.0085, 0.0441]",0.3358,18,0.47943460079214817,0.27283485862906925,0.20352618818487028
18163,150534,University of Evansville,"[0.769, 0.0487, 0.0466, 0.0041, 0.0308, 0.0007, 0.0041, 0.0398]",0.5985,18,0.38934107242540267,0.17930339119713354,0.11662984683431239
18081,150604,Franklin College,"[0.8091, 0.0536, 0.0559, 0.0012, 0.0198, 0.0, 0.0058, 0.0466]",0.6632,18,0.39231102989058486,0.1828915354367101,0.11771940983307264
18039,150668,Goshen College,"[0.4659, 0.294, 0.0455, 0.0014, 0.0241, 0.0014, 0.0313, 0.0241]",0.3077,18,0.776108521679945,0.6254617482393872,0.7385878791370606
18085,150677,Grace College and Theological Seminary,"[0.7942, 0.0748, 0.0322, 0.0021, 0.0171, 0.0014, 0.0082, 0.0254]",0.6384,18,0.4107787230468567,0.2054806554688154,0.2037482169288654
18077,150756,Hanover College,"[0.7692, 0.0263, 0.0474, 0.0095, 0.0063, 0.0, 0.0316, 0.0558]",0.5988,18,0.36152180365401665,0.15112015359482403,0.07437907105011748
18141,150774,Holy Cross College,"[0.5427, 0.2488, 0.0569, 0.0071, 0.0166, 0.0, 0.0213, 0.0498]",0.3629,18,0.6907096816935615,0.5196637502729535,0.5482811461130483
18069,150941,Huntington University,"[0.8377, 0.0206, 0.0356, 0.0066, 0.0178, 0.0047, 0.0, 0.046]",0.7059,18,0.3498497717902781,0.13913427489586908,0.057545184919551434
18003,151102,Purdue University Fort Wayne,"[0.7138, 0.0949, 0.0655, 0.0015, 0.0527, 0.0004, 0.0022, 0.0423]",0.5274,18,0.4575524048510703,0.24986850686775128,0.267146016786414
18097,151111,Indiana University-Indianapolis,"[0.6123, 0.1314, 0.1044, 0.0009, 0.0685, 0.0002, 0.0037, 0.0554]",0.4109,18,0.5364706104344075,0.33157284223561034,0.47703613990029875
18097,151263,University of Indianapolis,"[0.5952, 0.0912, 0.1312, 0.0017, 0.0401, 0.0009, 0.0241, 0.0363]",0.3833,18,0.48909946016523487,0.27880866635672713,0.4471078444591626
18003,151290,Indiana Institute of Technology,"[0.3684, 0.0336, 0.1014, 0.0037, 0.0112, 0.003, 0.3639, 0.0261]",0.2804,18,0.3249812446615135,0.1666690285391421,0.18418666015490756
18167,151324,Indiana State University,"[0.6906, 0.0694, 0.1627, 0.0017, 0.0156, 0.001, 0.0046, 0.044]",0.5104,18,0.44338582272865196,0.2305145766239908,0.15394217927794485
18067,151333,Indiana University-Kokomo,"[0.7768, 0.1021, 0.0455, 0.0008, 0.0153, 0.0004, 0.005, 0.0463]",0.6183,18,0.44717731018289725,0.24395486886769133,0.18199867407762996
18141,151342,Indiana University-South Bend,"[0.6195, 0.1999, 0.0829, 0.0014, 0.0205, 0.0, 0.0049, 0.0573]",0.4343,18,0.6081440083187384,0.41983380987170216,0.4530888812929656
18105,151351,Indiana University-Bloomington,"[0.6768, 0.0821, 0.0417, 0.0004, 0.0915, 0.0002, 0.0049, 0.0516]",0.4776,18,0.44646666321763373,0.23690305511450865,0.18980705972658482
18089,151360,Indiana University-Northwest,"[0.4596, 0.2925, 0.1682, 0.0004, 0.0325, 0.0004, 0.0048, 0.0384]",0.3276,18,0.7900624801531495,0.6301802434333694,0.828078681573038
18043,151379,Indiana University-Southeast,"[0.8066, 0.0565, 0.0584, 0.001, 0.0207, 0.0, 0.0057, 0.0482]",0.66,18,0.3964211250450558,0.18704045015206336,0.12219777873872739
18177,151388,Indiana University-East,"[0.7553, 0.0688, 0.0603, 0.0016, 0.021, 0.0004, 0.0283, 0.0445]",0.5821,18,0.4163085303655287,0.20809102029815105,0.1412191888438337
18169,151777,Manchester University,"[0.605, 0.0853, 0.081, 0.0022, 0.0077, 0.0, 0.1707, 0.0449]",0.4111,18,0.4515481470136419,0.2523644192818633,0.1661175502686502
18097,151786,Marian University,"[0.6042, 0.115, 0.153, 0.0004, 0.0273, 0.0009, 0.0222, 0.0486]",0.4053,18,0.5204713257057395,0.3139828636883036,0.4855813249012026
18053,151801,Indiana Wesleyan University-Marion,"[0.8221, 0.0439, 0.0496, 0.0029, 0.0243, 0.0005, 0.0114, 0.0315]",0.682,18,0.3789387870557512,0.1688195104971722,0.12229151966872057
18097,151810,Martin University,"[0.0311, 0.0062, 0.9193, 0.0, 0.0, 0.0, 0.0186, 0.0248]",0.8471,18,0.2106602931464613,0.1341041130454756,0.47438585698911123
18141,152080,University of Notre Dame,"[0.6372, 0.1304, 0.0393, 0.0016, 0.057, 0.0017, 0.0126, 0.058]",0.4313,18,0.5137748763712933,0.3137047375792373,0.3455738720165623
18051,152099,Oakland City University,"[0.6192, 0.0348, 0.1258, 0.005, 0.0149, 0.0, 0.043, 0.0629]",0.4065,18,0.4028326969216915,0.1876069425479779,0.08467933267225013
18167,152318,Rose-Hulman Institute of Technology,"[0.682, 0.0511, 0.0376, 0.0028, 0.078, 0.0, 0.0121, 0.0585]",0.4788,18,0.40472996213915197,0.1924970679726739,0.1209913231726774
18003,152336,University of Saint Francis-Fort Wayne,"[0.6864, 0.0973, 0.1062, 0.0032, 0.0178, 0.0013, 0.0229, 0.0382]",0.4942,18,0.46988778037755324,0.2626781396775252,0.28037086213654366
18167,152381,Saint Mary-of-the-Woods College,"[0.7453, 0.0824, 0.0849, 0.0037, 0.0112, 0.0025, 0.0125, 0.0487]",0.5721,18,0.4375897405410537,0.22994716582385558,0.15720050313575892
18141,152390,Saint Mary's College,"[0.7692, 0.1488, 0.0174, 0.0, 0.016, 0.0007, 0.0116, 0.029]",0.6153,18,0.49194927396284815,0.29669421139998625,0.32567851356609473
18053,152530,Taylor University,"[0.8076, 0.0475, 0.0283, 0.0006, 0.0306, 0.0017, 0.0096, 0.0294]",0.6572,18,0.37996453210973485,0.17132094817403976,0.1255904179912334
18151,152567,Trine University,"[0.8484, 0.0382, 0.0311, 0.0022, 0.0164, 0.0004, 0.0222, 0.0253]",0.7236,18,0.3659721912077853,0.15730925344222293,0.09139139434520115
18127,152600,Valparaiso University,"[0.7071, 0.105, 0.064, 0.0009, 0.0307, 0.0, 0.0158, 0.0337]",0.5174,18,0.46802843221744894,0.2633339566774228,0.2859273870545153
18107,152673,Wabash College,"[0.7293, 0.1138, 0.0359, 0.0, 0.0156, 0.0, 0.012, 0.0407]",0.5482,18,0.4664588871230215,0.2659002397747584,0.22216720883888738
19013,152798,Allen College,"[0.7878, 0.0144, 0.0252, 0.0072, 0.018, 0.0036, 0.1151, 0.018]",0.6354,19,0.3383099100741489,0.10201862968930483,0.08673883247297831
19193,152992,Briar Cliff University,"[0.5769, 0.1923, 0.0801, 0.0096, 0.0096, 0.0048, 0.0, 0.0609]",0.3801,19,0.6149193253580899,0.39715280814607334,0.5494142182179435
19021,153001,Buena Vista University,"[0.7787, 0.1135, 0.0289, 0.007, 0.0092, 0.0021, 0.0282, 0.0261]",0.6217,19,0.453938502037014,0.2271302284925586,0.580671044885575
19125,153108,Central College,"[0.8529, 0.0502, 0.0282, 0.0018, 0.0097, 0.0018, 0.0238, 0.0317]",0.7324,19,0.37746500655946846,0.1429865408997584,0.0827559405838748
19061,153126,Clarke University,"[0.5594, 0.0994, 0.1409, 0.0014, 0.0097, 0.0028, 0.0552, 0.0539]",0.3487,19,0.5072111218572752,0.2606110444268487,0.21448062562018086
19113,153144,Coe College,"[0.652, 0.1307, 0.1013, 0.0033, 0.0245, 0.0025, 0.0359, 0.031]",0.4553,19,0.5181879595072398,0.281648253941314,0.25451980734740415
19113,153162,Cornell College,"[0.7476, 0.0898, 0.0681, 0.0095, 0.0359, 0.0038, 0.0123, 0.0095]",0.5732,19,0.44266527170936115,0.20463743789767636,0.1741539203602847
19061,153241,Divine Word College,"[0.0, 0.0147, 0.0, 0.0, 0.1324, 0.0, 0.0, 0.0]",0.0177,19,0.19558626368696108,0.13779552634458922,0.12171150368656856
19167,153250,Dordt University,"[0.8003, 0.0265, 0.0027, 0.002, 0.0095, 0.0007, 0.0279, 0.019]",0.6424,19,0.3480048356246628,0.11574245966535157,0.19499471629550827
19153,153269,Drake University,"[0.7208, 0.0734, 0.0623, 0.0011, 0.0501, 0.0004, 0.0025, 0.0508]",0.5339,19,0.4301901690428341,0.18912656914543935,0.24380023527700767
19061,153278,University of Dubuque,"[0.6776, 0.066, 0.114, 0.0042, 0.0097, 0.0028, 0.0716, 0.0202]",0.4821,19,0.43012538035386927,0.1838821661742556,0.13700172594051374
19153,153320,Faith Baptist Bible College and Theological Seminary,"[0.8435, 0.0415, 0.0096, 0.0064, 0.0096, 0.0032, 0.0032, 0.0415]",0.7152,19,0.36538715168881986,0.13291060650121056,0.1828422720930881
19053,153366,Graceland University-Lamoni,"[0.4988, 0.1116, 0.157, 0.0035, 0.0093, 0.0209, 0.043, 0.0477]",0.2906,19,0.5460679788565084,0.29982673564195383,0.2420088310630209
19153,153375,Grand View University,"[0.6, 0.1056, 0.0957, 0.0046, 0.0367, 0.0013, 0.0813, 0.0393]",0.3898,19,0.49835783188736305,0.2585362883735238,0.31407996881047645
19157,153384,Grinnell College,"[0.526, 0.0831, 0.0439, 0.0, 0.0755, 0.0, 0.0281, 0.048]",0.2943,19,0.4809744925195907,0.24289036802895672,0.18901223200417777
19169,153603,Iowa State University,"[0.7705, 0.0713, 0.0263, 0.0016, 0.0437, 0.0007, 0.0249, 0.0295]",0.6028,19,0.41124728133434985,0.17698878052030703,0.16066418175380234
19103,153658,University of Iowa,"[0.7453, 0.0892, 0.0301, 0.0014, 0.0475, 0.0007, 0.0297, 0.0375]",0.5689,19,0.4369203819683505,0.2039142258944549,0.2151946230458704
19061,153825,Loras College,"[0.7253, 0.0956, 0.052, 0.0, 0.0128, 0.0, 0.0478, 0.0273]",0.5411,19,0.4480186650923472,0.21514085878958455,0.16800589011696135
19191,153834,Luther College,"[0.7486, 0.0661, 0.0293, 0.0056, 0.0175, 0.0044, 0.0087, 0.0087]",0.5661,19,0.404419119854314,0.17143209713645413,0.11957659267738661
19101,153861,Maharishi International University,"[0.4479, 0.1145, 0.1028, 0.0088, 0.0308, 0.0015, 0.254, 0.0191]",0.2902,19,0.5058599516411972,0.29295372292751326,0.26195984279725804
19153,153977,Mercy College of Health Sciences,"[0.6645, 0.11, 0.1188, 0.0088, 0.0616, 0.0044, 0.0209, 0.011]",0.4722,19,0.4947629430150743,0.24962608966699523,0.3069024314522163
19193,154004,Morningside University,"[0.6349, 0.0851, 0.0374, 0.0077, 0.0153, 0.0034, 0.0996, 0.04]",0.4236,19,0.4459531159538538,0.21594370591320436,0.3789145772938964
19113,154013,Mount Mercy University,"[0.7061, 0.0225, 0.0758, 0.0017, 0.0233, 0.0, 0.0275, 0.0641]",0.5102,19,0.3694581156649743,0.12168263190189964,0.09292045773725222
6073,154022,Ashford University,"[0.411, 0.1994, 0.2873, 0.0075, 0.025, 0.0104, 0.016, 0.0424]",0.2941,06,0.6891343542084092,0.8447613390525018,0.7931550606207325
19013,154095,University of Northern Iowa,"[0.8459, 0.0555, 0.0292, 0.0012, 0.0153, 0.0004, 0.0168, 0.0269]",0.7207,19,0.38408413720106427,0.14965790349202404,0.13412370907495313
19167,154101,Northwestern College,"[0.7893, 0.0642, 0.0217, 0.0018, 0.0127, 0.0, 0.0579, 0.0145]",0.6313,19,0.3953796122333112,0.16396972613936214,0.24140341692534603
19163,154174,Palmer College of Chiropractic,"[0.8966, 0.069, 0.0, 0.0, 0.0345, 0.0, 0.0, 0.0]",0.8098,19,0.38754378017422275,0.1584152214626082,0.165571092556415
19163,154235,Saint Ambrose University,"[0.722, 0.1025, 0.0536, 0.0014, 0.0194, 0.0009, 0.0346, 0.0422]",0.538,19,0.45903087387711,0.22588568712843218,0.23757432435679443
19181,154350,Simpson College,"[0.7776, 0.0942, 0.0359, 0.0, 0.0152, 0.0009, 0.0099, 0.0466]",0.6173,19,0.4362887606360647,0.2050086954906871,0.15669485584035686
19065,154493,Upper Iowa University,"[0.616, 0.0813, 0.1707, 0.0064, 0.0191, 0.0032, 0.0345, 0.0236]",0.4174,19,0.4723197723510896,0.21814975427377534,0.1575625777145362
19189,154518,Waldorf University,"[0.4706, 0.0323, 0.1071, 0.0081, 0.0126, 0.0054, 0.3214, 0.0282]",0.3383,19,0.35085805371212775,0.13449560717169845,0.11366803124537225
19017,154527,Wartburg College,"[0.7939, 0.0414, 0.0428, 0.0007, 0.0064, 0.0014, 0.0243, 0.0271]",0.6352,19,0.3746120643147678,0.13707203012878827,0.075097534761598
19123,154590,William Penn University,"[0.5705, 0.0991, 0.1652, 0.0066, 0.0088, 0.0103, 0.0463, 0.0441]",0.3669,19,0.5063108269823055,0.2563277566627266,0.19378325600563936
20045,154688,Baker University,"[0.6404, 0.1166, 0.1004, 0.0126, 0.017, 0.0036, 0.0287, 0.0484]",0.4374,20,0.5039568379826492,0.3610074933714788,0.27883115744120945
20005,154712,Benedictine College,"[0.7675, 0.1137, 0.0311, 0.0028, 0.0158, 0.0028, 0.0274, 0.0297]",0.6048,20,0.4575128194848036,0.3236058502038246,0.19155403804447724
20113,154721,Bethany College,"[0.4722, 0.1886, 0.1988, 0.0146, 0.0175, 0.0073, 0.0, 0.0395]",0.3002,20,0.6662034031054596,0.5224484434091955,0.4048293281471663
20079,154749,Bethel College-North Newton,"[0.5392, 0.1569, 0.1811, 0.0362, 0.0181, 0.004, 0.0221, 0.0]",0.3503,20,0.5935880347526817,0.444953310882102,0.40256008796356596
20113,154855,Central Christian College of Kansas,"[0.472, 0.25, 0.1207, 0.0302, 0.0129, 0.0065, 0.0388, 0.0517]",0.3052,20,0.7375590506559355,0.6180076530426867,0.5111840960003746
20111,155025,Emporia State University,"[0.7262, 0.0616, 0.0342, 0.0079, 0.0128, 0.0011, 0.0244, 0.0984]",0.5428,20,0.4066280388318182,0.2691423372471301,0.3934560295656347
20051,155061,Fort Hays State University,"[0.5014, 0.0552, 0.0267, 0.003, 0.0107, 0.0007, 0.3718, 0.0128]",0.3937,20,0.348397044018286,0.2349773191640138,0.15501639334962544
20097,155070,Barclay College,"[0.5066, 0.2105, 0.1776, 0.0066, 0.0066, 0.0, 0.0197, 0.0526]",0.3357,20,0.6762453494930043,0.5395166770813512,0.40939619849065373
20173,155089,Friends University,"[0.5206, 0.1944, 0.1168, 0.004, 0.0141, 0.003, 0.0292, 0.0816]",0.3302,20,0.6480107838053859,0.51696453196548,0.5773356280777079
20091,155308,Kansas Christian College,"[0.3191, 0.133, 0.3511, 0.0213, 0.0319, 0.0053, 0.0266, 0.0532]",0.2478,20,0.5973998481686447,0.43797683196365644,0.3926367309948799
20045,155317,University of Kansas,"[0.6931, 0.0994, 0.0415, 0.0044, 0.0607, 0.0009, 0.0048, 0.0564]",0.4989,20,0.4630154901233331,0.32401309141243567,0.2426370957688071
20173,155335,Newman University,"[0.5051, 0.265, 0.0396, 0.0068, 0.0487, 0.0011, 0.0136, 0.0385]",0.331,20,0.7267709741141269,0.6186552236694438,0.667694465765942
20161,155399,Kansas State University,"[0.7978, 0.0848, 0.0272, 0.0041, 0.0183, 0.0009, 0.0089, 0.0377]",0.6463,20,0.42112750692844014,0.28488954416386886,0.25176261105815606
20169,155414,Kansas Wesleyan University,"[0.5731, 0.1906, 0.1449, 0.0076, 0.014, 0.0, 0.0, 0.0572]",0.3893,20,0.6233811267889313,0.48551930167955426,0.4616645085991884
20161,155496,Manhattan Christian College,"[0.7851, 0.0744, 0.0579, 0.0083, 0.0083, 0.0, 0.0083, 0.0579]",0.6288,20,0.41775165182551316,0.27737717862225364,0.24457122222630193
20113,155511,McPherson College,"[0.5222, 0.186, 0.1355, 0.0296, 0.0209, 0.0037, 0.0185, 0.016]",0.3276,20,0.6381921205086807,0.5005914187126616,0.38475496507733403
20091,155520,MidAmerica Nazarene University,"[0.6133, 0.0544, 0.1385, 0.0092, 0.0133, 0.0072, 0.0379, 0.0513]",0.4027,20,0.4327725534338588,0.2774771575096621,0.21744391886195857
20059,155627,Ottawa University-Ottawa,"[0.5018, 0.1633, 0.1704, 0.0129, 0.0129, 0.0094, 0.0118, 0.0693]",0.3129,20,0.620579978352398,0.4764258995618036,0.34768515065974703
20091,155636,Ottawa University-Kansas City,"[0.7243, 0.1434, 0.0735, 0.0147, 0.0037, 0.0037, 0.0074, 0.0294]",0.5517,20,0.5069866872666433,0.37135392007833484,0.31315796104077764
20103,155812,University of Saint Mary,"[0.5088, 0.208, 0.1378, 0.005, 0.0138, 0.0038, 0.0627, 0.0414]",0.327,20,0.669538278938387,0.5373126075429978,0.46981096010075596
20035,155900,Southwestern College,"[0.421, 0.1457, 0.1495, 0.0105, 0.019, 0.0067, 0.1981, 0.0229]",0.2611,20,0.5881103054111765,0.4527312308326091,0.41890621626578084
20159,155937,Sterling College,"[0.5742, 0.0795, 0.1254, 0.0053, 0.0, 0.0018, 0.0336, 0.0936]",0.3617,20,0.47285838993878504,0.32435198280237765,0.3031014165862429
20115,155973,Tabor College,"[0.5641, 0.1795, 0.1124, 0.0099, 0.0039, 0.0039, 0.0059, 0.0533]",0.3661,20,0.6090790207061925,0.47506857161132343,0.3396946513105466
20177,156082,Washburn University,"[0.6185, 0.1325, 0.0845, 0.007, 0.0173, 0.0008, 0.0431, 0.0555]",0.4125,20,0.5271398520773896,0.3888655466617298,0.4004686845335834
20173,156125,Wichita State University,"[0.5791, 0.1595, 0.0589, 0.006, 0.0722, 0.0014, 0.0218, 0.0553]",0.3731,20,0.5749358049298294,0.44096935657595265,0.501033670333543
21119,156189,Alice Lloyd College,"[0.9015, 0.0112, 0.0651, 0.0056, 0.0037, 0.0, 0.0074, 0.0037]",0.8172,21,0.33954454845329934,0.07568979111329589,0.019296777333335853
21113,156213,Asbury University,"[0.7619, 0.0764, 0.0486, 0.0008, 0.0135, 0.0008, 0.0199, 0.0191]",0.5896,21,0.4193560084819991,0.162318273129303,0.15595848884205632
21111,156286,Bellarmine University,"[0.738, 0.076, 0.0778, 0.0018, 0.0299, 0.0018, 0.011, 0.0484]",0.5598,21,0.43187845430192223,0.17028929373346846,0.246099412765134
21151,156295,Berea College,"[0.4429, 0.1538, 0.1871, 0.0, 0.039, 0.0007, 0.005, 0.0886]",0.2642,21,0.6352842223561849,0.3903936514150237,0.35992256864480143
21059,156356,Brescia University,"[0.6534, 0.0617, 0.1071, 0.0054, 0.0254, 0.0073, 0.1343, 0.0036]",0.461,21,0.4222736004555542,0.16141871111306805,0.14664207727681067
21217,156365,Campbellsville University,"[0.6599, 0.0233, 0.1473, 0.0036, 0.0102, 0.0, 0.0433, 0.0]",0.4597,21,0.38139864065024964,0.11046696038792748,0.07745527671877073
21021,156408,Centre College,"[0.7305, 0.0713, 0.0572, 0.0015, 0.0431, 0.0, 0.0104, 0.0393]",0.5455,21,0.42396132012415166,0.16269083270397713,0.16469838026518735
21013,156417,Clear Creek Baptist Bible College,"[0.902, 0.0294, 0.0294, 0.0, 0.0, 0.0, 0.0, 0.0392]",0.8169,21,0.3528108432171587,0.09362746389086786,0.045678688309260654
21111,156471,Galen College of Nursing-Louisville,"[0.4756, 0.1243, 0.1158, 0.0023, 0.0258, 0.0005, 0.2318, 0.024]",0.31,21,0.5250403457981005,0.2943848330896824,0.38017314413342296
21235,156541,University of the Cumberlands,"[0.3569, 0.0048, 0.0276, 0.0017, 0.0056, 0.002, 0.5886, 0.0007]",0.4747,21,0.18485615532247032,0.043593436625768,0.01939006448439505
21151,156620,Eastern Kentucky University,"[0.8042, 0.0504, 0.0691, 0.0025, 0.0129, 0.0011, 0.0071, 0.0448]",0.6563,21,0.3910556979993375,0.12882744875976962,0.10771665601147767
21209,156745,Georgetown College,"[0.7558, 0.0648, 0.0831, 0.0, 0.0058, 0.0008, 0.005, 0.0432]",0.5843,21,0.41437734072029186,0.1531407366146109,0.1580576417062675
21073,157058,Kentucky State University,"[0.0804, 0.0208, 0.8079, 0.0045, 0.0052, 0.0, 0.0298, 0.0432]",0.6624,21,0.24976588337382347,0.12989380842525866,0.13949217707879064
21059,157076,Kentucky Wesleyan College,"[0.6908, 0.0487, 0.1355, 0.0026, 0.0171, 0.0, 0.0803, 0.0118]",0.5048,21,0.4098237163742238,0.14291677683812073,0.12652957552480973
21067,157085,University of Kentucky,"[0.7604, 0.0614, 0.0673, 0.0019, 0.0358, 0.0007, 0.0158, 0.041]",0.5897,21,0.40994226554179103,0.14708787104244564,0.233919363652937
21043,157100,Kentucky Christian University,"[0.6049, 0.0558, 0.2455, 0.0022, 0.0, 0.0067, 0.0112, 0.0402]",0.4311,21,0.44405364960409466,0.1753786788822476,0.09865409884353833
21001,157216,Lindsey Wilson College,"[0.7164, 0.0025, 0.1157, 0.005, 0.0081, 0.0012, 0.1032, 0.0317]",0.5384,21,0.34545910830732857,0.07643284731722354,0.04677609998672745
21111,157289,University of Louisville,"[0.6474, 0.0731, 0.149, 0.0014, 0.053, 0.0005, 0.0013, 0.061]",0.4532,21,0.4583721407874317,0.18918042289550444,0.2909580929541339
21239,157377,Midway University,"[0.7127, 0.0708, 0.1011, 0.0042, 0.0067, 0.0, 0.0168, 0.048]",0.5258,21,0.4312566943010853,0.16911540275184841,0.19552464010604562
21205,157386,Morehead State University,"[0.8721, 0.0275, 0.0337, 0.0006, 0.0078, 0.0008, 0.014, 0.0337]",0.7638,21,0.3536102850257267,0.09316445498959228,0.05699638073854422
21035,157401,Murray State University,"[0.7763, 0.0296, 0.0589, 0.0014, 0.0083, 0.0003, 0.0375, 0.0291]",0.6093,21,0.36595639228078586,0.10306162375488218,0.08464622747356051
21037,157447,Northern Kentucky University,"[0.7701, 0.0455, 0.0702, 0.0014, 0.0169, 0.001, 0.0162, 0.0323]",0.6016,21,0.3885678831112281,0.12532782414985483,0.09144586618292853
21195,157535,University of Pikeville,"[0.8142, 0.0162, 0.0929, 0.0099, 0.0081, 0.0, 0.0, 0.0225]",0.6725,21,0.3549515140584657,0.08795369484909184,0.033815754989891096
21111,157748,The Southern Baptist Theological Seminary,"[0.897, 0.008, 0.0183, 0.0, 0.024, 0.0, 0.0034, 0.0]",0.8056,21,0.32885606769361686,0.0675857045154577,0.12906261197768182
21111,157757,Spalding University,"[0.6299, 0.0803, 0.211, 0.0, 0.0189, 0.0, 0.0173, 0.0378]",0.4498,21,0.4726669727514279,0.2054619691051089,0.32398875536383903
21117,157809,Thomas More University,"[0.7585, 0.0387, 0.0803, 0.0014, 0.0127, 0.0, 0.0289, 0.0317]",0.5853,21,0.38310001428240004,0.11859299554708433,0.11273192441829492
21067,157818,Transylvania University,"[0.7787, 0.0533, 0.0523, 0.0041, 0.0328, 0.0, 0.0102, 0.0564]",0.6163,21,0.39602414044592815,0.1339308437991396,0.21888914555983185
21121,157863,Union Commonwealth University,"[0.6188, 0.0506, 0.1547, 0.0056, 0.0042, 0.0113, 0.0056, 0.0408]",0.4113,21,0.42743569970677403,0.1591655322607403,0.09493534425168643
21227,157951,Western Kentucky University,"[0.7675, 0.0537, 0.0897, 0.0024, 0.0283, 0.0011, 0.0108, 0.0389]",0.6024,21,0.4037343990147186,0.13864910441769043,0.18244726895323682
22017,158477,Centenary College of Louisiana,"[0.6184, 0.0939, 0.1781, 0.0157, 0.0294, 0.0, 0.0039, 0.0548]",0.4271,22,0.49238596188387346,0.36407769487484126,0.35525752498304947
22071,158802,Dillard University,"[0.0041, 0.027, 0.8664, 0.0025, 0.0008, 0.0016, 0.059, 0.0295]",0.7558,22,0.22449967827437717,0.5123726857254294,0.8679729413692644
22061,159009,Grambling State University,"[0.005, 0.0139, 0.9142, 0.0019, 0.0007, 0.0002, 0.0197, 0.0228]",0.8369,22,0.20962569367522452,0.4992849637805382,0.5990132896690601
22071,159373,Louisiana State University Health Sciences Center-New Orleans,"[0.625, 0.083, 0.1784, 0.0034, 0.075, 0.0, 0.0057, 0.0273]",0.4358,22,0.4790845707735338,0.3470797500693023,0.42229097766569096
22079,159382,Louisiana State University-Alexandria,"[0.5989, 0.0178, 0.1972, 0.0583, 0.0267, 0.0, 0.0697, 0.015]",0.4071,22,0.387557931718911,0.27861644780793937,0.22711336230058823
22033,159391,Louisiana State University and Agricultural & Mechanical College,"[0.6264, 0.0925, 0.1731, 0.0054, 0.0501, 0.0009, 0.0083, 0.0285]",0.4343,22,0.48891893303362266,0.35554134254244346,0.39399190537019446
22017,159416,Louisiana State University-Shreveport,"[0.5681, 0.015, 0.2475, 0.007, 0.0159, 0.0014, 0.0519, 0.0529]",0.39,22,0.3929939252368193,0.3162712866494334,0.36647326256458906
22079,159568,Louisiana Christian University,"[0.6037, 0.0352, 0.2608, 0.0091, 0.0065, 0.0013, 0.0, 0.0287]",0.4347,22,0.4170255343928694,0.33897484401045236,0.2875754165620885
22061,159647,Louisiana Tech University,"[0.7314, 0.0484, 0.1053, 0.0047, 0.0114, 0.0005, 0.0506, 0.0269]",0.5518,22,0.4012898506084761,0.2337080809701529,0.1920295705064515
22071,159656,Loyola University New Orleans,"[0.4532, 0.2158, 0.194, 0.0035, 0.0294, 0.0009, 0.0165, 0.0519]",0.2934,22,0.7109803072226146,0.6152239772036615,0.6203903038802377
22019,159717,McNeese State University,"[0.6609, 0.0436, 0.1597, 0.0061, 0.0175, 0.0008, 0.0069, 0.0404]",0.4662,22,0.4145709217914635,0.27660606218788697,0.22356172557122028
22071,159939,University of New Orleans,"[0.4359, 0.1287, 0.2333, 0.0043, 0.091, 0.001, 0.0282, 0.0524]",0.2728,22,0.5989461441384386,0.5300243575273498,0.624854457216271
22071,159948,New Orleans Baptist Theological Seminary,"[0.4806, 0.1049, 0.1573, 0.0012, 0.0237, 0.0, 0.226, 0.005]",0.3184,22,0.5006516278614466,0.3915406591755952,0.44616435264418036
22057,159966,Nicholls State University,"[0.6641, 0.0555, 0.1778, 0.0258, 0.0154, 0.0008, 0.0181, 0.0281]",0.4777,22,0.43090121213736365,0.30066993288341176,0.20827528063081696
22073,159993,University of Louisiana at Monroe,"[0.6051, 0.0306, 0.2309, 0.0036, 0.0151, 0.0004, 0.032, 0.027]",0.4224,22,0.4097348874203414,0.31611912032169526,0.2893305595693539
22069,160038,Northwestern State University of Louisiana,"[0.535, 0.0662, 0.2957, 0.0131, 0.0098, 0.0008, 0.0133, 0.0466]",0.3807,22,0.470477129009109,0.4230064050174865,0.43787227602716655
22071,160065,University of Holy Cross,"[0.4374, 0.1341, 0.2615, 0.0044, 0.0396, 0.0022, 0.0659, 0.0549]",0.2866,22,0.5964967809629622,0.5495798436634675,0.6566038980172751
22033,160074,Franciscan Missionaries of Our Lady University,"[0.6505, 0.0652, 0.2287, 0.013, 0.0308, 0.0012, 0.0107, 0.0]",0.4809,22,0.4494737260421023,0.3435316459207059,0.4065858168324673
22103,160409,Saint Joseph Seminary College,"[0.5377, 0.1887, 0.0, 0.0283, 0.1038, 0.0, 0.1038, 0.0377]",0.3485,22,0.6039033632181499,0.3844980977815372,0.4175062869508673
22105,160612,Southeastern Louisiana University,"[0.6627, 0.0723, 0.1976, 0.0019, 0.0096, 0.0007, 0.0026, 0.0401]",0.4852,22,0.4544596901924817,0.33304532782060414,0.29842374293894797
22033,160621,Southern University and A & M College,"[0.0077, 0.0087, 0.946, 0.0019, 0.0023, 0.0002, 0.0135, 0.0153]",0.8955,22,0.20452563067691998,0.4941010784842802,0.7337745802040098
22071,160630,Southern University at New Orleans,"[0.0201, 0.0122, 0.9309, 0.0009, 0.0017, 0.0, 0.0166, 0.0166]",0.8677,22,0.21235711589151077,0.4988487609928191,0.8622440054874948
22055,160658,University of Louisiana at Lafayette,"[0.5991, 0.0544, 0.2489, 0.004, 0.0239, 0.0011, 0.022, 0.0391]",0.4264,22,0.44618034976618737,0.3598168406760649,0.3123831045608949
22071,160755,Tulane University of Louisiana,"[0.6667, 0.0933, 0.0693, 0.0008, 0.0544, 0.0006, 0.0105, 0.0484]",0.4634,22,0.4661775233672465,0.2793801812017523,0.288662189757759
22071,160904,Xavier University of Louisiana,"[0.0134, 0.0407, 0.8631, 0.0004, 0.0246, 0.0004, 0.0048, 0.0369]",0.7488,22,0.24540378625109757,0.5286335684667325,0.879187632364259
23009,160959,College of the Atlantic,"[0.6317, 0.0618, 0.0054, 0.0, 0.0242, 0.0, 0.0108, 0.0296]",0.4045,23,0.4102733411252655,0.12125167284728823,0.1183249341844396
23001,160977,Bates College,"[0.6235, 0.0905, 0.0508, 0.0022, 0.0637, 0.0011, 0.0045, 0.0754]",0.4093,23,0.4692939072778777,0.17043305646256965,0.17570240824668965
23005,161004,Bowdoin College,"[0.5563, 0.1325, 0.0602, 0.001, 0.0932, 0.0016, 0.0031, 0.0885]",0.3472,23,0.5486478712953852,0.25571023810549426,0.26872115175609657
23011,161086,Colby College,"[0.5607, 0.08, 0.0535, 0.0017, 0.0983, 0.0004, 0.0361, 0.0661]",0.339,23,0.4710168368576814,0.16733375012327026,0.16715507187589193
23011,161217,University of Maine at Augusta,"[0.8181, 0.0422, 0.0331, 0.0122, 0.0091, 0.0007, 0.0348, 0.0429]",0.6754,23,0.37298117866247593,0.07625285739751891,0.07688869495403969
23007,161226,University of Maine at Farmington,"[0.8751, 0.037, 0.0247, 0.0041, 0.0049, 0.0008, 0.0197, 0.0329]",0.7693,23,0.3611761548068704,0.06606022245113298,0.05887529734101209
23003,161235,University of Maine at Fort Kent,"[0.6923, 0.0477, 0.0692, 0.0031, 0.0154, 0.0046, 0.0262, 0.0415]",0.489,23,0.3994662151720037,0.09455051444377072,0.0854317427117607
23019,161253,University of Maine,"[0.8303, 0.0506, 0.0171, 0.0078, 0.0171, 0.0003, 0.0159, 0.0374]",0.6943,23,0.37833815303219265,0.0849317722443683,0.08274766501380271
23009,161299,Maine Maritime Academy,"[0.833, 0.0446, 0.0217, 0.0114, 0.016, 0.0, 0.0469, 0.0183]",0.6993,23,0.37116849022061404,0.07679347431727938,0.07374456139930982
23003,161341,University of Maine at Presque Isle,"[0.6855, 0.0655, 0.0709, 0.0127, 0.0145, 0.0018, 0.0309, 0.0336]",0.4817,23,0.42287234370393634,0.12030759835585592,0.11151312487915949
23031,161457,University of New England,"[0.864, 0.0335, 0.0145, 0.0013, 0.0299, 0.0013, 0.0233, 0.029]",0.7501,23,0.35817698315863034,0.06253774363492817,0.061737448309621676
23005,161509,Maine College of Art & Design,"[0.75, 0.0263, 0.0263, 0.0026, 0.0474, 0.0, 0.0658, 0.0816]",0.5771,23,0.36257448382756313,0.06244814087637453,0.07309670171387267
23005,161518,Saint Joseph's College of Maine,"[0.8089, 0.0509, 0.0374, 0.0021, 0.0104, 0.0021, 0.0592, 0.0291]",0.6628,23,0.383012271784542,0.08683199850172824,0.09696372906554393
23005,161554,University of Southern Maine,"[0.7682, 0.0451, 0.078, 0.0065, 0.0257, 0.0009, 0.0257, 0.0342]",0.6008,23,0.39093640979395433,0.0840924230821426,0.0958123281604888
23011,161563,Thomas College,"[0.8172, 0.0238, 0.0357, 0.0015, 0.0059, 0.0, 0.0342, 0.0431]",0.6727,23,0.3528047228514049,0.053925146466259316,0.054558540062829536
23005,161572,Unity Environmental University,"[0.7127, 0.1057, 0.0484, 0.0133, 0.0101, 0.0024, 0.0582, 0.0484]",0.5275,23,0.46206031074552967,0.17136071511468515,0.1818064973083325
24510,161873,University of Baltimore,"[0.2791, 0.097, 0.4782, 0.0022, 0.0444, 0.0015, 0.0222, 0.054]",0.3214,24,0.4886463891000794,0.6880168823503694,0.8978639547339622
24033,162007,Bowie State University,"[0.0253, 0.0524, 0.8289, 0.0026, 0.0123, 0.0015, 0.0253, 0.0371]",0.6926,24,0.2635773334221699,0.5694551568179615,0.9439958746876066
24033,162061,Capitol Technology University,"[0.2872, 0.0507, 0.2331, 0.0, 0.0676, 0.0, 0.3176, 0.0304]",0.2458,24,0.3889287708999607,0.4698803412304394,0.6622176435669216
24031,162210,Washington Adventist University,"[0.0441, 0.2665, 0.4589, 0.002, 0.0301, 0.002, 0.0782, 0.0301]",0.2915,24,0.6544469275770138,0.8677359402108243,0.744973787380747
24510,162283,Coppin State University,"[0.0123, 0.0316, 0.8191, 0.0041, 0.0059, 0.0012, 0.0474, 0.017]",0.6747,24,0.2343465181247603,0.5442696200701738,0.9133051253213597
24001,162584,Frostburg State University,"[0.5769, 0.0668, 0.2655, 0.0028, 0.0164, 0.0017, 0.0077, 0.0539]",0.411,24,0.46660639256801406,0.4915273234914411,0.16317682718778498
24005,162654,Goucher College,"[0.5087, 0.0459, 0.264, 0.0071, 0.051, 0.0, 0.0887, 0.0031]",0.3411,24,0.4431066898686077,0.4863989490326567,0.40208527822476403
24021,162760,Hood College,"[0.5516, 0.121, 0.1717, 0.0, 0.0355, 0.0008, 0.0415, 0.0609]",0.3551,24,0.5465300741602152,0.5203398512699058,0.40713898825994105
24510,162928,Johns Hopkins University,"[0.2063, 0.204, 0.0925, 0.0009, 0.2665, 0.0002, 0.0145, 0.0672]",0.1685,24,0.7320123817172606,0.7175760244008222,0.5180915850609641
24510,163046,Loyola University Maryland,"[0.6557, 0.1358, 0.1033, 0.001, 0.0363, 0.001, 0.006, 0.0446]",0.4624,24,0.5259346147852451,0.45221643456387756,0.34486312805025515
24033,163204,University of Maryland Global Campus,"[0.3528, 0.1716, 0.2644, 0.0048, 0.053, 0.008, 0.0821, 0.0484]",0.2358,24,0.6773231893917717,0.7400433047981796,0.8196160475293455
24510,163259,University of Maryland Baltimore,"[0.3232, 0.1151, 0.2563, 0.0, 0.2008, 0.0, 0.0115, 0.0533]",0.2267,24,0.5871119777166005,0.6714665808098573,0.6970418042121623
24005,163268,University of Maryland-Baltimore County,"[0.3232, 0.0928, 0.229, 0.0009, 0.2335, 0.0006, 0.0146, 0.0587]",0.2237,24,0.5437958011229101,0.6168947787426858,0.5461345581772944
24033,163286,University of Maryland-College Park,"[0.4189, 0.1038, 0.1268, 0.0011, 0.2252, 0.0005, 0.0431, 0.0484]",0.2572,24,0.5452963506153479,0.5268178739557233,0.5759174751640608
24510,163295,Maryland Institute College of Art,"[0.339, 0.1035, 0.1042, 0.0, 0.1071, 0.0, 0.0378, 0.0721]",0.1546,24,0.6032375067429523,0.5767590519966869,0.4800344226130167
24039,163338,University of Maryland Eastern Shore,"[0.0874, 0.0432, 0.7603, 0.0064, 0.0144, 0.0, 0.0139, 0.0464]",0.5902,24,0.2837283561075313,0.5795010512445535,0.6393689170237897
24510,163453,Morgan State University,"[0.0084, 0.0482, 0.711, 0.0013, 0.0026, 0.0004, 0.1294, 0.0278]",0.5254,24,0.25775451858392756,0.5604778028522968,0.9118556093204258
24021,163462,Mount St. Mary's University,"[0.5373, 0.1398, 0.1897, 0.0044, 0.028, 0.0033, 0.0126, 0.0455]",0.3473,24,0.5770970835790907,0.5589966919466783,0.4397523216593742
24005,163532,Ner Israel Rabbinical College,"[0.9106, 0.0, 0.0, 0.0, 0.0, 0.0, 0.0, 0.0]",0.8292,24,0.3143549189511773,0.20638930495004298,0.11876146848667823
24510,163578,Notre Dame of Maryland University,"[0.2965, 0.1356, 0.2808, 0.0016, 0.0615, 0.0, 0.1751, 0.0426]",0.2214,24,0.5998994033848148,0.6967830810557478,0.7484993198163126
24045,163851,Salisbury University,"[0.6976, 0.0672, 0.1336, 0.0044, 0.0329, 0.001, 0.0182, 0.0368]",0.5118,24,0.4370351323478462,0.383179995637455,0.2708630975406157
24037,163912,St. Mary's College of Maryland,"[0.6938, 0.0867, 0.1152, 0.0007, 0.0359, 0.0054, 0.0081, 0.0515]",0.5062,24,0.45967967800219234,0.39558215297837146,0.23550678709354989
24003,163976,St. John's College,"[0.6732, 0.0563, 0.0216, 0.0, 0.0411, 0.0, 0.0108, 0.0584]",0.4621,24,0.4052764489566822,0.30270417011538275,0.24264795108323603
24005,164076,Towson University,"[0.4423, 0.1026, 0.3053, 0.001, 0.068, 0.0005, 0.0105, 0.0552]",0.3071,24,0.5457409565758173,0.6194192020154858,0.5418505714479593
24003,164155,United States Naval Academy,"[0.5919, 0.1366, 0.06, 0.0013, 0.0885, 0.0029, 0.0106, 0.0951]",0.3896,24,0.5419333621993838,0.4535511162035566,0.39301718666454044
24005,164173,Stevenson University,"[0.5005, 0.1004, 0.2776, 0.0023, 0.0366, 0.0003, 0.0178, 0.054]",0.3422,24,0.5306538040033082,0.5738306094459203,0.4931438316075127
24029,164216,Washington College,"[0.6449, 0.0866, 0.1155, 0.0053, 0.0332, 0.0021, 0.0834, 0.0]",0.4448,24,0.46282695130945684,0.40171174729014136,0.2306741284137294
24013,164270,McDaniel College,"[0.5332, 0.0973, 0.2511, 0.0023, 0.0206, 0.0006, 0.0257, 0.0463]",0.3601,24,0.517981102058686,0.539992993899922,0.2312757134556468
25017,164368,Hult International Business School,"[0.0103, 0.0411, 0.0117, 0.0015, 0.0044, 0.0015, 0.173, 0.0]",0.0319,25,0.2534406324588986,0.2608881120952896,0.26396868107462884
25013,164447,American International College,"[0.3494, 0.2373, 0.2653, 0.0026, 0.014, 0.0158, 0.0324, 0.0412]",0.252,25,0.7650924535516493,0.6443843590426527,0.7726962076875198
25015,164465,Amherst College,"[0.3815, 0.1586, 0.108, 0.0021, 0.1391, 0.0021, 0.019, 0.0748]",0.2077,25,0.6696487071015785,0.5553652231387094,0.4628734256408462
25027,164492,Anna Maria College,"[0.5348, 0.1221, 0.1231, 0.0071, 0.0131, 0.001, 0.109, 0.0161]",0.3284,25,0.5368407065953784,0.4042051296411724,0.3963486894171207
25027,164562,Assumption University,"[0.7411, 0.1032, 0.0549, 0.0018, 0.0268, 0.0, 0.0239, 0.0364]",0.5655,25,0.4572204515914675,0.3265149251174325,0.32141380731869407
25021,164580,Babson College,"[0.3119, 0.1558, 0.0443, 0.0011, 0.1322, 0.0, 0.0413, 0.0247]",0.1433,25,0.6992566255788066,0.6025993961865058,0.5368286464781863
25025,164614,Boston Baptist College,"[0.7692, 0.1282, 0.0769, 0.0, 0.0256, 0.0, 0.0, 0.0]",0.6147,25,0.48117997150570757,0.34942307066716227,0.5818400529864345
25013,164632,Bay Path University,"[0.4513, 0.2383, 0.1251, 0.0008, 0.0238, 0.0, 0.1489, 0.0079]",0.2989,25,0.7128178838837688,0.6050485591778003,0.7537692508649879
25017,164739,Bentley University,"[0.5705, 0.1125, 0.0405, 0.0017, 0.0963, 0.0002, 0.0115, 0.0307]",0.3501,25,0.510555907749225,0.38669473386920156,0.34694011291330895
25025,164748,Berklee College of Music,"[0.4057, 0.1187, 0.0596, 0.0015, 0.0565, 0.0016, 0.0134, 0.0498]",0.1881,25,0.5930221304506095,0.4701613276119094,0.6955172192546171
25025,164872,Boston Architectural College,"[0.3938, 0.1737, 0.0618, 0.0039, 0.0541, 0.0, 0.0811, 0.027]",0.1993,25,0.6797416047791338,0.5708498607026132,0.7664590628517094
25021,164924,Boston College,"[0.5841, 0.112, 0.0498, 0.0012, 0.1141, 0.0004, 0.0326, 0.0337]",0.3714,25,0.5082456491963862,0.3841199929152393,0.2922010998896068
25025,164988,Boston University,"[0.3333, 0.1077, 0.0498, 0.0003, 0.1979, 0.0008, 0.0388, 0.0461]",0.168,25,0.5751042807088244,0.47333048015871165,0.6984665809418461
25017,165015,Brandeis University,"[0.4242, 0.0814, 0.0599, 0.0005, 0.1709, 0.0005, 0.0237, 0.0283]",0.2207,25,0.5068348980397716,0.38659816205925224,0.3660186229528574
25023,165024,Bridgewater State University,"[0.7033, 0.0948, 0.1092, 0.001, 0.021, 0.0005, 0.0049, 0.0609]",0.5197,25,0.4654095805131869,0.3277537227861206,0.21078612270624
25025,165167,Cambridge College,"[0.3125, 0.3125, 0.2805, 0.003, 0.0274, 0.0, 0.0015, 0.0213]",0.2752,25,0.8471400483191958,0.7446821696117383,0.9231745894744672
25027,165334,Clark University,"[0.6251, 0.1016, 0.047, 0.0008, 0.0677, 0.0008, 0.0487, 0.0415]",0.412,25,0.4810548712243998,0.35401064398170545,0.34671889314221294
25021,165529,Curry College,"[0.6425, 0.0953, 0.1341, 0.0017, 0.0238, 0.0011, 0.0576, 0.0299]",0.4447,25,0.4803931365001952,0.34080717829594986,0.2382663364726074
25021,165574,Dean College,"[0.6127, 0.1169, 0.1237, 0.0034, 0.0144, 0.0, 0.0593, 0.0441]",0.41,25,0.513725630533727,0.3777110465871153,0.27498620276150015
25021,165644,Eastern Nazarene College,"[0.3873, 0.2108, 0.1593, 0.0025, 0.0221, 0.0, 0.0049, 0.0392]",0.2219,25,0.7462727527534154,0.6260478061917867,0.5414428364981072
25025,165662,Emerson College,"[0.5541, 0.1138, 0.0485, 0.0002, 0.0552, 0.0005, 0.0183, 0.0458]",0.3278,25,0.5184339073135648,0.3925268320946198,0.6210550366456479
25025,165671,Emmanuel College,"[0.6776, 0.1229, 0.0636, 0.0005, 0.0474, 0.0016, 0.0512, 0.0286]",0.484,25,0.49643686594767666,0.36807980061993084,0.5999316287344763
25009,165699,Endicott College,"[0.8479, 0.0504, 0.0147, 0.0007, 0.0147, 0.0003, 0.0363, 0.0247]",0.7238,25,0.3751384322133028,0.24460195697657458,0.3798353805945837
25025,165802,Fisher College,"[0.1963, 0.1768, 0.1247, 0.0009, 0.0168, 0.0009, 0.3625, 0.0203]",0.2174,25,0.5461060922571026,0.49083660256269007,0.6053374615873938
25027,165820,Fitchburg State University,"[0.6245, 0.158, 0.1271, 0.0024, 0.0292, 0.0003, 0.0285, 0.0247]",0.4334,25,0.5637110729743717,0.431208658711091,0.4238210104200783
25017,165866,Framingham State University,"[0.5468, 0.1954, 0.1696, 0.0018, 0.0336, 0.0, 0.007, 0.0402]",0.3687,25,0.643228667818095,0.5123986699953325,0.46226645247536247
25009,165936,Gordon College,"[0.6096, 0.1211, 0.0598, 0.0, 0.0335, 0.0024, 0.0382, 0.0287]",0.3933,25,0.5105708045208699,0.3826246724387329,0.504773832634163
25015,166018,Hampshire College,"[0.5663, 0.1465, 0.0733, 0.004, 0.0158, 0.0, 0.0455, 0.0812]",0.3565,25,0.560169070303929,0.4352314797332304,0.3428010380377196
25017,166027,Harvard University,"[0.3491, 0.1174, 0.0896, 0.0028, 0.2121, 0.0018, 0.0253, 0.073]",0.1946,25,0.589932620471703,0.48281844552649333,0.47687758178302897
25021,166054,Hellenic College-Holy Cross Greek Orthodox School of Theology,"[0.7742, 0.0323, 0.0323, 0.0, 0.0645, 0.0, 0.0645, 0.0]",0.6098,25,0.3662362114732178,0.23409724299797421,0.13137399658980603
25027,166124,College of the Holy Cross,"[0.7129, 0.1179, 0.0389, 0.0003, 0.0392, 0.0003, 0.0294, 0.0323]",0.5271,25,0.4771116921743538,0.3502795434727311,0.3452221789964533
25017,166391,Lasell University,"[0.6254, 0.1383, 0.106, 0.0, 0.0316, 0.0008, 0.0485, 0.0324]",0.4259,25,0.5363664913927098,0.4046548483803979,0.35391474404103523
25017,166452,Lesley University,"[0.5427, 0.1764, 0.0853, 0.0036, 0.0519, 0.0007, 0.059, 0.0455]",0.3412,25,0.6130782966367425,0.49187286427934424,0.44653393877989833
25017,166513,University of Massachusetts-Lowell,"[0.5386, 0.1423, 0.0833, 0.0009, 0.1389, 0.0006, 0.0355, 0.0329]",0.3389,25,0.5705217088715138,0.4482374426628727,0.4154916308614352
25015,166629,University of Massachusetts-Amherst,"[0.5931, 0.0844, 0.0463, 0.0007, 0.1279, 0.0006, 0.0344, 0.0406]",0.3802,25,0.4673900424088715,0.34141698815521226,0.24607745907587245
25025,166638,University of Massachusetts-Boston,"[0.3294, 0.1942, 0.1791, 0.0006, 0.1594, 0.0004, 0.0362, 0.0381]",0.2065,25,0.7371075153264831,0.6267597328193858,0.855916833869399
25025,166656,MCPHS University,"[0.3363, 0.1193, 0.117, 0.002, 0.1995, 0.0, 0.0754, 0.012]",0.1867,25,0.5983221898395317,0.4875594430364071,0.7329612320023656
25025,166674,Massachusetts College of Art and Design,"[0.522, 0.146, 0.0354, 0.0011, 0.0702, 0.0011, 0.1278, 0.0513]",0.3189,25,0.5606112054554868,0.4478663491114929,0.6568087702065051
25017,166683,Massachusetts Institute of Technology,"[0.2208, 0.1481, 0.0781, 0.0017, 0.3409, 0.0004, 0.0254, 0.0744]",0.1992,25,0.5787187009298187,0.5194800064811337,0.5536289238810889
25001,166692,Massachusetts Maritime Academy,"[0.8314, 0.0514, 0.0083, 0.0121, 0.0098, 0.0008, 0.0567, 0.0204]",0.6978,25,0.3749530918339178,0.24551649240850293,0.10491526679364177
25017,166717,William James College,"[0.5, 0.075, 0.375, 0.0, 0.025, 0.0, 0.025, 0.0]",0.3975,25,0.47737310201596617,0.31989207025085187,0.2678412074393542
25009,166850,Merrimack College,"[0.7843, 0.0891, 0.0396, 0.0012, 0.0155, 0.0002, 0.0256, 0.0244]",0.6261,25,0.42920907009099357,0.298657999070771,0.4300539822346739
25025,166869,MGH Institute of Health Professions,"[0.6643, 0.1, 0.0786, 0.0, 0.1143, 0.0, 0.0071, 0.0357]",0.4719,25,0.47945088786006673,0.3484662522065233,0.5963903306957031
25009,166911,Montserrat College of Art,"[0.5326, 0.1237, 0.0344, 0.0103, 0.0241, 0.0034, 0.2199, 0.0378]",0.3506,25,0.4978695932428498,0.387071535802877,0.498470541622758
25015,166939,Mount Holyoke College,"[0.5066, 0.0852, 0.0499, 0.0009, 0.0673, 0.0009, 0.011, 0.0467]",0.2732,25,0.49153838740148165,0.3628217355356037,0.2678239954853544
25025,167057,The New England Conservatory of Music,"[0.3912, 0.0303, 0.0193, 0.0, 0.124, 0.0, 0.0055, 0.0468]",0.1719,25,0.408630052862908,0.2852788683274575,0.5356417739998511
25027,167260,Nichols College,"[0.7027, 0.1125, 0.1022, 0.0009, 0.012, 0.0009, 0.0034, 0.0361]",0.5183,25,0.4831285624323548,0.34735575810074926,0.34146934086276115
25003,167288,Massachusetts College of Liberal Arts,"[0.6816, 0.1066, 0.1079, 0.0026, 0.0263, 0.0026, 0.0329, 0.0395]",0.4909,25,0.4833863424593462,0.3472700592970476,0.2236972444784541
25025,167358,Northeastern University,"[0.4226, 0.1138, 0.0554, 0.0006, 0.194, 0.0002, 0.0129, 0.0649]",0.2366,25,0.5573517024814231,0.4461327181670567,0.6795343228892596
25013,167394,College of Our Lady of the Elms,"[0.5104, 0.1902, 0.1126, 0.0022, 0.0317, 0.0, 0.1158, 0.0295]",0.3247,25,0.6378228221624522,0.5182638261641093,0.6871012560164873
25017,167598,Regis College,"[0.4466, 0.1927, 0.1023, 0.0018, 0.0311, 0.0009, 0.21, 0.0073]",0.2922,25,0.63448531343335,0.5280012405109197,0.48593040441201646
25025,167677,Saint John's Seminary,"[0.8824, 0.1176, 0.0, 0.0, 0.0, 0.0, 0.0, 0.0]",0.7925,25,0.4334601307722499,0.30822564377473094,0.5229467881446086
25009,167729,Salem State University,"[0.5719, 0.2173, 0.0936, 0.0011, 0.0292, 0.0004, 0.0224, 0.0346]",0.3856,25,0.6496624788887653,0.5303400678404573,0.638719987029308
25025,167783,Simmons University,"[0.5218, 0.1489, 0.0929, 0.0006, 0.117, 0.0, 0.0689, 0.0308]",0.3225,25,0.5861581884663615,0.46390204070857516,0.6988452935847697
25015,167835,Smith College,"[0.5109, 0.1225, 0.0541, 0.0008, 0.0958, 0.0016, 0.0151, 0.0581]",0.2917,25,0.549808145646058,0.42735342112946034,0.3341553132111785
25013,167899,Springfield College,"[0.7313, 0.0934, 0.0534, 0.0045, 0.0255, 0.0015, 0.0485, 0.005]",0.5494,25,0.4445142432574686,0.3134411886983633,0.5155429121960211
25005,167987,University of Massachusetts-Dartmouth,"[0.58, 0.1247, 0.176, 0.0011, 0.0345, 0.0006, 0.0201, 0.0508]",0.3871,25,0.5431218079897726,0.40209380273947043,0.3338032461492261
25005,167996,Stonehill College,"[0.7762, 0.0706, 0.0519, 0.0012, 0.0268, 0.0, 0.0268, 0.0308]",0.6126,25,0.41380819631276533,0.2806550663645641,0.21739826606081109
25025,168005,Suffolk University,"[0.4913, 0.1614, 0.0775, 0.0014, 0.0721, 0.0005, 0.0264, 0.037]",0.2807,25,0.6184608009582659,0.49748977960371255,0.7181302452879036
25017,168148,Tufts University,"[0.446, 0.0989, 0.0605, 0.0004, 0.1567, 0.0007, 0.0387, 0.0731]",0.2438,25,0.5325669459233014,0.41412765981379884,0.3903933464197493
25021,168218,Wellesley College,"[0.3255, 0.1513, 0.0761, 0.0013, 0.2261, 0.0021, 0.0025, 0.0705]",0.1907,25,0.6468151225932642,0.5523489857056131,0.5052188959438465
25025,168227,Wentworth Institute of Technology,"[0.5831, 0.1226, 0.0751, 0.0011, 0.0956, 0.0006, 0.0441, 0.0287]",0.3726,25,0.5276737039567195,0.40062994069611263,0.6392528193283474
25013,168254,Western New England University,"[0.7306, 0.1028, 0.0537, 0.0008, 0.0291, 0.0008, 0.0341, 0.0304]",0.5502,25,0.4581626392032753,0.3278270560262725,0.5281387429435143
25013,168263,Westfield State University,"[0.7141, 0.1219, 0.0588, 0.0035, 0.0222, 0.0003, 0.039, 0.0344]",0.5315,25,0.4841071435845079,0.35505257063650886,0.5529654857139207
25005,168281,Wheaton College (Massachusetts),"[0.7084, 0.069, 0.0557, 0.0012, 0.0405, 0.0, 0.0363, 0.046]",0.5148,25,0.42394935313347687,0.2909682955969112,0.226099760217608
25003,168342,Williams College,"[0.478, 0.1268, 0.05, 0.0, 0.1356, 0.0005, 0.0444, 0.0767]",0.2733,25,0.5642857453393568,0.4486551530500228,0.3168352245190112
25027,168421,Worcester Polytechnic Institute,"[0.6459, 0.0876, 0.0278, 0.0004, 0.1193, 0.0004, 0.0122, 0.0369]",0.4414,25,0.4560173082072987,0.3310480632244005,0.322419574371023
25027,168430,Worcester State University,"[0.634, 0.1543, 0.0845, 0.0027, 0.0537, 0.0, 0.0241, 0.033]",0.4375,25,0.5523288878193257,0.4248989408894566,0.4177915864905813
26091,168528,Adrian College,"[0.6132, 0.0622, 0.0735, 0.0012, 0.0077, 0.0047, 0.1434, 0.0344]",0.4071,26,0.420708407446569,0.19378015316504982,0.20125859989125944
26025,168546,Albion College,"[0.5599, 0.1204, 0.1654, 0.0035, 0.0152, 0.0, 0.0727, 0.0353]",0.3621,26,0.5371226976423107,0.3211912114645243,0.30892600823974947
26057,168591,Alma College,"[0.8118, 0.0442, 0.0393, 0.0033, 0.0106, 0.0016, 0.0295, 0.0336]",0.6646,26,0.3765574370398329,0.1402791594513203,0.1480151927847694
26021,168740,Andrews University,"[0.2322, 0.193, 0.1745, 0.0008, 0.1241, 0.0056, 0.0176, 0.0689]",0.1421,26,0.7982810188351614,0.6570025937280479,0.6571600762541705
26081,168786,Aquinas College,"[0.7127, 0.0768, 0.0271, 0.0009, 0.0208, 0.0018, 0.0659, 0.0425]",0.5212,26,0.4230184305016176,0.19069237931428973,0.2696759066583282
26155,168847,Baker College,"[0.757, 0.0402, 0.096, 0.0046, 0.0198, 0.0006, 0.0105, 0.0712]",0.5895,26,0.39092731721983415,0.1552100472135995,0.08924314573924459
26081,169080,Calvin University,"[0.7031, 0.0388, 0.0452, 0.0011, 0.0477, 0.0, 0.0092, 0.0268]",0.501,26,0.38405741146650263,0.1456292693205309,0.2238798876049769
26073,169248,Central Michigan University,"[0.7606, 0.0527, 0.0968, 0.0084, 0.0136, 0.0011, 0.0109, 0.0386]",0.5925,26,0.4031061369626434,0.16840941409584692,0.13250651593985593
26093,169327,Cleary University,"[0.2179, 0.0237, 0.0293, 0.0028, 0.0056, 0.0, 0.6746, 0.0]",0.504,26,0.1437973912390522,0.06847669623769377,0.046243280923289026
26161,169363,Concordia University Ann Arbor,"[0.7319, 0.0558, 0.1044, 0.0024, 0.0071, 0.0, 0.0297, 0.0451]",0.5527,26,0.4109266915056437,0.1775949042429808,0.18077691611755903
26163,169442,College for Creative Studies,"[0.5657, 0.0509, 0.1238, 0.0015, 0.0509, 0.003, 0.0782, 0.0607]",0.3503,26,0.43588794170436485,0.204950107428272,0.30976487510129447
26081,169479,Davenport University,"[0.6471, 0.0753, 0.1205, 0.005, 0.0255, 0.0029, 0.0481, 0.0363]",0.4432,26,0.4525053524483427,0.22232862340121695,0.292686981420284
26163,169716,University of Detroit Mercy,"[0.5573, 0.0754, 0.1154, 0.0052, 0.0732, 0.0, 0.0818, 0.0125]",0.3418,26,0.47098941007085393,0.24166657179624418,0.33289474425820825
26161,169798,Eastern Michigan University,"[0.5737, 0.096, 0.1712, 0.0024, 0.0329, 0.0012, 0.0518, 0.0447]",0.3734,26,0.5044572256341173,0.28270558773556775,0.2865945699161351
26107,169910,Ferris State University,"[0.754, 0.0679, 0.0908, 0.0074, 0.0142, 0.0007, 0.02, 0.0328]",0.5831,26,0.42014577123565466,0.18677858786974538,0.12217729412151575
26049,169983,Kettering University,"[0.7766, 0.0421, 0.0328, 0.0007, 0.065, 0.0007, 0.0164, 0.0421]",0.6122,26,0.38122617472592546,0.14225618380294844,0.1223641577871449
26081,170000,Grace Christian University,"[0.5165, 0.0759, 0.2681, 0.0073, 0.022, 0.0037, 0.0624, 0.0428]",0.3507,26,0.4886230902043869,0.28016100447467657,0.32838676126152827
26081,170037,Cornerstone University,"[0.7448, 0.0615, 0.0658, 0.0022, 0.021, 0.0, 0.0029, 0.0268]",0.564,26,0.4091591197381783,0.17437274344390294,0.2511776704243646
26139,170082,Grand Valley State University,"[0.7937, 0.0679, 0.0528, 0.0032, 0.0282, 0.0005, 0.0047, 0.0362]",0.6395,26,0.40938495831728955,0.17435943375723892,0.20833137128321286
26045,170091,Great Lakes Christian College,"[0.5455, 0.0379, 0.3485, 0.0152, 0.0076, 0.0, 0.0, 0.0076]",0.4208,26,0.4235787864999829,0.21984142755844727,0.16705587150233986
26059,170286,Hillsdale College,"[0.0, 0.0, 0.0, 0.0, 0.0, 0.0, 1.0, 0.0]",1.0,26,0.00821316642751539,0.004995855824501825,0.0032520477295909754
26139,170301,Hope College,"[0.7888, 0.0756, 0.0356, 0.0013, 0.0233, 0.0003, 0.0142, 0.034]",0.6311,26,0.4142536110273441,0.18019148618716943,0.21783937740620649
26077,170532,Kalamazoo College,"[0.6107, 0.1644, 0.0487, 0.0017, 0.0596, 0.0, 0.0243, 0.0495]",0.4089,26,0.5661606409329627,0.34629822425518253,0.34499790743158765
26033,170639,Lake Superior State University,"[0.3481, 0.0082, 0.0061, 0.0504, 0.0061, 0.0, 0.5749, 0.0]",0.4544,26,0.18396441712352357,0.05772570073254042,0.047435988215564565
26125,170675,Lawrence Technological University,"[0.6363, 0.0402, 0.1003, 0.0021, 0.0333, 0.0016, 0.0338, 0.029]",0.4197,26,0.4040030178130822,0.16832234660900958,0.1640505152390907
26163,170806,Madonna University,"[0.6302, 0.0467, 0.111, 0.0035, 0.0278, 0.0012, 0.0266, 0.036]",0.4144,26,0.4158950128171731,0.18177290487808093,0.2731247455660312
26125,170967,Rochester University,"[0.6097, 0.0413, 0.1875, 0.0083, 0.0189, 0.0071, 0.0672, 0.0248]",0.4142,26,0.4192862992837745,0.1915752763310448,0.18662969288691283
26161,170976,University of Michigan-Ann Arbor,"[0.5114, 0.0831, 0.041, 0.0012, 0.1801, 0.0006, 0.0483, 0.0507]",0.3075,26,0.4797362076935524,0.2500059435426615,0.2812176453883536
26065,171100,Michigan State University,"[0.6732, 0.0602, 0.0663, 0.0024, 0.0774, 0.0007, 0.0218, 0.0408]",0.4694,26,0.4233947855793361,0.18653568820135563,0.23797275163693563
26061,171128,Michigan Technological University,"[0.8464, 0.0291, 0.0098, 0.0046, 0.022, 0.0002, 0.0424, 0.0375]",0.721,26,0.3529633739393125,0.1150084724542745,0.05666757371861049
26163,171137,University of Michigan-Dearborn,"[0.6614, 0.0681, 0.0802, 0.0015, 0.0928, 0.0003, 0.0179, 0.048]",0.4598,26,0.43977866753960554,0.20387709627989195,0.2678895953505174
26049,171146,University of Michigan-Flint,"[0.691, 0.0608, 0.1338, 0.0084, 0.0246, 0.0012, 0.0295, 0.033]",0.5017,26,0.4289319948540536,0.19663125620556704,0.19048784509672734
26103,171456,Northern Michigan University,"[0.8562, 0.0403, 0.0165, 0.0142, 0.0079, 0.0, 0.018, 0.0372]",0.7369,26,0.36457123780077083,0.12797508372141242,0.0725947391949441
26111,171492,Northwood University,"[0.6923, 0.0691, 0.0848, 0.0031, 0.0199, 0.0005, 0.0754, 0.034]",0.4985,26,0.42832030169132174,0.19632909357027534,0.13788161785242262
26125,171571,Oakland University,"[0.7017, 0.0483, 0.0903, 0.002, 0.06, 0.001, 0.0372, 0.0413]",0.5096,26,0.40789674440504886,0.17092603293080444,0.16882725484786748
26045,171599,The University of Olivet,"[0.6671, 0.0733, 0.1793, 0.0012, 0.007, 0.0, 0.0081, 0.0617]",0.4865,26,0.45383048226193634,0.2275704905445055,0.20230451618108827
26081,171881,Kuyper College,"[0.641, 0.0256, 0.1026, 0.0, 0.0513, 0.0128, 0.0256, 0.0385]",0.427,26,0.3863035278672026,0.14821858369426774,0.22074444548930638
26017,172051,Saginaw Valley State University,"[0.7678, 0.0528, 0.0781, 0.0035, 0.0108, 0.0002, 0.0225, 0.0345]",0.6002,26,0.3982788716537616,0.16332239643291854,0.13649349602914745
26091,172264,Siena Heights University,"[0.6326, 0.0759, 0.1145, 0.0051, 0.0097, 0.0013, 0.0946, 0.0328]",0.4292,26,0.44992898785962315,0.22245684587748932,0.22125580918636864
26075,172334,Spring Arbor University,"[0.7532, 0.0509, 0.0519, 0.0029, 0.0098, 0.001, 0.0715, 0.0294]",0.5787,26,0.3906361707794514,0.1560384432023169,0.12209360629840786
26125,172608,Walsh College,"[0.7909, 0.0299, 0.058, 0.0018, 0.051, 0.0018, 0.0176, 0.0176]",0.633,26,0.3688681285950397,0.12945514916324766,0.12578073152617825
26163,172644,Wayne State University,"[0.5531, 0.0694, 0.158, 0.0025, 0.1339, 0.0004, 0.0209, 0.0418]",0.3558,26,0.4757800929802019,0.24638461651427143,0.3696670970648241
26077,172699,Western Michigan University,"[0.691, 0.0841, 0.084, 0.0034, 0.0241, 0.0005, 0.0195, 0.0404]",0.4942,26,0.4495613289430799,0.21809586953027235,0.214986671623528
27053,172866,Academy College,"[0.3592, 0.0097, 0.0291, 0.0, 0.0194, 0.0097, 0.5631, 0.0097]",0.4476,27,0.20114380933095274,0.06717670506580042,0.09325712522302099
27053,173045,Augsburg University,"[0.3787, 0.1324, 0.2532, 0.0124, 0.1127, 0.0013, 0.0257, 0.0613]",0.2423,27,0.6191881840160894,0.39504361533021753,0.48148695166993893
27007,173124,Bemidji State University,"[0.8045, 0.0336, 0.0279, 0.0358, 0.0169, 0.0006, 0.0063, 0.0565]",0.6539,27,0.36476861473279854,0.1280962502483274,0.09045837026933579
27013,173142,Bethany Lutheran College,"[0.6271, 0.0624, 0.0343, 0.0062, 0.0218, 0.0, 0.0078, 0.0421]",0.4007,27,0.42057291929238627,0.18624010608428065,0.16121859622501777
27123,173160,Bethel University,"[0.7722, 0.0703, 0.0536, 0.0048, 0.0469, 0.0019, 0.0081, 0.0388]",0.6079,27,0.41680000065606193,0.17997462819392948,0.2471277859025957
27131,173258,Carleton College,"[0.5237, 0.0957, 0.0673, 0.001, 0.1001, 0.0005, 0.0254, 0.0862]",0.306,27,0.5081677699346673,0.2771362291538125,0.31599707828769485
27027,173300,Concordia College at Moorhead,"[0.7706, 0.0333, 0.04, 0.0083, 0.0278, 0.0011, 0.0306, 0.0206]",0.5987,27,0.3682641977211174,0.12959139774590345,0.10280451288884697
27123,173328,Concordia University-Saint Paul,"[0.5518, 0.0975, 0.1449, 0.0051, 0.1087, 0.0022, 0.0254, 0.05]",0.35,27,0.5156088425440455,0.2753881511325882,0.37903431515552544
27015,173452,Martin Luther College,"[0.9225, 0.01, 0.0086, 0.0014, 0.0057, 0.0014, 0.0, 0.0316]",0.8522,27,0.3287503292266173,0.0923182307981507,0.060321890529973984
27103,173647,Gustavus Adolphus College,"[0.7941, 0.0493, 0.0295, 0.001, 0.0333, 0.001, 0.0082, 0.0406]",0.6367,27,0.38429228677484284,0.14819572134269193,0.12689614432452884
27123,173665,Hamline University,"[0.5633, 0.1238, 0.1198, 0.0052, 0.0865, 0.0017, 0.0292, 0.063]",0.3593,27,0.5452912383333066,0.31164690593062416,0.4014222032122295
27123,173902,Macalester College,"[0.5374, 0.1021, 0.0587, 0.0023, 0.0758, 0.0083, 0.0042, 0.0836]",0.3155,27,0.5111094062772928,0.2814624813087891,0.3616503053319675
27013,173920,Minnesota State University-Mankato,"[0.7132, 0.0565, 0.0587, 0.0026, 0.0368, 0.0003, 0.0048, 0.033]",0.5178,27,0.4075935675745364,0.1687914474451722,0.14272794053064822
27123,174020,Metropolitan State University,"[0.388, 0.0695, 0.2954, 0.0056, 0.1706, 0.0006, 0.0062, 0.039]",0.2733,27,0.5003531438453384,0.2664086752468624,0.42436858532764266
27053,174066,University of Minnesota-Twin Cities,"[0.6112, 0.058, 0.0792, 0.0031, 0.1242, 0.0006, 0.0172, 0.0475]",0.4012,27,0.43550608739823654,0.1949835515626876,0.24904234074447687
27119,174075,University of Minnesota-Crookston,"[0.7354, 0.0551, 0.0578, 0.0087, 0.0383, 0.0, 0.0228, 0.0376]",0.5507,27,0.403542491169403,0.1647391076619376,0.15367506730858155
27053,174127,Minneapolis College of Art and Design,"[0.6415, 0.1074, 0.0479, 0.016, 0.074, 0.0, 0.0189, 0.0668]",0.4359,27,0.4871046769242833,0.25713864759504296,0.3008426971908321
27053,174154,Herzing University-Minneapolis,"[0.4418, 0.0743, 0.2537, 0.0012, 0.1139, 0.0037, 0.073, 0.0384]",0.2849,27,0.5059509544027455,0.2640679440355495,0.35020972372915
27137,174233,University of Minnesota-Duluth,"[0.8352, 0.0383, 0.0237, 0.0055, 0.0344, 0.0003, 0.0132, 0.0386]",0.7025,27,0.3679193698456636,0.13140295274267774,0.06974947064688511
27149,174251,University of Minnesota-Morris,"[0.541, 0.0654, 0.0313, 0.1309, 0.0156, 0.0, 0.0098, 0.1826]",0.3488,27,0.42550241484666923,0.2075521827564234,0.23539251314139525
27027,174358,Minnesota State University Moorhead,"[0.7932, 0.0456, 0.0497, 0.0081, 0.0165, 0.0009, 0.0052, 0.0448]",0.6361,27,0.38313585065201217,0.14480849661703757,0.11861690137042186
27053,174437,North Central University,"[0.6372, 0.1439, 0.0822, 0.0097, 0.052, 0.0, 0.0145, 0.0472]",0.4387,27,0.5390549691905038,0.3109355620890591,0.35649416108223486
27123,174491,University of Northwestern-St Paul,"[0.787, 0.0529, 0.0483, 0.0, 0.039, 0.0, 0.0073, 0.0437]",0.628,27,0.39379568763456285,0.15580137211885736,0.2216226094978524
27007,174525,Oak Hills Christian College,"[0.6484, 0.0, 0.1319, 0.0769, 0.022, 0.022, 0.0, 0.0659]",0.449,27,0.35283900146922503,0.10256801596574668,0.07359218185674081
27145,174747,College of Saint Benedict,"[0.8095, 0.0952, 0.0273, 0.0035, 0.0343, 0.0014, 0.0, 0.0]",0.6663,27,0.42977639197583,0.19913383616438246,0.17307985259737205
27145,174783,Saint Cloud State University,"[0.6263, 0.0504, 0.1121, 0.0026, 0.0519, 0.0004, 0.0046, 0.0345]",0.4113,27,0.42432976434300235,0.17847646728789388,0.15179495392976514
27145,174792,Saint Johns University,"[0.8041, 0.0693, 0.042, 0.0113, 0.038, 0.0027, 0.0, 0.0007]",0.6547,27,0.4060187065485758,0.1708035464494311,0.14449900102775673
27169,174817,Saint Mary's University of Minnesota,"[0.6315, 0.1037, 0.0731, 0.013, 0.0259, 0.0009, 0.1194, 0.0065]",0.43,27,0.4760989364371474,0.2463257915621459,0.20287203895297182
27131,174844,St Olaf College,"[0.6711, 0.0878, 0.0338, 0.001, 0.058, 0.0, 0.006, 0.0394]",0.4642,27,0.44994653278227303,0.21817649064583988,0.2642436353947146
27053,174862,Crown College,"[0.7147, 0.0885, 0.0674, 0.0053, 0.0396, 0.0, 0.0145, 0.0317]",0.526,27,0.4484495205634472,0.21261707524125553,0.2564672406682319
27137,174899,The College of Saint Scholastica,"[0.7869, 0.036, 0.0444, 0.0159, 0.0264, 0.0011, 0.0344, 0.0222]",0.6251,27,0.37122140033788403,0.13245874405117916,0.06956891444203031
27123,174914,University of St Thomas,"[0.6883, 0.084, 0.0579, 0.0012, 0.0501, 0.0007, 0.039, 0.0399]",0.4898,27,0.446732929486909,0.2115337500519902,0.28064329023550894
27123,175005,St Catherine University,"[0.5313, 0.1273, 0.1392, 0.0043, 0.1264, 0.0034, 0.02, 0.0438]",0.3362,27,0.5625827550402408,0.32958537037215174,0.4348629243218076
27083,175078,Southwest Minnesota State University,"[0.7019, 0.0762, 0.0849, 0.0036, 0.0251, 0.001, 0.0199, 0.0322]",0.5078,27,0.43774276707522053,0.19877595478787624,0.19820475917313504
27169,175272,Winona State University,"[0.8262, 0.0434, 0.0324, 0.0025, 0.0365, 0.0004, 0.004, 0.0364]",0.6882,27,0.3759193674984764,0.13884809671315015,0.09797095100320694
28063,175342,Alcorn State University,"[0.0209, 0.0094, 0.9505, 0.0034, 0.0004, 0.006, 0.0, 0.0]",0.904,28,0.20819008683519588,0.5577853214620099,0.9907451529912242
28049,175421,Belhaven University,"[0.3833, 0.0403, 0.4293, 0.0078, 0.0057, 0.0007, 0.0813, 0.0382]",0.341,28,0.4177186263448411,0.4993505681983669,0.7333190752336501
28139,175430,Blue Mountain Christian University,"[0.6722, 0.0519, 0.137, 0.0093, 0.0019, 0.0, 0.0037, 0.0259]",0.4741,28,0.41755600779155566,0.22586327443345863,0.1792784195429199
28011,175616,Delta State University,"[0.5403, 0.0258, 0.3571, 0.0018, 0.0037, 0.0, 0.0197, 0.0184]",0.4209,28,0.4069213377519365,0.3809985847410152,0.5381599316196135
28049,175856,Jackson State University,"[0.0177, 0.0043, 0.9507, 0.0031, 0.0016, 0.0018, 0.0, 0.0067]",0.9042,28,0.20276399980589024,0.5535057898034415,0.9396758244328747
28049,175980,Millsaps College,"[0.5949, 0.0434, 0.2701, 0.0032, 0.0273, 0.0016, 0.0241, 0.0096]",0.4302,28,0.4305327867474792,0.3309571219447731,0.43463276966006176
28071,176017,University of Mississippi,"[0.7835, 0.0491, 0.1078, 0.0033, 0.0202, 0.0008, 0.0003, 0.0249]",0.6289,28,0.398294408332644,0.18071526641691515,0.15182715110962272
28087,176035,Mississippi University for Women,"[0.5509, 0.0065, 0.4086, 0.0147, 0.0112, 0.0012, 0.0, 0.0]",0.4708,28,0.37730421217254495,0.37784173503306656,0.42769559794321366
28083,176044,Mississippi Valley State University,"[0.0205, 0.0137, 0.9136, 0.0017, 0.0026, 0.0043, 0.0385, 0.0051]",0.8368,28,0.2137489791228651,0.5619348655045202,0.964272991721086
28049,176053,Mississippi College,"[0.6821, 0.0357, 0.1673, 0.0029, 0.0205, 0.0, 0.0286, 0.0253]",0.4964,28,0.4021580319479534,0.2263704675534215,0.26788356270876346
28105,176080,Mississippi State University,"[0.7435, 0.0386, 0.1538, 0.0052, 0.016, 0.0005, 0.0059, 0.0258]",0.5789,28,0.3971474874876136,0.20721951988065043,0.18779132406432703
28093,176318,Rust College,"[0.0027, 0.0055, 0.9713, 0.0, 0.0, 0.0, 0.0, 0.0]",0.9435,28,0.19821696487231755,0.5533669285919987,0.676791035519805
28035,176372,University of Southern Mississippi,"[0.5935, 0.0418, 0.2856, 0.0043, 0.0162, 0.0012, 0.0003, 0.0384]",0.4373,28,0.4295867922748576,0.3404266811755363,0.34775366175643635
28049,176406,Tougaloo College,"[0.0055, 0.024, 0.878, 0.0018, 0.0, 0.0, 0.0665, 0.0222]",0.7764,28,0.22081144017652754,0.5709397475556639,0.9447723067260044
28035,176479,William Carey University,"[0.6027, 0.0265, 0.281, 0.0023, 0.0107, 0.0, 0.0198, 0.0]",0.4434,28,0.4041008641037517,0.313380130311548,0.3207268661106679
29095,176628,Avila University,"[0.4664, 0.174, 0.2711, 0.0107, 0.0181, 0.0053, 0.0, 0.0299]",0.3227,29,0.6390380446600384,0.42833720086432764,0.5909123308342169
29077,176664,Mission University,"[0.8686, 0.0182, 0.0438, 0.0146, 0.0109, 0.0, 0.0, 0.0438]",0.759,29,0.3469925146611703,0.09535934462359853,0.08488866490555481
29077,176770,Cox College,"[0.8417, 0.0473, 0.0118, 0.0059, 0.0178, 0.0, 0.0325, 0.0429]",0.7141,29,0.3731207080480272,0.1249298435217686,0.11860488058991162
29095,176789,Calvary University,"[0.797, 0.0644, 0.0792, 0.0, 0.0099, 0.0, 0.0099, 0.0347]",0.647,29,0.40831601303495707,0.15977735436083976,0.2805149713015968
29175,176910,Central Christian College of the Bible,"[0.5649, 0.0714, 0.1104, 0.0065, 0.026, 0.0, 0.2013, 0.013]",0.3778,29,0.43874254559441994,0.20354177124766124,0.15422678234436604
29089,176947,Central Methodist University-College of Liberal Arts and Sciences,"[0.6294, 0.0838, 0.108, 0.0037, 0.0093, 0.0, 0.0168, 0.0577]",0.4185,29,0.4648354305331478,0.22049799197284378,0.1670231145543249
29101,176965,University of Central Missouri,"[0.7728, 0.066, 0.0818, 0.0035, 0.0115, 0.0015, 0.0057, 0.0444]",0.6104,29,0.41418721237877354,0.16588679238588286,0.15120598693975598
20091,177038,Cleveland University-Kansas City,"[0.7556, 0.0667, 0.0444, 0.0222, 0.0111, 0.0, 0.0889, 0.0111]",0.586,20,0.40538801485498643,0.26599199353401726,0.20720048939896096
29019,177065,Columbia College,"[0.5366, 0.115, 0.2125, 0.0055, 0.0217, 0.0035, 0.0157, 0.0643]",0.3512,29,0.5433903775922115,0.30965590544582927,0.2998179312033535
29147,177083,Conception Seminary College,"[0.56, 0.24, 0.08, 0.0, 0.08, 0.0, 0.0, 0.04]",0.3856,29,0.6811240103666866,0.46482741461111077,0.41327668542573537
29217,177117,Cottey College,"[0.717, 0.119, 0.0514, 0.0193, 0.0129, 0.0032, 0.0, 0.0161]",0.5317,29,0.4765981950026026,0.235924749298203,0.18802927849800163
29111,177144,Culver-Stockton College,"[0.6827, 0.0749, 0.1475, 0.0094, 0.0117, 0.0059, 0.0, 0.0258]",0.4944,29,0.4479297483014528,0.2005783046789021,0.12900150963595441
29077,177214,Drury University,"[0.7516, 0.0197, 0.0292, 0.0161, 0.0256, 0.0051, 0.0621, 0.0263]",0.5716,29,0.35034367895696694,0.0985617907370563,0.0891526068100747
29077,177339,Evangel University,"[0.7512, 0.0706, 0.049, 0.0104, 0.0104, 0.004, 0.0401, 0.049]",0.5759,29,0.41548818156945655,0.16922372341236702,0.1581084095099781
29189,177418,Fontbonne University,"[0.6243, 0.0165, 0.2485, 0.003, 0.0165, 0.0015, 0.024, 0.0524]",0.4554,29,0.39184421395439956,0.14301003717229857,0.2141234018375729
29127,177542,Hannibal-LaGrange University,"[0.7204, 0.0428, 0.0932, 0.0, 0.0126, 0.0, 0.0403, 0.0151]",0.5315,29,0.3927788452932066,0.14176116866919744,0.08734801244893257
29510,177551,Harris-Stowe State University,"[0.0343, 0.025, 0.7978, 0.0, 0.0056, 0.0009, 0.0455, 0.0417]",0.6421,29,0.23803543926686488,0.18295516363236655,0.7272851261311616
29510,177719,Barnes-Jewish College Goldfarb School of Nursing,"[0.6867, 0.0506, 0.1494, 0.0024, 0.0434, 0.0024, 0.0145, 0.0482]",0.5009,29,0.4219733749636862,0.16956521198018862,0.288310184741544
29095,177746,Kansas City Art Institute,"[0.6177, 0.1469, 0.0816, 0.0082, 0.0449, 0.0, 0.0218, 0.0653]",0.4166,29,0.5486446163506391,0.3124972290769929,0.4271775525388345
29051,177940,Lincoln University,"[0.2608, 0.0363, 0.5639, 0.003, 0.0053, 0.0008, 0.0325, 0.0454]",0.3905,29,0.36418347009210106,0.2211285383696656,0.1966695579340903
29183,177968,Lindenwood University,"[0.6317, 0.0478, 0.1379, 0.0041, 0.0182, 0.0069, 0.0465, 0.0264]",0.4236,29,0.4195332703783894,0.16915800928673763,0.13560783351951772
29189,177986,Logan University,"[0.6736, 0.0313, 0.1042, 0.0035, 0.0694, 0.0035, 0.0486, 0.066]",0.4771,29,0.39369355756206925,0.13840216484354462,0.16405889565826406
29189,178059,Maryville University of Saint Louis,"[0.6487, 0.0844, 0.1327, 0.0061, 0.0332, 0.0, 0.0367, 0.0325]",0.4491,29,0.46690550639156414,0.21969232778583728,0.24869247965950755
29047,178208,Midwestern Baptist Theological Seminary,"[0.6883, 0.058, 0.0614, 0.0125, 0.0284, 0.0057, 0.1195, 0.0159]",0.4964,29,0.40665926874735275,0.15974055530509365,0.1872967272969649
29189,178244,Missouri Baptist University,"[0.7374, 0.0053, 0.1293, 0.0146, 0.0166, 0.0027, 0.0411, 0.0099]",0.5628,29,0.3522450073627544,0.09684242064823381,0.12606182641436045
29097,178341,Missouri Southern State University,"[0.682, 0.0878, 0.0659, 0.0502, 0.029, 0.0062, 0.0311, 0.0213]",0.482,29,0.45081751538355574,0.2049474240334505,0.246843924756592
29195,178369,Missouri Valley College,"[0.3388, 0.0977, 0.1363, 0.0047, 0.0142, 0.015, 0.0244, 0.0433]",0.1458,29,0.5951567025938174,0.3696815513502006,0.42440163529380354
29021,178387,Missouri Western State University,"[0.6758, 0.0186, 0.1362, 0.0099, 0.019, 0.0011, 0.0381, 0.0868]",0.485,29,0.3785509914950983,0.12612453429296724,0.12626884801849173
29019,178396,University of Missouri-Columbia,"[0.7949, 0.0554, 0.0547, 0.0014, 0.0278, 0.0012, 0.0089, 0.0456]",0.6409,29,0.39621225816818406,0.1463446006504832,0.14053757704230754
29095,178402,University of Missouri-Kansas City,"[0.5002, 0.1406, 0.1334, 0.0035, 0.1076, 0.0012, 0.0134, 0.0523]",0.3023,29,0.593467597241054,0.35725254951125784,0.4883474288666766
29161,178411,Missouri University of Science and Technology,"[0.8014, 0.053, 0.0306, 0.0029, 0.0438, 0.0, 0.0178, 0.0314]",0.6492,29,0.3885271158586569,0.1380746166001756,0.10421211691503145
29189,178420,University of Missouri-St Louis,"[0.617, 0.0407, 0.1809, 0.0019, 0.0472, 0.0004, 0.0498, 0.0439]",0.4217,29,0.42194004728759443,0.16999810285326397,0.2214215734816466
29001,178615,Truman State University,"[0.7832, 0.0315, 0.0243, 0.0024, 0.025, 0.0007, 0.0082, 0.0332]",0.6168,29,0.36231752954391855,0.11146995471199041,0.07517588151074418
29147,178624,Northwest Missouri State University,"[0.8224, 0.0492, 0.0447, 0.003, 0.0071, 0.0013, 0.0143, 0.0355]",0.6823,29,0.3821245113420436,0.13334500651328934,0.08427789304044182
29097,178679,Ozark Christian College,"[0.8241, 0.067, 0.0201, 0.0168, 0.0151, 0.0, 0.0067, 0.0302]",0.6855,29,0.3965902170436759,0.1498747246869798,0.20064745191227912
29213,178697,College of the Ozarks,"[0.8582, 0.0452, 0.0122, 0.0074, 0.0128, 0.0007, 0.0149, 0.0331]",0.7402,29,0.36889874912378473,0.12060605712951443,0.14756818168413835
29165,178721,Park University,"[0.4214, 0.2455, 0.1737, 0.0064, 0.0254, 0.0097, 0.0203, 0.066]",0.2736,29,0.7633678510430819,0.5720727421716779,0.5774715370244363
29510,178767,Stevens-The Institute of Business & Arts,"[0.3908, 0.0345, 0.5517, 0.0, 0.023, 0.0, 0.0, 0.0]",0.4588,29,0.38803527805752785,0.20713971633771336,0.656553544037063
29095,178989,Research College of Nursing,"[0.7137, 0.0441, 0.1278, 0.0044, 0.0264, 0.0, 0.0661, 0.0176]",0.533,29,0.4024377010780899,0.15060227090751818,0.2860938469285054
29095,179043,Rockhurst University,"[0.6218, 0.1605, 0.0901, 0.004, 0.0375, 0.0017, 0.0214, 0.0393]",0.4239,29,0.5638944160701471,0.32972218071821163,0.44423648279097244
29510,179159,Saint Louis University,"[0.5998, 0.0814, 0.0827, 0.0018, 0.1364, 0.0004, 0.0079, 0.0524]",0.3946,29,0.4710269690941578,0.2194349286629327,0.28350814234018007
29510,179265,University of Health Sciences and Pharmacy in St. Louis,"[0.6136, 0.0227, 0.0985, 0.0114, 0.1174, 0.0076, 0.0492, 0.0417]",0.4049,29,0.38835289155065345,0.12930776097454663,0.23182576228940174
29167,179326,Southwest Baptist University,"[0.7471, 0.0373, 0.0515, 0.0068, 0.0108, 0.002, 0.0942, 0.0285]",0.5721,29,0.37402022128652224,0.12514249560737128,0.07925410717241496
29019,179548,Stephens College,"[0.6878, 0.0185, 0.0979, 0.0053, 0.0106, 0.0026, 0.045, 0.1005]",0.4953,29,0.3695580028144262,0.1187534775447931,0.11219307497531145
29031,179557,Southeast Missouri State University,"[0.7635, 0.0347, 0.0893, 0.0019, 0.0084, 0.0003, 0.0218, 0.0322]",0.5937,29,0.3793152442509237,0.12780554416600082,0.0910389059648618
29077,179566,Missouri State University-Springfield,"[0.7944, 0.049, 0.0347, 0.0032, 0.0195, 0.0013, 0.0313, 0.0377]",0.6375,29,0.3834901608687973,0.13434556757109276,0.12489701791513567
29189,179867,Washington University in St Louis,"[0.4376, 0.119, 0.0867, 0.001, 0.2013, 0.001, 0.0169, 0.062]",0.2578,29,0.5655845207276344,0.33000321010488326,0.36264195059278664
29189,179894,Webster University,"[0.6265, 0.0621, 0.1449, 0.0014, 0.035, 0.0009, 0.0405, 0.0474]",0.4225,29,0.44434115891298687,0.19485011333630428,0.23125565201792425
29027,179946,Westminster College,"[0.7858, 0.0445, 0.0725, 0.0066, 0.0099, 0.0016, 0.0066, 0.0494]",0.6273,29,0.3866977850496522,0.1366163187829894,0.08938763037169305
29047,179955,William Jewell College,"[0.6371, 0.1068, 0.0801, 0.0085, 0.0218, 0.0024, 0.0206, 0.0898]",0.4328,29,0.4900315653752455,0.24958463863364863,0.2760269276478294
29027,179964,William Woods University,"[0.6989, 0.0557, 0.0544, 0.0027, 0.0119, 0.0013, 0.1021, 0.0345]",0.5063,29,0.40163563097001725,0.15536231959795452,0.1101301745222817
30049,180106,Carroll College,"[0.7996, 0.0551, 0.0063, 0.0036, 0.0135, 0.0027, 0.0704, 0.0487]",0.65,30,0.3826214791419571,0.12200429523338617,0.11399691832602037
30111,180179,Montana State University Billings,"[0.7651, 0.074, 0.0113, 0.0518, 0.0098, 0.0015, 0.0102, 0.0587]",0.5973,30,0.4093185041477239,0.15420428555023255,0.1762065011972855
30013,180258,University of Providence,"[0.7319, 0.054, 0.0607, 0.032, 0.0371, 0.0202, 0.0354, 0.0]",0.5463,30,0.40012236815111424,0.126276461058634,0.13456098381936
30093,180416,Montana Technological University,"[0.8195, 0.04, 0.0119, 0.014, 0.014, 0.0, 0.0625, 0.0211]",0.6781,30,0.3645163114221138,0.1012921668122402,0.10268090553513348
30031,180461,Montana State University,"[0.8437, 0.0566, 0.004, 0.0128, 0.0113, 0.0008, 0.0067, 0.0537]",0.7183,30,0.3810758734374212,0.12114379672865186,0.12665134988681542
30063,180489,The University of Montana,"[0.7489, 0.067, 0.0086, 0.0385, 0.0138, 0.0009, 0.0293, 0.0845]",0.5751,30,0.40397114538474843,0.14786353593110677,0.1559495464522369
30041,180522,Montana State University-Northern,"[0.6998, 0.038, 0.0245, 0.1887, 0.0061, 0.0025, 0.011, 0.0294]",0.5284,30,0.3636933357096631,0.12128284596793257,0.1759381207313637
30111,180595,Rocky Mountain College,"[0.7038, 0.0959, 0.0372, 0.0324, 0.0012, 0.006, 0.0036, 0.0707]",0.512,30,0.44996776921240844,0.19185251716320567,0.21433110958040058
30047,180647,Salish Kootenai College,"[0.2023, 0.0136, 0.0058, 0.7724, 0.0058, 0.0, 0.0, 0.0]",0.6378,30,0.10785614002010108,0.09861946919300273,0.326468728814639
30001,180692,The University of Montana-Western,"[0.7912, 0.0391, 0.0116, 0.0699, 0.0025, 0.0058, 0.0399, 0.0383]",0.6356,30,0.36480274511909827,0.10776744485986609,0.10392325898807155
31153,180814,Bellevue University,"[0.5351, 0.1687, 0.1625, 0.0073, 0.0305, 0.004, 0.0574, 0.0341]",0.3467,31,0.6126521539530335,0.4457457996741666,0.42451100206532094
31055,180832,Clarkson College,"[0.6704, 0.0634, 0.0808, 0.0016, 0.0412, 0.0016, 0.0317, 0.1094]",0.4747,31,0.4297175923080622,0.25923625870827893,0.320176176526215
31109,180878,Bryan College of Health Sciences,"[0.7701, 0.0299, 0.0206, 0.0, 0.0206, 0.0, 0.0187, 0.1402]",0.6148,31,0.36330562476198636,0.2016135140411855,0.1504652688299729
31045,180948,Chadron State College,"[0.7858, 0.1124, 0.0396, 0.0142, 0.0041, 0.0012, 0.0024, 0.0302]",0.6328,31,0.45360737466841605,0.29805867473633396,0.191252707459624
31159,180984,Concordia University-Nebraska,"[0.7592, 0.0501, 0.029, 0.0035, 0.0088, 0.0, 0.0984, 0.0343]",0.5907,31,0.3829996337855722,0.2233431859621721,0.09697265244018342
31055,181002,Creighton University,"[0.7022, 0.096, 0.0239, 0.0026, 0.0814, 0.0016, 0.0092, 0.0624]",0.5135,31,0.4545865684801426,0.2946247080746928,0.3473411896647611
31151,181020,Doane University,"[0.7368, 0.1113, 0.0455, 0.002, 0.0162, 0.0, 0.0243, 0.0314]",0.5592,31,0.46380628642166005,0.30652456599180433,0.5314362043717537
31001,181127,Hastings College,"[0.6732, 0.0991, 0.061, 0.0065, 0.0065, 0.0011, 0.0599, 0.0251]",0.471,31,0.462716001850627,0.3028223368201443,0.2831615361128451
31055,181145,CHI Health School of Radiologic Technology,"[0.7083, 0.125, 0.1667, 0.0, 0.0, 0.0, 0.0, 0.0]",0.5451,31,0.5011318275989165,0.3300015030074816,0.39438596108125556
31019,181215,University of Nebraska at Kearney,"[0.7408, 0.1455, 0.0243, 0.0014, 0.0072, 0.0017, 0.0053, 0.0274]",0.5714,31,0.4951595005450753,0.3460442192797379,0.30969216080860174
31055,181297,Nebraska Methodist College of Nursing & Allied Health,"[0.7624, 0.0891, 0.052, 0.005, 0.0359, 0.0037, 0.0309, 0.0198]",0.5946,31,0.43684384192779946,0.27486648165373934,0.3284657809973127
31053,181330,Midland University,"[0.5748, 0.1553, 0.0748, 0.0, 0.0249, 0.0, 0.0914, 0.015]",0.3693,31,0.5634259685426278,0.409578702534102,0.44346663795567187
31055,181394,University of Nebraska at Omaha,"[0.614, 0.1692, 0.0759, 0.0031, 0.0499, 0.0012, 0.0069, 0.0457]",0.416,31,0.5759061876210113,0.4198073786231655,0.474965231540063
31055,181428,University of Nebraska Medical Center,"[0.7793, 0.1161, 0.0232, 0.0, 0.0232, 0.0, 0.0058, 0.0395]",0.6235,31,0.4576328494896053,0.3035622970251955,0.3523909815146846
31109,181446,Nebraska Wesleyan University,"[0.781, 0.0928, 0.0314, 0.0033, 0.0261, 0.0007, 0.017, 0.0333]",0.6216,31,0.4337127825015037,0.2757620499548821,0.22358009220223937
31109,181464,University of Nebraska-Lincoln,"[0.7598, 0.0888, 0.0289, 0.0019, 0.0379, 0.0007, 0.0095, 0.0355]",0.5888,31,0.43306288121120884,0.2743285915924161,0.22253162673440682
31127,181534,Peru State College,"[0.7127, 0.0851, 0.1137, 0.0084, 0.0084, 0.0017, 0.0067, 0.0438]",0.5302,31,0.45070549976773355,0.2805216107984931,0.15115247783679134
31055,181604,College of Saint Mary,"[0.5876, 0.2331, 0.0777, 0.0, 0.0199, 0.002, 0.0179, 0.0418]",0.4081,31,0.6565414039766294,0.5141252635420499,0.5641226691948903
31109,181738,Union Adventist University,"[0.4905, 0.2589, 0.0821, 0.0021, 0.0463, 0.0084, 0.0021, 0.0379]",0.318,31,0.7371349002870451,0.6023506284537183,0.5589532182696788
31179,181783,Wayne State College,"[0.792, 0.0939, 0.0249, 0.0105, 0.0095, 0.0, 0.0029, 0.0304]",0.6378,31,0.4299625266898398,0.2743503804929027,0.24385992234224863
31185,181853,York University,"[0.5271, 0.2217, 0.1267, 0.0068, 0.0023, 0.0, 0.0204, 0.0]",0.3435,31,0.6739604031449562,0.5260761571898113,0.44016911535654624
32003,182281,University of Nevada-Las Vegas,"[0.2419, 0.3434, 0.0915, 0.0026, 0.1596, 0.0085, 0.0037, 0.1313]",0.2276,32,0.909891685605608,0.9620321245007373,0.9711935647187192
32031,182290,University of Nevada-Reno,"[0.5187, 0.2415, 0.0339, 0.006, 0.0833, 0.0042, 0.0148, 0.0886]",0.3436,32,0.6929512798691295,0.8391470844329787,0.7465069275601833
33013,182634,Colby-Sawyer College,"[0.7862, 0.0233, 0.0344, 0.0049, 0.0258, 0.0, 0.0971, 0.0074]",0.63,33,0.35152419973161386,0.0808925236767807,0.059672293932078416
33009,182670,Dartmouth College,"[0.4751, 0.0972, 0.0603, 0.0113, 0.136, 0.0, 0.0193, 0.068]",0.2624,33,0.5234456755139978,0.25094148282393786,0.23625192640648277
33005,182795,Franklin Pierce University,"[0.7295, 0.0882, 0.0668, 0.0034, 0.0146, 0.0017, 0.0274, 0.0308]",0.5463,33,0.442631077146498,0.17182809652839204,0.14804756309462694
33013,182980,New England College,"[0.4672, 0.1004, 0.1245, 0.0039, 0.0116, 0.001, 0.2336, 0.0309]",0.2995,33,0.490547863702698,0.23393309030903336,0.21615859591914902
33013,183026,Southern New Hampshire University,"[0.5106, 0.1293, 0.1596, 0.0057, 0.0203, 0.0037, 0.1322, 0.033]",0.3219,33,0.5563620901991722,0.28092564008916776,0.2624160006641792
33017,183044,University of New Hampshire-Main Campus,"[0.8529, 0.0398, 0.0082, 0.0006, 0.0278, 0.0001, 0.0345, 0.024]",0.7316,33,0.3634536628552055,0.0982601579274812,0.08330740100840284
33005,183062,Keene State College,"[0.8372, 0.0532, 0.0164, 0.0033, 0.013, 0.0011, 0.0398, 0.0331]",0.7069,33,0.37960628116999884,0.11509593706288511,0.09152256015408461
33011,183071,University of New Hampshire at Manchester,"[0.6844, 0.0966, 0.0316, 0.002, 0.0611, 0.002, 0.0907, 0.0296]",0.4916,33,0.4546883025333691,0.19145902399910794,0.23988735709577783
33009,183080,Plymouth State University,"[0.811, 0.0472, 0.0195, 0.0024, 0.0131, 0.0, 0.0593, 0.0292]",0.6649,33,0.37513122131138343,0.10970957522516703,0.0924776423079201
33011,183211,Rivier University,"[0.7148, 0.0549, 0.1106, 0.003, 0.0369, 0.0023, 0.0527, 0.0248]",0.531,33,0.414681804754212,0.12936036115589444,0.17895822093345748
33011,183239,Saint Anselm College,"[0.8685, 0.045, 0.0148, 0.001, 0.0113, 0.0005, 0.0276, 0.024]",0.758,33,0.3678260151342768,0.10289674124050674,0.15077805390683188
33011,183257,University of New Hampshire College of Professional Studies Online,"[0.8404, 0.0635, 0.0362, 0.0026, 0.0123, 0.0009, 0.0238, 0.0203]",0.7128,33,0.3937540078215245,0.12652859725441998,0.1745555640243279
33011,183275,Thomas More College of Liberal Arts,"[0.7528, 0.0562, 0.0, 0.0225, 0.0112, 0.0, 0.1124, 0.0225]",0.5836,33,0.3824516422595454,0.12460661078061816,0.17183447082196177
34031,183789,Berkeley College-Woodland Park,"[0.0846, 0.4181, 0.1202, 0.0011, 0.0129, 0.0005, 0.3486, 0.0054]",0.3181,34,0.7797622956725221,0.7701985484342357,0.642901265865845
34029,183804,Beth Medrash Govoha,"[0.979, 0.0, 0.0, 0.0, 0.0, 0.0, 0.0, 0.0]",0.9584,34,0.3143549189511773,0.3686217799194913,0.1262415193816448
34013,183822,Bloomfield College of Montclair State University,"[0.0825, 0.3177, 0.4844, 0.0078, 0.0243, 0.0, 0.0391, 0.0061]",0.3446,34,0.7072219990194049,0.715441155026538,0.936935893127209
34013,183910,Caldwell University,"[0.2702, 0.306, 0.168, 0.0006, 0.0395, 0.0, 0.052, 0.0132]",0.1993,34,0.9060781573567726,0.9290938858500591,0.9141886692593458
34041,183974,Centenary University,"[0.6325, 0.1803, 0.0778, 0.002, 0.0207, 0.0, 0.0443, 0.0424]",0.4428,34,0.5788639233245239,0.6250675776651563,0.4151571920455657
34027,184348,Drew University,"[0.5765, 0.0296, 0.1008, 0.0021, 0.0388, 0.0, 0.0592, 0.0867]",0.3559,34,0.3984666229243012,0.45640636152343145,0.2811940013649033
34003,184603,Fairleigh Dickinson University-Metropolitan Campus,"[0.2253, 0.376, 0.111, 0.0025, 0.0493, 0.0004, 0.1238, 0.0199]",0.2226,34,0.9452432102138508,0.9562455466703556,0.9314876911709331
34003,184612,Felician University,"[0.2429, 0.4051, 0.1993, 0.0024, 0.0578, 0.0018, 0.0242, 0.0212]",0.2672,34,0.958358081856092,0.972024714857023,0.9295553864331092
34027,184694,Fairleigh Dickinson University-Florham Campus,"[0.5229, 0.2505, 0.1029, 0.002, 0.0427, 0.001, 0.0457, 0.0283]",0.3515,34,0.7109545569388567,0.7526095502377466,0.6182556911471145
34029,184773,Georgian Court University,"[0.5111, 0.1501, 0.0849, 0.0034, 0.0197, 0.0026, 0.1638, 0.0292]",0.3191,34,0.5675737058828694,0.6136333453365632,0.3870902772882437
34015,184782,Rowan University,"[0.6397, 0.1324, 0.1077, 0.0011, 0.0586, 0.0009, 0.0072, 0.0373]",0.4432,34,0.5286568905894947,0.5832602205201737,0.31731571212160636
34017,185129,New Jersey City University,"[0.1661, 0.4631, 0.2097, 0.0032, 0.0793, 0.003, 0.0321, 0.028]",0.2941,34,0.9759452429796993,0.9808705525813378,0.8108143913819201
34039,185262,Kean University,"[0.2655, 0.3575, 0.2053, 0.0009, 0.052, 0.0014, 0.0544, 0.0241]",0.2467,34,0.9253846102262494,0.9450923303464772,0.9893427994238106
34025,185572,Monmouth University,"[0.6904, 0.1695, 0.0492, 0.0005, 0.0226, 0.0, 0.0271, 0.0268]",0.5098,34,0.5419586064334014,0.5895287651564858,0.40789657766570864
34013,185590,Montclair State University,"[0.3702, 0.3596, 0.132, 0.0014, 0.0679, 0.0012, 0.0322, 0.0266]",0.2901,34,0.8945978272071794,0.9225031592616214,0.8534040349233886
34013,185828,New Jersey Institute of Technology,"[0.3205, 0.257, 0.0971, 0.0012, 0.2249, 0.0004, 0.0178, 0.0344]",0.2303,34,0.7920904896356998,0.849580967126593,0.7823890869314828
34021,186131,Princeton University,"[0.3756, 0.1002, 0.0798, 0.0013, 0.235, 0.0011, 0.0156, 0.0682]",0.2176,34,0.5415071762160745,0.6192156845052011,0.6853047523310971
34027,186186,Rabbinical College of America,"[0.7865, 0.0, 0.0, 0.0, 0.0, 0.0, 0.0, 0.0]",0.6186,34,0.3143549189511773,0.3686217799194913,0.2158555939715444
34003,186201,Ramapo College of New Jersey,"[0.5545, 0.2386, 0.0618, 0.0041, 0.1056, 0.0, 0.0247, 0.0002]",0.38,34,0.6756633766551288,0.726283441715703,0.7195811771083485
34021,186283,Rider University,"[0.5275, 0.1807, 0.1414, 0.0032, 0.0535, 0.0023, 0.0235, 0.0341]",0.3355,34,0.6339268368472903,0.683819685586219,0.7318502076223379
34007,186371,Rutgers University-Camden,"[0.387, 0.2178, 0.1935, 0.0017, 0.1241, 0.0017, 0.0189, 0.037]",0.2518,34,0.7454388329180366,0.798335241340609,0.7712290904693372
34023,186380,Rutgers University-New Brunswick,"[0.3236, 0.1511, 0.0683, 0.0008, 0.3257, 0.0009, 0.0195, 0.0359]",0.24,34,0.5868586323295271,0.6663776654235262,0.8680175591472403
34013,186399,Rutgers University-Newark,"[0.2076, 0.3525, 0.195, 0.001, 0.1803, 0.0015, 0.0156, 0.0249]",0.2388,34,0.9141397298706601,0.9480696112624777,0.8939835997517211
34017,186432,Saint Peter's University,"[0.2315, 0.4155, 0.1767, 0.0016, 0.0782, 0.0016, 0.037, 0.0021]",0.2649,34,0.9671880462521569,0.981808561154278,0.8863220879720346
34013,186584,Seton Hall University,"[0.4733, 0.2329, 0.1047, 0.0015, 0.1101, 0.0007, 0.0249, 0.0392]",0.3035,34,0.7204628908821553,0.7708981838424208,0.7761796756787777
34027,186618,Saint Elizabeth University,"[0.2321, 0.2455, 0.3914, 0.0104, 0.0208, 0.0045, 0.067, 0.0193]",0.2728,34,0.7247685160682333,0.7502767626499329,0.5894099431946396
34017,186867,Stevens Institute of Technology,"[0.5072, 0.1527, 0.0227, 0.0, 0.1887, 0.0, 0.0651, 0.0375]",0.3223,34,0.5732285339790815,0.6389253717729158,0.9408329030388451
34001,186876,Stockton University,"[0.5847, 0.1868, 0.1031, 0.0011, 0.0738, 0.0006, 0.0093, 0.0363]",0.3943,34,0.6137146843153202,0.6655468708410056,0.6304367601207258
34025,186900,Talmudical Academy-New Jersey,"[0.9452, 0.0, 0.0, 0.0, 0.0, 0.0, 0.0, 0.0]",0.8934,34,0.3143549189511773,0.36862177991949124,0.17121816906283996
34021,187046,Thomas Edison State University,"[0.456, 0.1438, 0.1537, 0.0036, 0.0438, 0.0047, 0.15, 0.0371]",0.2781,34,0.5942524691229432,0.6442888638392904,0.6985756606561404
34021,187134,The College of New Jersey,"[0.5952, 0.1785, 0.0554, 0.0007, 0.1075, 0.0004, 0.0279, 0.0275]",0.4023,34,0.5905804300969912,0.6462577175511754,0.680830386627824
34031,187444,William Paterson University of New Jersey,"[0.3323, 0.3388, 0.1913, 0.0005, 0.0775, 0.0012, 0.0173, 0.0255]",0.2688,34,0.8928392596304611,0.9229909736785082,0.9744745420382525
35041,187648,Eastern New Mexico University-Main Campus,"[0.3663, 0.4505, 0.0535, 0.0186, 0.0131, 0.0038, 0.0331, 0.0321]",0.3426,35,0.9307183541668282,0.9632815097523243,0.9957448580258828
35049,187745,Institute of American Indian and Alaska Native Culture and Arts Development,"[0.09, 0.09, 0.0, 0.6624, 0.0, 0.0064, 0.0096, 0.1415]",0.4751,35,0.18538785337675728,0.33100303857807434,0.22967440280865462
35047,187897,New Mexico Highlands University,"[0.1587, 0.5887, 0.0633, 0.1, 0.006, 0.0013, 0.0093, 0.0273]",0.3866,35,0.9787827458795886,0.7969024884075503,0.4941011542865825
35053,187967,New Mexico Institute of Mining and Technology,"[0.469, 0.406, 0.0086, 0.0345, 0.0293, 0.0034, 0.0052, 0.0319]",0.388,35,0.8490775371671251,0.9936679172471351,0.9803529233679023
35001,187985,University of New Mexico-Main Campus,"[0.2853, 0.5065, 0.0307, 0.0622, 0.0421, 0.0015, 0.0125, 0.04]",0.3463,35,0.9689177075766928,0.9187007538530982,0.9204565269942776
35013,188030,New Mexico State University-Main Campus,"[0.2371, 0.6412, 0.0258, 0.0248, 0.0099, 0.0018, 0.0087, 0.0247]",0.4694,35,0.9835253181472756,0.8411981211127639,0.6735973116850432
35025,188182,University of the Southwest,"[0.2336, 0.5857, 0.0997, 0.0249, 0.0, 0.0, 0.0436, 0.0125]",0.4102,35,0.9903468433104315,0.8461766530119841,0.7560985227183041
35017,188304,Western New Mexico University,"[0.2626, 0.5539, 0.0494, 0.0404, 0.0101, 0.0079, 0.0202, 0.0264]",0.3811,35,0.9820998113510447,0.8863234707062528,0.9339024345317508
36059,188429,Adelphi University,"[0.4394, 0.2038, 0.0879, 0.0048, 0.1301, 0.001, 0.0488, 0.0314]",0.2627,36,0.6981383276403142,0.7293295991469039,0.7054026702159079
36001,188526,Albany College of Pharmacy and Health Sciences,"[0.4435, 0.1027, 0.089, 0.0051, 0.2021, 0.0, 0.0291, 0.0822]",0.2636,36,0.5374951363172602,0.5827391824480103,0.3672554538145365
36003,188641,Alfred University,"[0.6421, 0.1034, 0.1157, 0.0023, 0.0161, 0.0031, 0.0383, 0.0215]",0.4386,36,0.48732122624336616,0.5113712570806296,0.18317215615986862
36027,189088,Bard College,"[0.4747, 0.1256, 0.121, 0.0009, 0.0308, 0.0, 0.0432, 0.0708]",0.2636,36,0.576971314275453,0.6025854048236251,0.4721249678358143
36061,189097,Barnard College,"[0.3685, 0.1452, 0.0576, 0.0006, 0.1993, 0.0, 0.0205, 0.0752]",0.206,36,0.6273597911547424,0.6695828611889716,0.7590906623090302
36061,189228,Berkeley College-New York,"[0.0304, 0.2688, 0.1513, 0.0026, 0.0218, 0.0013, 0.4102, 0.0046]",0.2648,36,0.5680609932382684,0.5773986095818553,0.5503561994733632
36061,189282,Mount Sinai Phillips School of Nursing,"[0.4225, 0.1581, 0.2097, 0.0, 0.1459, 0.0182, 0.0, 0.0456]",0.2712,36,0.6447351607538123,0.6878437553758268,0.7606449435377793
36061,189413,Boricua College,"[0.0077, 0.7545, 0.202, 0.0, 0.0026, 0.0, 0.0, 0.0332]",0.6112,36,0.946035866445868,0.9319107221399395,0.8770785980785881
36029,189705,Canisius University,"[0.6823, 0.0623, 0.1086, 0.0023, 0.0337, 0.0, 0.0314, 0.0286]",0.4842,36,0.42848693451098707,0.4552128777314845,0.2059066279163878
36047,189857,Central Yeshiva Tomchei Tmimim Lubavitz,"[0.8616, 0.0, 0.0, 0.0, 0.0, 0.0, 0.0, 0.0]",0.7424,36,0.3143549189511773,0.33386604581257984,0.3757487928106995
36089,190044,Clarkson University,"[0.8002, 0.0649, 0.0325, 0.0031, 0.0302, 0.0, 0.005, 0.034]",0.6477,36,0.40109716609921225,0.4224665473962477,0.11291067289691331
36053,190099,Colgate University,"[0.6428, 0.0931, 0.0467, 0.001, 0.0573, 0.0016, 0.0186, 0.0496]",0.4301,36,0.4661626296061906,0.49037175383577747,0.17457058377703813
36061,190114,Metropolitan College of New York,"[0.0457, 0.2984, 0.5833, 0.0, 0.0134, 0.0081, 0.0054, 0.0134]",0.4318,36,0.6146379714390534,0.6421906345108822,0.6077103665450595
36061,190150,Columbia University in the City of New York,"[0.3162, 0.1541, 0.0745, 0.003, 0.1843, 0.0015, 0.0153, 0.0641]",0.1676,36,0.678076977347359,0.7210113258706312,0.8033839208337356
36061,190372,The Cooper Union for the Advancement of Science and Art,"[0.2848, 0.1244, 0.0504, 0.0, 0.3083, 0.0, 0.0504, 0.0471]",0.1989,36,0.5527658013685156,0.610022918682064,0.7030679890015733
36109,190415,Cornell University,"[0.3283, 0.1474, 0.0734, 0.0026, 0.2341, 0.0013, 0.06, 0.0549]",0.1963,36,0.6307466961143416,0.6798119571850948,0.4847598672943434
36061,190512,CUNY Bernard M Baruch College,"[0.178, 0.2675, 0.0923, 0.0017, 0.36, 0.0008, 0.0, 0.0267]",0.2421,36,0.7239245222755701,0.7739641508924651,0.8281819691539678
36047,190549,CUNY Brooklyn College,"[0.2503, 0.2382, 0.1931, 0.001, 0.2507, 0.0009, 0.0, 0.0343]",0.2207,36,0.7693159582249249,0.8193698345224454,0.9257955099592242
36085,190558,College of Staten Island CUNY,"[0.4099, 0.264, 0.1394, 0.0014, 0.1279, 0.0017, 0.0, 0.0323]",0.2746,36,0.7888886757062402,0.8183253999128888,0.8005320079372643
36061,190567,CUNY City College,"[0.12, 0.39, 0.1533, 0.0017, 0.2553, 0.0015, 0.0, 0.03]",0.2561,36,0.8951800174578921,0.9262388831239151,0.9380889096972489
36061,190576,CUNY Graduate School and University Center,"[0.2119, 0.3098, 0.2877, 0.0023, 0.132, 0.003, 0.0, 0.0319]",0.2421,36,0.8581242605225584,0.8921966174409316,0.9069881263957611
36061,190594,CUNY Hunter College,"[0.1869, 0.3121, 0.1082, 0.0023, 0.3061, 0.0015, 0.0, 0.035]",0.239,36,0.8154573251690913,0.8575961525395196,0.9006203003821509
36061,190600,CUNY John Jay College of Criminal Justice,"[0.1409, 0.5019, 0.1623, 0.0038, 0.1255, 0.0026, 0.0, 0.0281]",0.3147,36,0.9843715604820396,0.9929092952525937,0.9797214308290636
36005,190637,CUNY Lehman College,"[0.0453, 0.5779, 0.257, 0.0021, 0.0711, 0.0011, 0.0, 0.0161]",0.4074,36,0.9470691874136958,0.949011296718912,0.3828762960405813
36047,190646,CUNY Medgar Evers College,"[0.0182, 0.1689, 0.7237, 0.004, 0.0321, 0.0006, 0.0, 0.0262]",0.5543,36,0.4101164410782796,0.447568454748361,0.699802707409728
36047,190655,CUNY New York City College of Technology,"[0.0941, 0.3582, 0.2595, 0.0041, 0.2196, 0.0019, 0.0, 0.0213]",0.2532,36,0.8585658533696486,0.8943798523002686,0.9670575389796864
36081,190664,CUNY Queens College,"[0.1951, 0.2963, 0.0959, 0.0047, 0.3152, 0.0026, 0.0, 0.0319]",0.2355,36,0.7933545733076217,0.8371971498175663,0.96215322973093
36081,190691,CUNY York College,"[0.0506, 0.2621, 0.3735, 0.0151, 0.2202, 0.0044, 0.0, 0.0321]",0.2605,36,0.6905921869621101,0.7381824634001138,0.7930755905798704
36029,190716,D'Youville  University,"[0.5605, 0.0561, 0.1545, 0.0044, 0.0794, 0.0015, 0.0496, 0.0343]",0.3511,36,0.4519596651189098,0.4882201791367409,0.23413948140447882
36029,190725,Daemen University,"[0.7634, 0.0529, 0.0993, 0.0042, 0.0422, 0.0, 0.0119, 0.0166]",0.5977,36,0.4049541089346771,0.4314548182867008,0.18012503212911632
36081,190752,Yeshiva of Far Rockaway Derech Ayson Rabbinical Seminary,"[1.0, 0.0, 0.0, 0.0, 0.0, 0.0, 0.0, 0.0]",1.0,36,0.3143549189511773,0.33386604581257984,0.5780142717167343
36087,190761,Dominican University New York,"[0.2641, 0.4013, 0.1446, 0.0, 0.0575, 0.0009, 0.0778, 0.0195]",0.2614,36,0.9550371812217182,0.9651881553782228,0.9476357682648968
36015,190983,Elmira College,"[0.7294, 0.0611, 0.0429, 0.0083, 0.0215, 0.0, 0.0281, 0.033]",0.54,36,0.4060626327743121,0.427732094709743,0.13229393317507074
36103,191205,Five Towns College,"[0.4153, 0.3051, 0.1716, 0.0021, 0.0106, 0.0, 0.0508, 0.0148]",0.2979,36,0.8196157981512476,0.8349132345285417,0.8056298794092817
36005,191241,Fordham University,"[0.5032, 0.184, 0.0539, 0.0004, 0.1333, 0.0009, 0.0084, 0.0475]",0.3101,36,0.6357754130569107,0.6648179024191865,0.9023593600424976
36065,191515,Hamilton College,"[0.6451, 0.0951, 0.0314, 0.0005, 0.0903, 0.0, 0.0121, 0.0526]",0.4373,36,0.4666999493907801,0.4930359147715534,0.2392394114858668
36077,191533,Hartwick College,"[0.5825, 0.0986, 0.1447, 0.0028, 0.0221, 0.0, 0.0968, 0.0286]",0.3807,36,0.4970135179158588,0.524512911921819,0.21182418101181166
36029,191621,Hilbert College,"[0.5707, 0.0435, 0.1064, 0.0073, 0.0097, 0.0, 0.2092, 0.0351]",0.3841,36,0.3952941518365208,0.4221568211134544,0.18480835538625473
36069,191630,Hobart William Smith Colleges,"[0.6634, 0.0929, 0.0689, 0.0013, 0.0234, 0.0006, 0.037, 0.0357]",0.4567,36,0.4621850478433883,0.48455877663941477,0.20414661380840995
36059,191649,Hofstra University,"[0.5057, 0.1621, 0.0901, 0.0023, 0.1395, 0.0003, 0.0193, 0.0403]",0.3116,36,0.6122991700023208,0.6460078766704704,0.6188273606847831
36003,191676,Houghton University,"[0.7356, 0.0134, 0.0711, 0.004, 0.0201, 0.0013, 0.0497, 0.0403]",0.5509,36,0.35333014607588087,0.37829332024659545,0.04518782336977946
36119,191931,Iona University,"[0.4979, 0.2829, 0.0976, 0.0015, 0.0228, 0.0027, 0.033, 0.0285]",0.3399,36,0.75563174093629,0.7695196273357777,0.850720287306964
36109,191968,Ithaca College,"[0.7214, 0.1011, 0.0528, 0.0009, 0.0367, 0.0009, 0.0161, 0.0428]",0.5369,36,0.45936099238653727,0.48129171169043056,0.24014682342264482
36061,192040,Jewish Theological Seminary of America,"[0.8389, 0.0537, 0.0, 0.0, 0.0067, 0.0, 0.0805, 0.0]",0.7132,36,0.3724635145024791,0.3915473892171454,0.4824570733325063
36061,192110,The Juilliard School,"[0.3319, 0.0882, 0.0693, 0.0, 0.1282, 0.0021, 0.0, 0.0693]",0.144,36,0.5682805732167193,0.6089706028879568,0.7008318578545126
36119,192165,Kehilath Yakov Rabbinical Seminary,"[1.0, 0.0, 0.0, 0.0, 0.0, 0.0, 0.0, 0.0]",1.0,36,0.3143549189511773,0.33386604581257984,0.4600254186685682
36123,192192,Keuka College,"[0.8016, 0.059, 0.0529, 0.0051, 0.0081, 0.001, 0.0336, 0.0326]",0.6511,36,0.3963193308385575,0.4173341618958262,0.10389518947529382
36061,192271,LIM College,"[0.3879, 0.2112, 0.2242, 0.0056, 0.0726, 0.0037, 0.0065, 0.0009]",0.2507,36,0.7327187915586985,0.7652201829469781,0.8171363425917486
36067,192323,Le Moyne College,"[0.7255, 0.0882, 0.0744, 0.002, 0.0447, 0.0004, 0.0134, 0.0342]",0.543,36,0.4482319920741705,0.4725569516692756,0.21356692833819027
36059,192448,Long Island University,"[0.3817, 0.1582, 0.1595, 0.0024, 0.1248, 0.003, 0.1012, 0.0285]",0.2228,36,0.6590086831604811,0.6994881353480592,0.665845957748631
36047,192624,Machzikei Hadath Rabbinical College,"[0.9577, 0.0, 0.0, 0.0, 0.0, 0.0, 0.0, 0.0]",0.9172,36,0.3143549189511773,0.33386604581257984,0.3757487928106995
36005,192703,Manhattan University,"[0.4615, 0.2864, 0.0643, 0.0016, 0.0457, 0.0003, 0.076, 0.0307]",0.308,36,0.772301116173902,0.7864224894517797,0.8640368250990079
36061,192712,Manhattan School of Music,"[0.3499, 0.1093, 0.0616, 0.004, 0.0775, 0.0, 0.0139, 0.0298]",0.1453,36,0.608859585923932,0.6397023977031092,0.7228798929318802
36119,192749,Manhattanville University,"[0.4851, 0.3158, 0.098, 0.0008, 0.0212, 0.0016, 0.0251, 0.0204]",0.3462,36,0.7923575122754121,0.8040439963915088,0.8794300526575108
36027,192819,Marist University,"[0.7333, 0.1341, 0.0373, 0.0004, 0.0345, 0.0006, 0.0077, 0.0333]",0.5595,36,0.4905003693095267,0.5100581984250064,0.3864624433976738
36061,192864,Marymount Manhattan College,"[0.5172, 0.227, 0.1027, 0.0006, 0.0287, 0.0019, 0.0427, 0.058]",0.3356,36,0.688014974611602,0.7061387580593276,0.7701483987986733
36119,193016,Mercy University,"[0.1648, 0.465, 0.2494, 0.0022, 0.0483, 0.002, 0.0261, 0.0212]",0.3091,36,0.9620769583840155,0.970780035435518,0.9602990743574149
36047,193052,Mesivta Torah Vodaath Rabbinical Seminary,"[1.0, 0.0, 0.0, 0.0, 0.0, 0.0, 0.0, 0.0]",1.0,36,0.3143549189511773,0.33386604581257984,0.3757487928106995
36061,193070,Mesivtha Tifereth Jerusalem of America,"[1.0, 0.0, 0.0, 0.0, 0.0, 0.0, 0.0, 0.0]",1.0,36,0.3143549189511773,0.33386604581257984,0.4284216653335384
36059,193292,Molloy University,"[0.508, 0.2466, 0.1004, 0.0028, 0.0904, 0.0025, 0.0156, 0.0249]",0.338,36,0.7168762850055306,0.7405986293575854,0.7142416143742975
36071,193353,Mount Saint Mary College,"[0.5246, 0.2599, 0.088, 0.0007, 0.0273, 0.0, 0.0737, 0.0211]",0.3571,36,0.7130714109290279,0.7289905178810276,0.7439947358910347
36005,193399,University of Mount Saint Vincent,"[0.3954, 0.3309, 0.1388, 0.0009, 0.0528, 0.0009, 0.0224, 0.0354]",0.2896,36,0.861576918655107,0.8773233886199683,0.8576432554695627
36055,193584,Nazareth University,"[0.7917, 0.0693, 0.0516, 0.0035, 0.0222, 0.0, 0.0202, 0.0288]",0.636,36,0.4098982499500984,0.4316078394265078,0.23898788942964394
36061,193654,The New School,"[0.3339, 0.1037, 0.0376, 0.0008, 0.1121, 0.0011, 0.0296, 0.0509]",0.1397,36,0.5939713911388129,0.628767165358631,0.7185583414021091
36061,193900,New York University,"[0.2183, 0.1657, 0.0783, 0.0016, 0.2017, 0.0011, 0.0392, 0.0386]",0.125,36,0.7310293258281402,0.779187292478934,0.8493646680514295
36063,193973,Niagara University,"[0.6289, 0.0446, 0.0622, 0.0034, 0.0169, 0.0007, 0.0191, 0.0195]",0.4024,36,0.40016801612899233,0.42363164043127965,0.12549247876875513
36059,194091,New York Institute of Technology,"[0.2147, 0.2229, 0.1177, 0.003, 0.2769, 0.003, 0.0497, 0.039]",0.1903,36,0.74462348381573,0.7956656084524518,0.7906511857214383
36061,194310,Pace University,"[0.4768, 0.2144, 0.0994, 0.0012, 0.0774, 0.0018, 0.0108, 0.0533]",0.2921,36,0.6986933269226929,0.7226460787543202,0.7920680968305476
36033,194392,Paul Smiths College of Arts and Science,"[0.8144, 0.006, 0.0464, 0.021, 0.009, 0.0, 0.0898, 0.0075]",0.6741,36,0.332222797521439,0.35519919788074167,0.04851293473755899
36113,194569,Davis College,"[0.6699, 0.0777, 0.0971, 0.0097, 0.0097, 0.0, 0.0971, 0.0291]",0.4747,36,0.4421478487714796,0.4659021334250356,0.1457615926052088
36047,194578,Pratt Institute-Main,"[0.3267, 0.1065, 0.0422, 0.001, 0.161, 0.0005, 0.0105, 0.0352]",0.1471,36,0.5908577753365177,0.6330918944276298,0.6956057263460956
36047,194657,Rabbinical Academy Mesivta Rabbi Chaim Berlin,"[1.0, 0.0, 0.0, 0.0, 0.0, 0.0, 0.0, 0.0]",1.0,36,0.3143549189511773,0.33386604581257984,0.3757487928106995
36047,194666,Rabbinical College Bobover Yeshiva Bnei Zion,"[1.0, 0.0, 0.0, 0.0, 0.0, 0.0, 0.0, 0.0]",1.0,36,0.3143549189511773,0.33386604581257984,0.3757487928106995
34029,194718,Rabbinical Seminary Mkor Chaim,"[1.0, 0.0, 0.0, 0.0, 0.0, 0.0, 0.0, 0.0]",1.0,34,0.3143549189511773,0.3686217799194913,0.1262415193816448
36081,194763,Rabbinical Seminary of America,"[1.0, 0.0, 0.0, 0.0, 0.0, 0.0, 0.0, 0.0]",1.0,36,0.3143549189511773,0.33386604581257984,0.5780142717167343
36083,194824,Rensselaer Polytechnic Institute,"[0.4266, 0.107, 0.0486, 0.0007, 0.1945, 0.0002, 0.0498, 0.0533]",0.239,36,0.5408720496922749,0.5836934536187903,0.31750358425845654
36055,194958,Roberts Wesleyan University,"[0.666, 0.09, 0.1384, 0.0058, 0.0184, 0.001, 0.0039, 0.0426]",0.473,36,0.4704889849307134,0.49583924200574986,0.3085904956949828
36055,195003,Rochester Institute of Technology,"[0.6199, 0.0915, 0.0518, 0.0014, 0.1169, 0.0004, 0.0238, 0.0503]",0.4121,36,0.4731690063042182,0.5039569075246098,0.3042840003818704
36055,195030,University of Rochester,"[0.4019, 0.0787, 0.046, 0.0009, 0.1621, 0.0009, 0.0271, 0.0408]",0.1985,36,0.5071709037048537,0.5492249931649111,0.3452326602432114
36083,195128,Russell Sage College,"[0.5918, 0.1235, 0.1092, 0.0054, 0.0546, 0.0009, 0.0752, 0.0322]",0.3871,36,0.5285764320313044,0.5559345552374089,0.292561054992623
36009,195164,St Bonaventure University,"[0.7683, 0.0664, 0.0497, 0.0034, 0.0313, 0.0028, 0.0089, 0.0302]",0.5992,36,0.40999914196376847,0.4324284733900569,0.11274937049704166
36047,195173,St. Francis College,"[0.2053, 0.2775, 0.2481, 0.0183, 0.033, 0.0018, 0.0468, 0.0214]",0.1848,36,0.8683683660856248,0.8904154404272644,0.9684274026092378
36089,195216,St Lawrence University,"[0.7582, 0.061, 0.0263, 0.0033, 0.0202, 0.0005, 0.0103, 0.0211]",0.5803,36,0.3978651782704757,0.41840115097393465,0.11154806466239127
36087,195243,St. Thomas Aquinas College,"[0.5039, 0.1693, 0.1742, 0.0049, 0.0246, 0.002, 0.0364, 0.0089]",0.315,36,0.6259690805813172,0.6518702503500778,0.6063267094578166
36119,195304,Sarah Lawrence College,"[0.597, 0.1066, 0.0438, 0.0007, 0.0494, 0.0007, 0.084, 0.0586]",0.3826,36,0.4908164879278337,0.5142621614536794,0.6223477061303964
36059,195438,Sh'or Yoshuv Rabbinical College,"[0.9605, 0.0, 0.0, 0.0, 0.0, 0.0, 0.0, 0.0]",0.9226,36,0.3143549189511773,0.33386604581257984,0.30156134321502276
36001,195474,Siena College,"[0.7612, 0.0856, 0.0379, 0.002, 0.0428, 0.0006, 0.0046, 0.0353]",0.5913,36,0.4316672043942125,0.45374052450508573,0.2246330837881968
36091,195526,Skidmore College,"[0.6334, 0.0995, 0.0441, 0.0011, 0.0554, 0.0007, 0.0182, 0.0565]",0.4196,36,0.47614894381615563,0.49970755094822356,0.2036048593895536
36047,195544,St. Joseph's University-New York,"[0.561, 0.2104, 0.0864, 0.002, 0.0365, 0.0008, 0.0592, 0.0232]",0.3718,36,0.6436798673133195,0.6632310958773092,0.6857045325404196
36055,195720,St. John Fisher University,"[0.8081, 0.0661, 0.0497, 0.0027, 0.0394, 0.0004, 0.013, 0.0153]",0.6618,36,0.4049104994010037,0.42802355368454675,0.23304463189936642
36081,195809,St. John's University-New York,"[0.3923, 0.2171, 0.1405, 0.0011, 0.1624, 0.0012, 0.0103, 0.0444]",0.2492,36,0.7389467132818694,0.7764462755256011,0.9463177580505234
36089,196015,SUNY College of Technology at Canton,"[0.673, 0.1033, 0.1091, 0.0145, 0.0254, 0.0004, 0.0257, 0.0283]",0.4778,36,0.4809037882264745,0.5050425804280562,0.18460536827346472
36025,196024,SUNY College of Technology at Delhi,"[0.588, 0.1773, 0.1525, 0.0028, 0.0199, 0.0008, 0.0277, 0.0281]",0.4024,36,0.601659147267743,0.624700108760604,0.33475672776487875
36095,196033,SUNY College of Agriculture and Technology at Cobleskill,"[0.6973, 0.1234, 0.1009, 0.0023, 0.0192, 0.0006, 0.0209, 0.0237]",0.513,36,0.4969960197883859,0.5192416087667737,0.2145460240723244
36059,196042,Farmingdale State College,"[0.4423, 0.2748, 0.1031, 0.0026, 0.1181, 0.0021, 0.0038, 0.0316]",0.2967,36,0.7813007335749633,0.8063413324364692,0.7841971942065449
36001,196060,University at Albany,"[0.4104, 0.186, 0.2182, 0.0029, 0.093, 0.0007, 0.0126, 0.0424]",0.2612,36,0.6929551648553792,0.7289578776287842,0.5380848454667033
36007,196079,Binghamton University,"[0.5525, 0.1314, 0.0465, 0.0005, 0.1723, 0.0001, 0.0192, 0.0377]",0.3562,36,0.5407357286709158,0.5758749298380529,0.3057669270355332
36029,196088,University at Buffalo,"[0.4571, 0.0866, 0.0872, 0.002, 0.175, 0.0006, 0.0351, 0.0297]",0.2568,36,0.5112915426408187,0.5552845624388837,0.3021137603753702
36103,196097,Stony Brook University,"[0.2748, 0.1487, 0.0603, 0.0007, 0.3399, 0.0006, 0.0524, 0.0276]",0.2203,36,0.5740842288599484,0.6323683668649356,0.5484158044092614
36067,196103,SUNY College of Environmental Science and Forestry,"[0.7756, 0.0823, 0.0256, 0.0019, 0.0281, 0.0006, 0.0287, 0.0387]",0.6121,36,0.42190370026180785,0.44238996386830143,0.18825023733995996
36065,196112,SUNY Polytechnic Institute,"[0.6852, 0.1064, 0.0778, 0.0032, 0.0799, 0.0011, 0.0027, 0.0319]",0.4943,36,0.4810015936165899,0.5081714484018242,0.24871775466598772
36055,196121,SUNY Brockport,"[0.6953, 0.0885, 0.1187, 0.0029, 0.0257, 0.0, 0.0364, 0.0268]",0.5081,36,0.459482350252497,0.484863576627849,0.2950547095270131
36029,196130,SUNY Buffalo State University,"[0.4622, 0.1225, 0.3019, 0.0045, 0.0642, 0.0006, 0.0009, 0.038]",0.3254,36,0.5695780372532658,0.6089730602742381,0.38838124292433546
36023,196149,State University of New York at Cortland,"[0.7488, 0.1276, 0.0482, 0.0012, 0.0139, 0.0005, 0.0308, 0.0239]",0.581,36,0.4794927389473679,0.4983651742998824,0.21033571002669962
36013,196158,SUNY at Fredonia,"[0.7354, 0.1065, 0.0727, 0.005, 0.0147, 0.0, 0.0125, 0.0388]",0.5593,36,0.4645847660384175,0.48530353926585984,0.25498389754356926
36051,196167,SUNY College at Geneseo,"[0.81, 0.0672, 0.037, 0.0032, 0.0341, 0.0015, 0.0302, 0.0096]",0.6642,36,0.4022958235592181,0.42449704900471785,0.1337033262857981
36111,196176,State University of New York at New Paltz,"[0.5891, 0.2317, 0.0699, 0.0002, 0.0436, 0.0008, 0.0212, 0.0321]",0.409,36,0.6547599424335583,0.6725346750945622,0.5093890511373906
36077,196185,SUNY Oneonta,"[0.6968, 0.1718, 0.0503, 0.0047, 0.0196, 0.0004, 0.034, 0.0202]",0.5195,36,0.5420148391743411,0.5596608865073172,0.28606584865414453
36075,196194,State University of New York at Oswego,"[0.6473, 0.1365, 0.1131, 0.0012, 0.0255, 0.0005, 0.0035, 0.0364]",0.4524,36,0.5292028172620342,0.5520294701052645,0.24060562613251546
36089,196200,SUNY College at Potsdam,"[0.7228, 0.102, 0.077, 0.0149, 0.0168, 0.0005, 0.0241, 0.0332]",0.541,36,0.46255648299068586,0.48396544757344345,0.1725861480408057
36119,196219,SUNY at Purchase College,"[0.4902, 0.2643, 0.1282, 0.0003, 0.0403, 0.0007, 0.0043, 0.059]",0.3317,36,0.7469890914710764,0.7652491904428992,0.844929947665495
36059,196237,SUNY Old Westbury,"[0.2534, 0.3103, 0.2571, 0.0034, 0.1213, 0.0018, 0.0134, 0.0279]",0.2423,36,0.8709617350902532,0.9028598084198135,0.8736402335409472
36019,196246,State University of New York at Plattsburgh,"[0.6311, 0.1404, 0.1154, 0.0046, 0.0257, 0.0018, 0.0189, 0.0219]",0.4328,36,0.5382798449668668,0.5614034561611876,0.2615466401513191
36047,196255,SUNY Downstate Health Sciences University,"[0.3617, 0.1312, 0.1915, 0.0, 0.2163, 0.0, 0.0674, 0.0213]",0.2365,36,0.6042984333036521,0.6592107016539779,0.8056468212584316
36091,196264,Empire State University,"[0.5036, 0.1564, 0.1582, 0.0038, 0.0289, 0.0016, 0.1147, 0.0283]",0.3179,36,0.6004155613672767,0.6271781581820779,0.3248483452623971
36005,196291,SUNY Maritime College,"[0.6747, 0.1526, 0.0542, 0.0008, 0.0449, 0.0, 0.0325, 0.024]",0.4851,36,0.53030834779273,0.5513538933008058,0.920979460104103
36067,196307,Upstate Medical University,"[0.707, 0.051, 0.0828, 0.0, 0.0573, 0.0, 0.0573, 0.0255]",0.5165,36,0.40732573756061474,0.4353683953015274,0.16856149184994998
36067,196413,Syracuse University,"[0.5463, 0.1107, 0.0707, 0.0053, 0.0718, 0.0008, 0.022, 0.0417]",0.3231,36,0.5227921076498514,0.5501475290561901,0.29472625822177556
36047,196431,Talmudical Seminary Oholei Torah,"[0.9107, 0.0, 0.0, 0.0, 0.0, 0.0, 0.0, 0.0]",0.8294,36,0.3143549189511773,0.33386604581257984,0.3757487928106995
36055,196440,Talmudical Institute of Upstate New York,"[0.9286, 0.0, 0.0, 0.0, 0.0, 0.0, 0.0, 0.0]",0.8623,36,0.3143549189511773,0.33386604581257984,0.13843126286798027
36085,196583,Torah Temimah Talmudical Seminary,"[0.9552, 0.0, 0.0, 0.0, 0.0, 0.0, 0.0, 0.0]",0.9124,36,0.3143549189511773,0.33386604581257984,0.3189130934026325
36061,196592,Touro University,"[0.5753, 0.1064, 0.1353, 0.001, 0.026, 0.0012, 0.1203, 0.0125]",0.3759,36,0.5044167366659178,0.5317795515701649,0.609372422464526
36001,196680,Excelsior University,"[0.59, 0.1294, 0.1821, 0.0054, 0.0276, 0.0055, 0.007, 0.0404]",0.4005,36,0.545451665739729,0.5729212120199296,0.3536176310678752
36093,196866,Union College,"[0.6678, 0.0871, 0.0438, 0.001, 0.065, 0.0005, 0.0005, 0.0332]",0.4608,36,0.4522623173407745,0.4770712381781221,0.260861610437533
36047,197018,United Talmudical Seminary,"[0.9539, 0.001, 0.0, 0.0, 0.0, 0.0, 0.0, 0.0]",0.9099,36,0.31532177715358817,0.3348057061334037,0.37648734599217926
36059,197027,United States Merchant Marine Academy,"[0.783, 0.0634, 0.0172, 0.0032, 0.0473, 0.0043, 0.0043, 0.0773]",0.6257,36,0.4014165944302428,0.42319725842392897,0.3914219861807958
36071,197036,United States Military Academy,"[0.6199, 0.1259, 0.1114, 0.0088, 0.0952, 0.0062, 0.0016, 0.0173]",0.422,36,0.527450968863244,0.557854178674447,0.5525553577660886
36065,197045,Utica University,"[0.6726, 0.0887, 0.0954, 0.0067, 0.04, 0.002, 0.0633, 0.023]",0.4755,36,0.4603533340136807,0.4862641240478187,0.22512109980326891
36027,197133,Vassar College,"[0.5407, 0.121, 0.0391, 0.0004, 0.1214, 0.0, 0.0226, 0.0823]",0.3305,36,0.5324350118789486,0.5621714267200877,0.4255452880668464
36029,197142,Villa Maria College,"[0.4505, 0.0989, 0.3209, 0.0022, 0.0352, 0.0, 0.0066, 0.0857]",0.3243,36,0.5328964042677561,0.570712410782849,0.3535773288902386
36061,197151,School of Visual Arts,"[0.1566, 0.0856, 0.0307, 0.0006, 0.1578, 0.0, 0.0208, 0.0051]",0.0582,36,0.6199036216594822,0.6736055591654243,0.7602872376394172
36085,197197,Wagner College,"[0.5913, 0.1426, 0.0713, 0.0013, 0.0446, 0.0006, 0.0522, 0.0318]",0.3808,36,0.5474953507177822,0.5703548457152963,0.551408081680611
36059,197221,Webb Institute,"[0.7451, 0.0882, 0.0, 0.0, 0.049, 0.0, 0.049, 0.0686]",0.5725,36,0.4296615213328451,0.4504116070356399,0.42096266944554783
36119,197285,The College of Westchester,"[0.0701, 0.4892, 0.3774, 0.0, 0.0148, 0.0013, 0.0296, 0.0175]",0.3881,36,0.8806382982644396,0.8893653261092742,0.859850597742582
36047,197601,Yeshiva Karlin Stolin,"[1.0, 0.0, 0.0, 0.0, 0.0, 0.0, 0.0, 0.0]",1.0,36,0.3143549189511773,0.33386604581257984,0.3757487928106995
36071,197674,Yeshiva of Nitra Rabbinical College,"[1.0, 0.0, 0.0, 0.0, 0.0, 0.0, 0.0, 0.0]",1.0,36,0.3143549189511773,0.33386604581257984,0.3547517367904969
36081,197692,Yeshivath Shaar Hatorah,"[1.0, 0.0, 0.0, 0.0, 0.0, 0.0, 0.0, 0.0]",1.0,36,0.3143549189511773,0.33386604581257984,0.5780142717167343
36061,197708,Yeshiva University,"[0.6362, 0.0213, 0.0011, 0.0007, 0.0011, 0.0, 0.2684, 0.0035]",0.4773,36,0.3219221237724461,0.3425510612097812,0.42713951172552556
36087,197735,Yeshivath Viznitz,"[0.9769, 0.0, 0.0, 0.0, 0.0, 0.0, 0.0, 0.0]",0.9543,36,0.3143549189511773,0.33386604581257984,0.3016476954430415
37189,197869,Appalachian State University,"[0.8111, 0.0825, 0.0318, 0.0015, 0.0166, 0.0001, 0.0061, 0.0456]",0.6681,37,0.4181606502767745,0.2747227120403891,0.1824237238343474
37195,197911,Barton College,"[0.5686, 0.1126, 0.2412, 0.0028, 0.0047, 0.0, 0.0057, 0.0189]",0.3946,37,0.5264662905779491,0.4386414493319429,0.5479802548619137
37071,197984,Belmont Abbey College,"[0.6518, 0.058, 0.0991, 0.0035, 0.0149, 0.0028, 0.1097, 0.0212]",0.4508,37,0.41879936716470023,0.2912046034952996,0.24411638576998068
37081,197993,Bennett College,"[0.0, 0.0179, 0.5536, 0.006, 0.0, 0.0, 0.2024, 0.1786]",0.3797,37,0.2211116416313969,0.326619310162106,0.5508296182261022
37175,198066,Brevard College,"[0.6525, 0.0739, 0.1218, 0.0137, 0.0109, 0.0, 0.0041, 0.0643]",0.4505,37,0.45007445018868,0.3267900746054127,0.17843862767932514
37085,198136,Campbell University,"[0.5922, 0.1139, 0.1514, 0.0031, 0.0225, 0.0017, 0.0413, 0.0467]",0.391,37,0.5211294869021559,0.4086103299889387,0.4620468772521037
37159,198215,Catawba College,"[0.5428, 0.0985, 0.198, 0.0019, 0.0065, 0.0009, 0.0474, 0.0418]",0.3476,37,0.5144294476275018,0.417960515069063,0.37943067365057503
37091,198303,Chowan University,"[0.1963, 0.0363, 0.5263, 0.0113, 0.0025, 0.0013, 0.1388, 0.0213]",0.3367,37,0.34329392135209297,0.40099803908072335,0.8602865125035111
37119,198385,Davidson College,"[0.6207, 0.0973, 0.064, 0.0016, 0.0531, 0.0, 0.0114, 0.0536]",0.4047,37,0.48070383128014715,0.3446678823909669,0.45518994683060854
37063,198419,Duke University,"[0.3699, 0.1102, 0.0857, 0.0026, 0.2122, 0.0006, 0.0441, 0.0749]",0.2089,37,0.5681985691533622,0.45090663651053214,0.5703184995568612
37147,198464,East Carolina University,"[0.6417, 0.0927, 0.1605, 0.0048, 0.0261, 0.0009, 0.0303, 0.0375]",0.4492,37,0.48236823457105027,0.3675529460648352,0.36875532400350114
37139,198507,Elizabeth City State University,"[0.1606, 0.045, 0.7061, 0.0058, 0.0026, 0.0, 0.0126, 0.0575]",0.5299,37,0.31845374103320734,0.40128940353397663,0.6084293673034127
37001,198516,Elon University,"[0.7903, 0.0639, 0.0573, 0.0013, 0.0234, 0.0002, 0.0107, 0.0312]",0.6336,37,0.4054566285152637,0.26535143675801637,0.32034194288045115
37051,198543,Fayetteville State University,"[0.1704, 0.0897, 0.6251, 0.013, 0.0107, 0.0017, 0.0224, 0.0613]",0.4324,37,0.3980563668027408,0.47297143249416007,0.7919532137035836
37045,198561,Gardner-Webb University,"[0.5362, 0.0431, 0.1717, 0.0072, 0.0094, 0.0028, 0.2032, 0.0248]",0.3609,37,0.4087583589600615,0.3091808959852916,0.20020785352959114
37081,198598,Greensboro College,"[0.4604, 0.0872, 0.3166, 0.0016, 0.0048, 0.0016, 0.0533, 0.0727]",0.328,37,0.5092685029002074,0.45573511181319337,0.5747619507395703
37081,198613,Guilford College,"[0.4393, 0.1605, 0.3043, 0.0029, 0.0235, 0.0, 0.0088, 0.0509]",0.3146,37,0.6244861729925032,0.5729694053432923,0.6730360162507807
37085,198677,Heritage Bible College,"[0.4615, 0.0385, 0.5, 0.0, 0.0, 0.0, 0.0, 0.0]",0.4645,37,0.4059345313178497,0.39304587607976815,0.43453915905035856
37081,198695,High Point University,"[0.7676, 0.0759, 0.0655, 0.0048, 0.0197, 0.0002, 0.0258, 0.029]",0.6012,37,0.4229171899193611,0.28507992405442445,0.29309482596203085
37119,198756,Johnson C Smith University,"[0.0067, 0.0077, 0.7666, 0.0067, 0.0029, 0.0029, 0.1988, 0.0019]",0.6274,37,0.20023945455597894,0.3139695231981736,0.5169343493225148
37189,198808,Lees-McRae College,"[0.7412, 0.0703, 0.0691, 0.0059, 0.0129, 0.0, 0.048, 0.0141]",0.5618,37,0.4185529201128895,0.2821799049242843,0.1763790353476052
37035,198835,Lenoir-Rhyne University,"[0.6238, 0.0388, 0.15, 0.005, 0.0215, 0.0, 0.0158, 0.0919]",0.4223,37,0.4137999446267818,0.2966702954037429,0.23380404602076152
37159,198862,Livingstone College,"[0.0167, 0.0036, 0.8975, 0.0024, 0.0012, 0.0, 0.0369, 0.0358]",0.8084,37,0.20439441023084143,0.3203718620935554,0.22710234527425469
37115,198899,Mars Hill University,"[0.6388, 0.0929, 0.1745, 0.0102, 0.0082, 0.002, 0.0082, 0.0122]",0.4475,37,0.4810056358515586,0.3705759828061942,0.17928304392033162
37183,198950,Meredith College,"[0.6461, 0.1314, 0.0927, 0.0085, 0.0502, 0.0023, 0.034, 0.0201]",0.4475,37,0.5210606904546815,0.39209050281132746,0.4129808352351142
37051,198969,Methodist University,"[0.4785, 0.0832, 0.2316, 0.0111, 0.0104, 0.0021, 0.1068, 0.0146]",0.3014,37,0.5002004661594692,0.42092777974670936,0.5765051340257287
37021,199032,Montreat College,"[0.5429, 0.0343, 0.1042, 0.0098, 0.0098, 0.0061, 0.2512, 0.0184]",0.3704,37,0.37236259182384196,0.2589876406765111,0.16248709913079967
37191,199069,University of Mount Olive,"[0.5303, 0.1015, 0.2472, 0.0067, 0.005, 0.0017, 0.014, 0.0527]",0.3557,37,0.5230280722770064,0.4408022232621179,0.5393261395724394
37081,199102,North Carolina A & T State University,"[0.0339, 0.0447, 0.851, 0.0028, 0.0054, 0.0003, 0.0146, 0.0434]",0.7295,37,0.25626911197408336,0.3691235858265874,0.6135886876197997
37021,199111,University of North Carolina Asheville,"[0.7467, 0.0849, 0.0474, 0.0029, 0.0178, 0.0004, 0.0403, 0.0474]",0.5712,37,0.4330413590107445,0.29296763304617374,0.21969465544360856
37135,199120,University of North Carolina at Chapel Hill,"[0.5485, 0.096, 0.0835, 0.0031, 0.1389, 0.0005, 0.0244, 0.0512]",0.3396,37,0.504024512698235,0.371459536938461,0.36631877474148994
37119,199139,University of North Carolina at Charlotte,"[0.5124, 0.1359, 0.163, 0.0029, 0.0966, 0.0005, 0.0189, 0.0488]",0.3197,37,0.584087984400235,0.47777538132287595,0.6140694308866089
37081,199148,University of North Carolina at Greensboro,"[0.4046, 0.1573, 0.2976, 0.0025, 0.0581, 0.001, 0.0131, 0.0537]",0.2834,37,0.635968139539467,0.586939480713052,0.6927216372061995
37063,199157,North Carolina Central University,"[0.0425, 0.0535, 0.8238, 0.0041, 0.0092, 0.0004, 0.0129, 0.0514]",0.6862,37,0.27204045627198015,0.38279858163894914,0.6673621823354507
37067,199184,University of North Carolina School of the Arts,"[0.6197, 0.1377, 0.0984, 0.0011, 0.0262, 0.0011, 0.0186, 0.0699]",0.4186,37,0.5377721079869251,0.41289198450422393,0.4795746497724228
37183,199193,North Carolina State University at Raleigh,"[0.6753, 0.081, 0.0587, 0.0035, 0.0921, 0.0007, 0.0158, 0.046]",0.4769,37,0.44910448908577816,0.3084278654507538,0.3364206237288797
37127,199209,North Carolina Wesleyan University,"[0.2691, 0.0282, 0.3978, 0.0133, 0.0033, 0.0008, 0.098, 0.0482]",0.2436,37,0.3878980552841757,0.402339432573063,0.6135306400780971
37129,199218,University of North Carolina Wilmington,"[0.7869, 0.0827, 0.0442, 0.0044, 0.0188, 0.0009, 0.016, 0.0345]",0.6298,37,0.42382081153407813,0.2824435863371878,0.21446162479477685
37183,199272,William Peace University,"[0.5406, 0.1281, 0.2422, 0.0031, 0.0203, 0.0, 0.0047, 0.0531]",0.3706,37,0.5586646817770242,0.4739331248661879,0.485241330768054
37155,199281,University of North Carolina at Pembroke,"[0.3667, 0.1062, 0.2801, 0.1333, 0.0088, 0.0013, 0.0119, 0.0705]",0.2472,37,0.55117756288558,0.5101189150881336,0.7008885119266934
37167,199306,Pfeiffer University,"[0.5739, 0.1157, 0.2152, 0.0059, 0.0015, 0.0015, 0.0044, 0.06]",0.3927,37,0.5308045686554476,0.4365241838629898,0.29277630613276995
37119,199412,Queens University of Charlotte,"[0.5242, 0.1376, 0.1353, 0.0015, 0.0354, 0.0008, 0.0331, 0.0015]",0.3144,37,0.5732836402623658,0.46227736876239317,0.5839752706261836
37139,199458,Mid-Atlantic Christian University,"[0.576, 0.088, 0.208, 0.008, 0.008, 0.0, 0.0, 0.024]",0.3835,37,0.491894336019688,0.3940123375289264,0.38486902852566207
37183,199582,Saint Augustine's University,"[0.0149, 0.0032, 0.9541, 0.0192, 0.0043, 0.0021, 0.0021, 0.0]",0.9109,37,0.20072476355052302,0.3174994955671701,0.30006276656607594
37067,199607,Salem College,"[0.5076, 0.1964, 0.1571, 0.003, 0.0181, 0.0, 0.0181, 0.0937]",0.3304,37,0.6592589190659117,0.561374790443733,0.6274563327737108
37183,199643,Shaw University,"[0.0316, 0.0076, 0.6492, 0.0033, 0.0131, 0.0033, 0.122, 0.0839]",0.4446,37,0.22409290110258917,0.33147022757910555,0.31757501521111925
37165,199698,St. Andrews University,"[0.2756, 0.0974, 0.1756, 0.0231, 0.0167, 0.0, 0.3269, 0.0308]",0.2249,37,0.4570249422704094,0.41393405857971016,0.4439612315598676
37183,199759,Southeastern Baptist Theological Seminary,"[0.7795, 0.0568, 0.0699, 0.0066, 0.0175, 0.0, 0.0677, 0.0]",0.6207,37,0.3974788029168816,0.2602410582081344,0.27861906205510734
37067,199847,Wake Forest University,"[0.6594, 0.0883, 0.0621, 0.0006, 0.0417, 0.0, 0.0079, 0.0545]",0.4512,37,0.4588539627207484,0.32171635385094405,0.3884869358724029
37021,199865,Warren Wilson College,"[0.7719, 0.0789, 0.0502, 0.0029, 0.01, 0.0014, 0.0158, 0.0402]",0.6066,37,0.4221902209384978,0.28231901956761174,0.20823529933060525
37063,199883,Watts College of Nursing,"[0.5644, 0.0368, 0.2515, 0.0, 0.0552, 0.0061, 0.0552, 0.0307]",0.3902,37,0.4280111262053766,0.33765015625146283,0.5488633334989876
37179,199962,Wingate University,"[0.4424, 0.0841, 0.2348, 0.0028, 0.0187, 0.0004, 0.0399, 0.0941]",0.2687,37,0.5208853151748946,0.44670571940580384,0.39584307385521783
37067,199971,Carolina Christian College,"[0.0, 0.0213, 0.9362, 0.0, 0.0, 0.0, 0.0, 0.0426]",0.8787,37,0.21579960393741768,0.3348717650375379,0.4206124318482272
37067,199999,Winston-Salem State University,"[0.0625, 0.0438, 0.8107, 0.0038, 0.0088, 0.0004, 0.0214, 0.0409]",0.6653,37,0.2691371770006511,0.3760083107997416,0.46481084063481526
37099,200004,Western Carolina University,"[0.7695, 0.0797, 0.0615, 0.0093, 0.0132, 0.0014, 0.0113, 0.0362]",0.604,37,0.4259594198838405,0.2878804493984195,0.20522163704228008
38089,200059,Dickinson State University,"[0.7718, 0.0732, 0.0331, 0.0148, 0.0105, 0.0026, 0.0087, 0.0523]",0.6053,38,0.4127828568368699,0.1517859139832192,0.17770023423596507
38093,200156,University of Jamestown,"[0.7252, 0.094, 0.0362, 0.0072, 0.0114, 0.0021, 0.0124, 0.03]",0.5373,38,0.44317895601020973,0.18417479541098786,0.1607919395353585
38015,200217,University of Mary,"[0.792, 0.0, 0.0242, 0.014, 0.0149, 0.0023, 0.127, 0.0256]",0.6451,38,0.32110315170026044,0.056142764065141924,0.0393741558900847
38097,200226,Mayville State University,"[0.7849, 0.0522, 0.0469, 0.0143, 0.0026, 0.0, 0.0026, 0.06]",0.6248,38,0.3899478290940003,0.12473957190949313,0.10930875530894468
38101,200253,Minot State University,"[0.6628, 0.0849, 0.0397, 0.0249, 0.0157, 0.0037, 0.0055, 0.0604]",0.4526,38,0.44596979835904593,0.18634535241859607,0.21637143667234607
38035,200280,University of North Dakota,"[0.7902, 0.0531, 0.0243, 0.0103, 0.0221, 0.0009, 0.011, 0.0473]",0.6308,38,0.38708449769504644,0.12394430866514056,0.13457520964143707
38017,200332,North Dakota State University-Main Campus,"[0.8637, 0.0311, 0.0306, 0.005, 0.0143, 0.0004, 0.0067, 0.041]",0.7498,38,0.3582379159960549,0.0922400849171037,0.08270821356491861
38021,200484,Trinity Bible College and Graduate School,"[0.7394, 0.0423, 0.0563, 0.0282, 0.0352, 0.0, 0.0141, 0.0845]",0.561,38,0.38920179362598506,0.11939348270573004,0.10358188633385598
38003,200572,Valley City State University,"[0.8053, 0.0678, 0.0284, 0.0033, 0.0066, 0.0098, 0.0022, 0.0525]",0.6568,38,0.4013581612714538,0.14007678249765834,0.1048879899123773
39153,200800,University of Akron Main Campus,"[0.7159, 0.0371, 0.1235, 0.0013, 0.0411, 0.0006, 0.0198, 0.0458]",0.5333,39,0.39715934857639756,0.1385848352647886,0.1213315771566833
39169,200846,University of Akron Wayne College,"[0.8581, 0.0372, 0.0405, 0.0, 0.0169, 0.0, 0.0152, 0.0287]",0.7407,39,0.3665132790578357,0.10970085772722496,0.07111151625508032
39029,200873,Allegheny Wesleyan College,"[0.9221, 0.0, 0.026, 0.026, 0.0, 0.013, 0.0, 0.0]",0.8518,39,0.3198335708456624,0.06179561795099459,0.01938576582053076
39061,201061,Art Academy of Cincinnati,"[0.6255, 0.0386, 0.2124, 0.0, 0.0193, 0.0, 0.0309, 0.0656]",0.4435,39,0.4195478891999467,0.16842799733260447,0.2396976938477512
39005,201104,Ashland University,"[0.7719, 0.0322, 0.0866, 0.006, 0.0111, 0.0013, 0.0407, 0.0262]",0.6069,39,0.37502412617229874,0.11777483320149737,0.06096256346806747
39151,201177,Aultman College of Nursing and Health Sciences,"[0.8408, 0.0245, 0.0571, 0.0082, 0.0204, 0.0, 0.0082, 0.0408]",0.713,39,0.35838469375281834,0.09989582174592965,0.07189376426858225
39035,201195,Baldwin Wallace University,"[0.7784, 0.0691, 0.0687, 0.0011, 0.0214, 0.0004, 0.0022, 0.0543]",0.6188,39,0.41597610968053955,0.16173035201332825,0.22372324506141217
39003,201371,Bluffton University,"[0.7273, 0.0277, 0.1341, 0.0015, 0.0046, 0.0, 0.0508, 0.0262]",0.551,39,0.3806051932359378,0.12420745907720553,0.10700376805847699
39173,201441,Bowling Green State University-Main Campus,"[0.8008, 0.0488, 0.0673, 0.0013, 0.0117, 0.0007, 0.0236, 0.0337]",0.65,39,0.3884613233979019,0.13268684645170153,0.13766402532316266
39049,201548,Capital University,"[0.6987, 0.0604, 0.116, 0.0016, 0.0262, 0.0, 0.0084, 0.0714]",0.5111,39,0.426408625596873,0.17176660367399116,0.2500097021409875
39035,201645,Case Western Reserve University,"[0.3619, 0.1156, 0.065, 0.0007, 0.2534, 0.0005, 0.01, 0.0542]",0.2158,39,0.5605992111285696,0.33598331571933804,0.39882680009502497
39057,201654,Cedarville University,"[0.8655, 0.0296, 0.0135, 0.001, 0.0317, 0.0003, 0.0055, 0.028]",0.752,39,0.3538523174734355,0.0962216604301114,0.07700596570339656
39057,201690,Central State University,"[0.2608, 0.1201, 0.3307, 0.0052, 0.0234, 0.0, 0.1918, 0.0465]",0.2313,39,0.5471874833628139,0.3955298882483877,0.33641486747380867
39061,201821,The Christ College of Nursing and Health Sciences,"[0.7395, 0.0291, 0.1488, 0.0012, 0.0326, 0.0012, 0.0395, 0.0081]",0.5725,39,0.38569660243815795,0.12751370694269779,0.1740375435547031
39061,201867,Cincinnati College of Mortuary Science,"[0.8022, 0.033, 0.0769, 0.0, 0.0, 0.0, 0.0659, 0.022]",0.6554,39,0.3697989329024103,0.11393789101690713,0.13883384902015042
39061,201885,University of Cincinnati-Main Campus,"[0.7141, 0.0416, 0.0761, 0.0013, 0.0534, 0.0005, 0.0203, 0.0434]",0.5226,39,0.3949659023344749,0.13585786442070738,0.1629597787700143
39129,201964,Ohio Christian University,"[0.6372, 0.0441, 0.2056, 0.0022, 0.0118, 0.0054, 0.0635, 0.0301]",0.4554,39,0.42105416196218015,0.17060433386800206,0.0963423947619812
39035,202046,Cleveland Institute of Art,"[0.68, 0.0974, 0.0974, 0.0, 0.0278, 0.0017, 0.0035, 0.0783]",0.4883,39,0.47237424939456496,0.22259604540361103,0.29411819862736244
39035,202073,Cleveland Institute of Music,"[0.4639, 0.0773, 0.0258, 0.0206, 0.201, 0.0, 0.0103, 0.0515]",0.2654,39,0.4750142844730265,0.22550200180739172,0.2743393825158028
39035,202134,Cleveland State University,"[0.604, 0.0856, 0.1668, 0.0026, 0.0396, 0.0012, 0.0112, 0.0408]",0.4033,39,0.4840307187684017,0.23470383763511588,0.3417502878707052
39049,202170,Columbus College of Art & Design,"[0.659, 0.0774, 0.1109, 0.0, 0.0397, 0.0, 0.0408, 0.0523]",0.4585,39,0.45389062058985247,0.20080015363190226,0.2782271581491864
39113,202480,University of Dayton,"[0.7911, 0.0709, 0.0508, 0.001, 0.0162, 0.0008, 0.0072, 0.0325]",0.6348,39,0.41112849362396153,0.15752970400097785,0.1624929275790821
39039,202514,Defiance College,"[0.6381, 0.0753, 0.2594, 0.0021, 0.0021, 0.0, 0.0021, 0.0209]",0.4806,39,0.46374863495141905,0.22119022767447277,0.22744613688627158
39089,202523,Denison University,"[0.6089, 0.0707, 0.0569, 0.0, 0.0337, 0.0004, 0.0195, 0.0403]",0.3821,39,0.44248266124750957,0.18912883460672927,0.14924847959854007
39063,202763,The University of Findlay,"[0.7377, 0.0199, 0.0545, 0.0031, 0.016, 0.0004, 0.1165, 0.0244]",0.562,39,0.3532500865033707,0.0973563547916692,0.09342103569729485
39049,202806,Franklin University,"[0.5796, 0.0842, 0.1917, 0.0088, 0.027, 0.0023, 0.0666, 0.0375]",0.3864,39,0.48636929066243373,0.24123846251495165,0.34147861882731934
39147,203085,Heidelberg University,"[0.8072, 0.0296, 0.1051, 0.0033, 0.0044, 0.0, 0.0164, 0.0285]",0.6646,39,0.3725171482715431,0.11525179595909647,0.10058674949696932
39133,203128,Hiram College,"[0.4803, 0.0923, 0.0977, 0.0, 0.0054, 0.0, 0.2944, 0.019]",0.3358,39,0.44705181368041574,0.23568508742424482,0.19314944229052278
39035,203368,John Carroll University,"[0.8418, 0.045, 0.0454, 0.0008, 0.0284, 0.0, 0.0064, 0.0246]",0.7142,39,0.37771694415110485,0.12074566087728601,0.1768384757853271
39133,203517,Kent State University at Kent,"[0.7497, 0.043, 0.0906, 0.0015, 0.022, 0.0006, 0.0215, 0.0399]",0.5746,39,0.3926055250952316,0.13553414931025048,0.09185009145393745
39083,203535,Kenyon College,"[0.6638, 0.0762, 0.0293, 0.0, 0.0448, 0.0005, 0.0128, 0.0543]",0.4524,39,0.4348156671441611,0.18160237977271534,0.13744381775055503
39113,203544,Kettering College,"[0.6661, 0.0542, 0.1031, 0.0, 0.035, 0.0035, 0.0315, 0.0175]",0.4598,39,0.4186976512944698,0.1625254494307872,0.17982219035840613
39085,203580,Lake Erie College,"[0.6344, 0.071, 0.1375, 0.0196, 0.0045, 0.003, 0.0574, 0.0302]",0.431,39,0.4484556166747909,0.19845316799502716,0.17705207518944774
39095,203757,Lourdes University,"[0.741, 0.0307, 0.1642, 0.0027, 0.012, 0.004, 0.0454, 0.0]",0.5792,39,0.3867623305922946,0.13077305926524369,0.20399854143854357
39151,203775,Malone University,"[0.7359, 0.033, 0.0733, 0.0012, 0.0134, 0.0, 0.0929, 0.0281]",0.5576,39,0.3746054089817238,0.11887916155031554,0.08928768275666248
39167,203845,Marietta College,"[0.8205, 0.031, 0.0432, 0.0, 0.0066, 0.0009, 0.0244, 0.0517]",0.6794,39,0.3627880950077143,0.10624671389522371,0.053555918579659724
39095,203960,Mercy College of Ohio,"[0.7188, 0.0759, 0.1429, 0.0018, 0.0172, 0.0009, 0.0009, 0.0416]",0.5449,39,0.4440651213558907,0.19173441713874018,0.26104690253603585
39017,204006,Miami University-Hamilton,"[0.7075, 0.0479, 0.078, 0.0015, 0.0339, 0.0015, 0.0232, 0.0426]",0.5124,39,0.4019921602007165,0.1448238596535755,0.16827258085192132
39017,204015,Miami University-Middletown,"[0.7294, 0.0338, 0.0581, 0.0032, 0.0148, 0.0011, 0.0201, 0.0433]",0.5391,39,0.3759942163485688,0.11888013371851851,0.14321815906568283
39017,204024,Miami University-Oxford,"[0.802, 0.048, 0.0295, 0.002, 0.0255, 0.0003, 0.0066, 0.0374]",0.6485,39,0.38120983851600876,0.1251498470004455,0.1516994168023179
39049,204176,Mount Carmel College of Nursing,"[0.6306, 0.0255, 0.2357, 0.0064, 0.0589, 0.0016, 0.0064, 0.035]",0.4586,39,0.40607506125268933,0.15179348071145593,0.2670056644254131
39151,204185,University of Mount Union,"[0.775, 0.03, 0.0691, 0.0016, 0.0118, 0.0, 0.0686, 0.0182]",0.6115,39,0.36760393502944494,0.11083816955477536,0.08167527333248287
39083,204194,Mount Vernon Nazarene University,"[0.8764, 0.0277, 0.0236, 0.0034, 0.0074, 0.0014, 0.0155, 0.0385]",0.7712,39,0.35182533318430587,0.09525953010604561,0.05410963646243345
39061,204200,Mount St. Joseph University,"[0.7589, 0.0431, 0.1234, 0.001, 0.0134, 0.0, 0.0077, 0.0526]",0.596,39,0.39739563525347965,0.14114451895969027,0.17907427516494198
39119,204264,Muskingum University,"[0.8099, 0.023, 0.0794, 0.0021, 0.0077, 0.0, 0.0237, 0.0446]",0.6654,39,0.36154912352903423,0.10363500030340754,0.048849305020429924
39093,204501,Oberlin College,"[0.6149, 0.082, 0.0455, 0.0, 0.0516, 0.0, 0.0121, 0.0954]",0.3988,39,0.45742750547817124,0.20605357108809078,0.2777816689600054
39049,204617,Ohio Dominican University,"[0.5346, 0.0667, 0.2491, 0.0088, 0.0138, 0.0, 0.034, 0.044]",0.3557,39,0.47283752959887765,0.23329217806459793,0.352653421233715
39065,204635,Ohio Northern University,"[0.8068, 0.0021, 0.0308, 0.0025, 0.0162, 0.0025, 0.072, 0.0525]",0.6601,39,0.32869851915438186,0.07013340072737521,0.03001431431855977
39003,204671,Ohio State University-Lima Campus,"[0.7962, 0.0438, 0.0534, 0.0, 0.0219, 0.0014, 0.0328, 0.0506]",0.6428,39,0.3823987952396078,0.1258206762046274,0.10879114803975279
39049,204796,Ohio State University-Main Campus,"[0.6325, 0.0539, 0.0775, 0.0005, 0.0906, 0.0005, 0.0303, 0.0446]",0.4201,39,0.42452931661307886,0.16537114333084674,0.24063844613905677
39013,204802,Ohio University-Eastern Campus,"[0.8785, 0.0139, 0.0243, 0.0069, 0.0069, 0.0, 0.0278, 0.0347]",0.7746,39,0.3373032099764974,0.07971388932444924,0.03207492607242611
39141,204820,Ohio University-Chillicothe Campus,"[0.8588, 0.0224, 0.0303, 0.0, 0.0013, 0.0, 0.0383, 0.0462]",0.7426,39,0.348028344879337,0.09148812815537334,0.04609948918616293
39009,204857,Ohio University-Main Campus,"[0.8144, 0.0443, 0.0551, 0.0009, 0.0159, 0.0006, 0.0207, 0.0365]",0.6703,39,0.3805130549309593,0.12416667051046924,0.08650369493323691
39119,204866,Ohio University-Zanesville Campus,"[0.8643, 0.0125, 0.0321, 0.0, 0.0107, 0.0054, 0.0321, 0.0375]",0.7508,39,0.3383017860146619,0.08021428476175799,0.0322303077921298
39041,204909,Ohio Wesleyan University,"[0.7173, 0.055, 0.0692, 0.0007, 0.0321, 0.0021, 0.0107, 0.0457]",0.5256,39,0.4077841505116263,0.1515337185380288,0.12742652810449306
39049,204936,Otterbein University,"[0.733, 0.0629, 0.0944, 0.001, 0.0339, 0.0052, 0.0196, 0.0501]",0.5542,39,0.4207522020894394,0.16508985038771165,0.2368748941006366
39049,205027,Pontifical College Josephinum,"[0.7941, 0.0882, 0.0588, 0.0, 0.0, 0.0, 0.0, 0.0]",0.6418,39,0.4272470093770924,0.17677489927523574,0.23335518295796612
39085,205124,Rabbinical College Telshe,"[1.0, 0.0, 0.0, 0.0, 0.0, 0.0, 0.0, 0.0]",1.0,39,0.3143549189511773,0.05727289158933176,0.05734985195054281
39145,205443,Shawnee State University,"[0.5489, 0.0, 0.0243, 0.0049, 0.0058, 0.0008, 0.4153, 0.0]",0.4744,39,0.26312080066870536,0.054545739492333004,0.015354667766897565
39081,205957,Franciscan University of Steubenville,"[0.7328, 0.1708, 0.0092, 0.0031, 0.028, 0.0038, 0.0219, 0.0207]",0.568,39,0.5226637605975933,0.2833804795701772,0.24833612961395937
39147,206048,Tiffin University,"[0.5063, 0.0141, 0.1743, 0.002, 0.0156, 0.0005, 0.2151, 0.0262]",0.3341,39,0.3643783864037719,0.127621108914603,0.08831966976670007
39095,206084,University of Toledo,"[0.6802, 0.0563, 0.0951, 0.0008, 0.031, 0.0011, 0.0262, 0.0389]",0.478,39,0.41902615521888126,0.1631742003365596,0.2268823197904944
39035,206349,Ursuline College,"[0.5356, 0.0113, 0.2702, 0.0016, 0.0405, 0.0032, 0.0356, 0.0728]",0.3682,39,0.3948386457948761,0.14919434266752485,0.317739966489659
39151,206437,Walsh University,"[0.5578, 0.0261, 0.0626, 0.0007, 0.0096, 0.0, 0.2105, 0.0316]",0.3611,39,0.35968565244115475,0.117680994702273,0.0892520592169506
39057,206491,Wilberforce University,"[0.0042, 0.0, 0.7733, 0.0, 0.0, 0.0, 0.2225, 0.0]",0.6475,39,0.18854222075804208,0.15544624467585436,0.08138527267283628
39027,206507,Wilmington College,"[0.7557, 0.0356, 0.1039, 0.003, 0.0059, 0.003, 0.0366, 0.0406]",0.5862,39,0.38387572203972026,0.12738723787768486,0.0716677419701632
39023,206525,Wittenberg University,"[0.7368, 0.0567, 0.098, 0.0024, 0.0121, 0.0, 0.03, 0.0599]",0.5603,39,0.4115517954690739,0.15694606221625826,0.14193126804734646
39169,206589,The College of Wooster,"[0.5969, 0.0622, 0.0959, 0.0015, 0.0398, 0.0005, 0.0122, 0.0403]",0.3727,39,0.4421626423736874,0.18718124743045692,0.13264925569631814
39057,206604,Wright State University-Main Campus,"[0.7196, 0.0466, 0.1181, 0.0021, 0.0322, 0.0003, 0.0028, 0.0572]",0.5383,39,0.4071365798224447,0.1501404701609572,0.12084445785452347
39107,206613,Wright State University-Lake Campus,"[0.8933, 0.0173, 0.0356, 0.0, 0.0132, 0.001, 0.0061, 0.0295]",0.8006,39,0.342915127201089,0.08488703228869339,0.04351475446845486
39061,206622,Xavier University,"[0.7459, 0.0583, 0.1059, 0.001, 0.026, 0.0012, 0.0112, 0.0387]",0.5733,39,0.4142966454335495,0.15852937468666223,0.19110190949597658
39099,206695,Youngstown State University,"[0.7499, 0.0453, 0.0729, 0.0013, 0.0159, 0.0004, 0.0355, 0.0363]",0.5725,39,0.3907946578480901,0.13460943550709664,0.160605417780376
40147,206835,Oklahoma Wesleyan University,"[0.5152, 0.0983, 0.0956, 0.0623, 0.0097, 0.0055, 0.0665, 0.0706]",0.2976,40,0.5091105642888929,0.4035391692855022,0.3079236179964593
40109,206862,Southern Nazarene University,"[0.5207, 0.176, 0.1385, 0.0422, 0.0175, 0.0032, 0.0016, 0.0732]",0.3287,40,0.6270884759252388,0.5199089172517907,0.6639441640010373
40031,206914,Cameron University,"[0.4835, 0.1699, 0.1052, 0.0545, 0.0212, 0.003, 0.0322, 0.1033]",0.2888,40,0.6298867215794722,0.5355705735086905,0.5949755992445275
40109,206941,University of Central Oklahoma,"[0.5202, 0.1453, 0.0843, 0.0369, 0.0444, 0.0016, 0.0181, 0.1172]",0.3162,40,0.5799725952848633,0.4792102830919114,0.6164714407360489
40123,207041,East Central University,"[0.4946, 0.0762, 0.0813, 0.1807, 0.0689, 0.0046, 0.0437, 0.024]",0.297,40,0.462039642537625,0.37306887943972056,0.3224228164439198
40027,207157,Randall University,"[0.3967, 0.2397, 0.0537, 0.062, 0.0, 0.0, 0.0372, 0.0826]",0.2298,40,0.7562470560007444,0.6876610110616922,0.6520303715223249
40083,207209,Langston University,"[0.0468, 0.0299, 0.7909, 0.0671, 0.0045, 0.0011, 0.0158, 0.0321]",0.6344,40,0.248109671292156,0.17523141982801124,0.1383462046032973
40021,207263,Northeastern State University,"[0.4647, 0.0768, 0.0444, 0.2143, 0.0231, 0.0008, 0.0145, 0.1468]",0.292,40,0.4434539988281659,0.3973162474071272,0.5219804464555537
40151,207306,Northwestern Oklahoma State University,"[0.6119, 0.1329, 0.0692, 0.0937, 0.0056, 0.0014, 0.0385, 0.0217]",0.4076,40,0.5192411517735371,0.4145981468353225,0.30056937214786017
40109,207324,Oklahoma Christian University,"[0.6083, 0.0857, 0.077, 0.0199, 0.0172, 0.0011, 0.007, 0.0867]",0.3916,40,0.4676370214014598,0.3524438588077755,0.50252529963795
40109,207342,University of Oklahoma-Health Sciences Center,"[0.6152, 0.1279, 0.0457, 0.0284, 0.0751, 0.003, 0.0883, 0.0091]",0.4113,40,0.5128322496879192,0.3909091539050072,0.5305166754281776
40139,207351,Oklahoma Panhandle State University,"[0.5044, 0.2375, 0.1023, 0.04, 0.0071, 0.0, 0.0, 0.0667]",0.3274,40,0.7038848921689207,0.6084267943012577,0.9679635529670211
40119,207388,Oklahoma State University-Main Campus,"[0.67, 0.0925, 0.0418, 0.0464, 0.0209, 0.0009, 0.0009, 0.1066]",0.4732,40,0.4556287722231255,0.35033082258941317,0.2478862588459935
40125,207403,Oklahoma Baptist University,"[0.6693, 0.0144, 0.0746, 0.0538, 0.0088, 0.0, 0.012, 0.1597]",0.4824,40,0.35987410649280205,0.2567396818936547,0.15338975662116947
40109,207458,Oklahoma City University,"[0.6272, 0.131, 0.0528, 0.0201, 0.0253, 0.0015, 0.0045, 0.0938]",0.4232,40,0.5179019297312081,0.4089187639146642,0.5479079172450309
40027,207500,University of Oklahoma-Norman Campus,"[0.5752, 0.1341, 0.0474, 0.0324, 0.0714, 0.0009, 0.0121, 0.098]",0.367,40,0.5401294381968622,0.4332357431806633,0.398041891377232
40143,207582,Oral Roberts University,"[0.3732, 0.1566, 0.1437, 0.0234, 0.0462, 0.0, 0.0594, 0.0446]",0.1927,40,0.6775501386164224,0.563298079568559,0.629473205311456
40131,207661,Rogers State University,"[0.5241, 0.0798, 0.0459, 0.158, 0.0183, 0.0008, 0.0164, 0.1276]",0.325,40,0.4544431038915052,0.3839613561887051,0.3053118352917125
40051,207722,University of Science and Arts of Oklahoma,"[0.6089, 0.0594, 0.0495, 0.0495, 0.0087, 0.0, 0.0248, 0.1262]",0.3958,40,0.42201780914900744,0.32066945520695617,0.20462825975180118
40013,207847,Southeastern Oklahoma State University,"[0.5114, 0.0901, 0.0522, 0.1269, 0.007, 0.0, 0.0, 0.1938]",0.3261,40,0.4703241072938206,0.40723535245515874,0.35089078098641996
40109,207856,Southwestern Christian University,"[0.4342, 0.0744, 0.1414, 0.0868, 0.0074, 0.0074, 0.0025, 0.0918]",0.2301,40,0.5001927749764121,0.40241294507496933,0.554171724378713
40039,207865,Southwestern Oklahoma State University,"[0.6132, 0.1349, 0.0559, 0.0381, 0.0108, 0.0019, 0.0228, 0.1046]",0.4104,40,0.5251105348705687,0.4228598165856841,0.48985739314939464
40143,207971,University of Tulsa,"[0.4962, 0.1263, 0.0823, 0.0295, 0.0678, 0.0019, 0.0421, 0.098]",0.2858,40,0.5644704714395583,0.45603319357798977,0.5226060918890597
41061,208646,Eastern Oregon University,"[0.6888, 0.1393, 0.0186, 0.0155, 0.0102, 0.0265, 0.0447, 0.0442]",0.4992,41,0.49970437447713856,0.38462490121042964,0.2615677452265978
41039,208725,New Hope Christian College-Eugene,"[0.2973, 0.2432, 0.027, 0.0541, 0.1351, 0.1081, 0.0, 0.1081]",0.1928,41,0.7827291962040213,0.7127948592482766,0.6656076975126302
41071,208822,George Fox University,"[0.6497, 0.1631, 0.022, 0.0044, 0.0549, 0.0048, 0.0204, 0.0782]",0.4588,41,0.5454105370203863,0.4322833451762225,0.4542324412266614
41051,209056,Lewis & Clark College,"[0.6863, 0.1093, 0.0265, 0.0005, 0.0457, 0.0018, 0.0069, 0.0796]",0.4921,41,0.4721581267017726,0.3516798631209775,0.3556979438434609
41071,209065,Linfield University,"[0.6077, 0.2046, 0.0138, 0.0054, 0.066, 0.0078, 0.0162, 0.0726]",0.4213,41,0.6063741536957747,0.5012623812416961,0.5215989004293383
41047,209241,Mount Angel Seminary,"[0.2857, 0.5357, 0.0, 0.0, 0.0357, 0.0, 0.0, 0.1429]",0.3903,41,0.9550571367896953,0.9459839204463846,0.984471229136564
41051,209296,National University of Natural Medicine,"[0.4545, 0.1818, 0.0, 0.0, 0.0, 0.0, 0.1818, 0.0909]",0.2809,41,0.5999579200399932,0.5137994017427341,0.5126923023109038
41039,209409,Bushnell University,"[0.6589, 0.1242, 0.0379, 0.0126, 0.0295, 0.0274, 0.0105, 0.08]",0.4593,41,0.49767940893647,0.37734156231134847,0.3153308550549146
41051,209490,Oregon Health & Science University,"[0.5864, 0.2314, 0.0253, 0.0066, 0.0638, 0.0106, 0.008, 0.0625]",0.4062,41,0.6478445517147537,0.5440793212385407,0.5480305769523495
41035,209506,Oregon Institute of Technology,"[0.6684, 0.1467, 0.0207, 0.0104, 0.0638, 0.0036, 0.0133, 0.0599]",0.4767,41,0.5208153499663355,0.404611874467188,0.378823081736049
41003,209542,Oregon State University,"[0.6342, 0.1235, 0.0175, 0.0056, 0.0853, 0.003, 0.024, 0.071]",0.4307,41,0.5022198320019228,0.384613767661394,0.3186800639976683
41039,209551,University of Oregon,"[0.6177, 0.1536, 0.0254, 0.004, 0.0661, 0.0043, 0.0142, 0.0911]",0.4187,41,0.5456900000284222,0.43159570728564634,0.3699448130476342
41051,209603,Pacific Northwest College of Art,"[0.6303, 0.0904, 0.0426, 0.008, 0.0346, 0.0053, 0.0691, 0.0984]",0.423,41,0.46135941273934866,0.3375435581317615,0.3433808545560686
41067,209612,Pacific University,"[0.4463, 0.1785, 0.0213, 0.0019, 0.1371, 0.0246, 0.0602, 0.1216]",0.2693,41,0.6368667479316105,0.5364395814776347,0.632845016442729
41051,209807,Portland State University,"[0.4895, 0.2193, 0.0479, 0.0142, 0.0984, 0.0057, 0.0273, 0.0691]",0.3054,41,0.6867881166564969,0.579220006659514,0.5897275708834817
41051,209825,University of Portland,"[0.4471, 0.1707, 0.0232, 0.0039, 0.1986, 0.0131, 0.0145, 0.0968]",0.2788,41,0.6206901065436541,0.5157755359858992,0.5354609212021295
41051,209922,Reed College,"[0.6017, 0.1205, 0.0107, 0.002, 0.077, 0.0, 0.0074, 0.1004]",0.3927,41,0.5046412038535095,0.3907981476071709,0.3970290972503582
41029,210146,Southern Oregon University,"[0.5566, 0.1384, 0.0238, 0.0145, 0.0217, 0.0097, 0.128, 0.0945]",0.3556,41,0.5310088100477057,0.4215575004308418,0.40696954435585614
41051,210304,Warner Pacific University,"[0.38, 0.3, 0.1, 0.0314, 0.1286, 0.0114, 0.0143, 0.0343]",0.2634,41,0.8383037303450604,0.7376655962568902,0.7551315633878608
41047,210331,Corban University,"[0.5912, 0.1484, 0.0226, 0.0075, 0.0277, 0.0063, 0.1019, 0.0881]",0.3911,41,0.5379053951618491,0.42727657233889,0.6147468425026904
41047,210401,Willamette University,"[0.6667, 0.1476, 0.0187, 0.006, 0.0487, 0.006, 0.018, 0.0779]",0.4755,41,0.5209798376007745,0.40666357411371057,0.599959457617892
41053,210429,Western Oregon University,"[0.5811, 0.2378, 0.0279, 0.0091, 0.0273, 0.0146, 0.0298, 0.0601]",0.4005,41,0.6545792634598263,0.5527967133365839,0.5536417309301902
41051,210438,University of Western States,"[0.5, 0.0, 0.0, 0.0, 0.0, 0.0, 0.0, 0.0]",0.25,41,0.3143549189511773,0.18920433289443772,0.18734905852472614
42091,210492,Bryn Athyn College of the New Church,"[0.583, 0.0185, 0.1661, 0.0, 0.0406, 0.0, 0.1476, 0.0295]",0.3921,42,0.3820093862805841,0.17359637008557852,0.15370369744658846
42011,210571,Albright College,"[0.4365, 0.181, 0.2672, 0.0016, 0.0196, 0.0, 0.0298, 0.0596]",0.2995,42,0.6605642768467335,0.48658383303329933,0.6030958931140961
42039,210669,Allegheny College,"[0.6926, 0.0853, 0.0793, 0.0008, 0.0347, 0.0, 0.0257, 0.0408]",0.4968,42,0.45088451117582806,0.2460449502003646,0.1414897358545156
42077,210739,DeSales University,"[0.7182, 0.1297, 0.0538, 0.0005, 0.0428, 0.0009, 0.0299, 0.0244]",0.5389,42,0.4926438063100256,0.2940675194096372,0.5535353396205835
42011,210775,Alvernia University,"[0.6285, 0.137, 0.1055, 0.004, 0.018, 0.0005, 0.03, 0.034]",0.4273,42,0.5330132464754878,0.33623288135836527,0.5200976518329149
42091,211088,Arcadia University,"[0.6011, 0.0989, 0.1291, 0.0046, 0.0514, 0.0, 0.0343, 0.0286]",0.3924,42,0.4981160472408168,0.29415548407324943,0.2752906420892324
42045,211273,Bryn Mawr College,"[0.5107, 0.1013, 0.0506, 0.0007, 0.1106, 0.0, 0.0257, 0.0556]",0.2896,42,0.5165504955500054,0.3161051532874398,0.2973856232383566
42119,211291,Bucknell University,"[0.7567, 0.0726, 0.0413, 0.0003, 0.045, 0.0005, 0.0005, 0.037]",0.583,42,0.41838454239032596,0.21313992915878563,0.15597561406716356
42003,211431,Carlow University,"[0.6935, 0.0282, 0.1866, 0.0056, 0.0306, 0.0, 0.0105, 0.041]",0.5193,42,0.39628484352719173,0.18355865609375127,0.12237138270398526
42003,211440,Carnegie Mellon University,"[0.2176, 0.1048, 0.0407, 0.0003, 0.3372, 0.0006, 0.0555, 0.0512]",0.1794,42,0.4923095734181011,0.35964094246111844,0.33328321021358287
42077,211468,Cedar Crest College,"[0.5413, 0.1533, 0.0922, 0.0, 0.0397, 0.0, 0.0965, 0.0279]",0.3367,42,0.578462084138651,0.38903693207933193,0.6258000659262742
42041,211477,Central Penn College,"[0.4882, 0.1244, 0.1943, 0.0083, 0.0273, 0.0, 0.0758, 0.0438]",0.3,42,0.569033093740604,0.3760574890852527,0.3009951793495467
42003,211556,Chatham University,"[0.7672, 0.0563, 0.0621, 0.0017, 0.0373, 0.0, 0.0456, 0.0025]",0.5991,42,0.3993634347343648,0.19256545529393718,0.12397680990017602
42101,211583,Chestnut Hill College,"[0.3312, 0.1331, 0.2929, 0.0021, 0.0117, 0.0, 0.1693, 0.033]",0.2431,42,0.5837924106345891,0.427297040553888,0.7859639680027208
42045,211608,Cheyney University of Pennsylvania,"[0.0117, 0.0466, 0.8513, 0.0044, 0.0087, 0.0, 0.0175, 0.0496]",0.7299,42,0.25103420514508784,0.19856586452932087,0.38247474656660585
42101,211893,Curtis Institute of Music,"[0.3786, 0.0291, 0.0291, 0.0, 0.1262, 0.0, 0.0, 0.0]",0.161,42,0.4071790799490105,0.1995551585745295,0.40331919217680906
42017,211981,Delaware Valley University,"[0.7032, 0.0871, 0.0987, 0.0025, 0.0123, 0.0012, 0.065, 0.0294]",0.5171,42,0.45058717731031195,0.24696754025373058,0.20415544419014503
42041,212009,Dickinson College,"[0.6519, 0.0744, 0.0451, 0.0005, 0.0523, 0.0005, 0.0125, 0.0451]",0.4375,42,0.43877156146134644,0.23368403333385127,0.1788894429615487
42101,212054,Drexel University,"[0.4494, 0.0796, 0.0801, 0.0006, 0.2333, 0.0003, 0.0228, 0.042]",0.2714,42,0.4895301907271045,0.2919507915841069,0.5150292771004333
42003,212106,Duquesne University,"[0.8009, 0.0462, 0.0484, 0.0014, 0.0358, 0.0008, 0.009, 0.0346]",0.6485,42,0.384224737372111,0.17639109875671138,0.10717840642745262
42089,212115,East Stroudsburg University of Pennsylvania,"[0.5321, 0.1765, 0.2026, 0.0014, 0.0185, 0.0019, 0.0266, 0.0333]",0.3575,42,0.6241135214435003,0.43786882120410164,0.581148604953346
42029,212133,Eastern University,"[0.4303, 0.1401, 0.2677, 0.0012, 0.0201, 0.0006, 0.0745, 0.0343]",0.2836,42,0.6022159149506607,0.42186396768566914,0.38710012834536994
42071,212197,Elizabethtown College,"[0.8291, 0.0711, 0.0282, 0.0012, 0.0223, 0.0, 0.01, 0.0235]",0.6944,42,0.4024522253453858,0.19857387806055837,0.224184142828251
42071,212577,Franklin and Marshall College,"[0.5619, 0.1032, 0.0549, 0.0015, 0.0443, 0.0, 0.0096, 0.0347]",0.3327,42,0.5009317626556886,0.30098023179903594,0.3192297424877277
42049,212601,Gannon University,"[0.6696, 0.0491, 0.0576, 0.0004, 0.0259, 0.0004, 0.0274, 0.0371]",0.4569,42,0.40232330486801515,0.19488465042134975,0.13798773890576183
42007,212656,Geneva College,"[0.8055, 0.0346, 0.0573, 0.0, 0.0138, 0.001, 0.0346, 0.0296]",0.6556,42,0.3700967631443441,0.1620015016712975,0.07510448202929208
42001,212674,Gettysburg College,"[0.6668, 0.1167, 0.047, 0.0013, 0.0318, 0.0009, 0.0268, 0.0291]",0.463,42,0.4870624038530978,0.28838069728238463,0.2584671702724709
42091,212771,Gratz College,"[0.8879, 0.0, 0.0, 0.0, 0.0, 0.0, 0.1121, 0.0]",0.8009,42,0.3129078690928513,0.10768119945350142,0.0865300307280569
42085,212805,Grove City College,"[0.9083, 0.0074, 0.0042, 0.0, 0.0222, 0.0, 0.0014, 0.0468]",0.8278,42,0.32789086095792974,0.11994677346561236,0.02747226069060062
42091,212832,Gwynedd Mercy University,"[0.6196, 0.0707, 0.166, 0.0016, 0.0649, 0.0, 0.0559, 0.0214]",0.4243,42,0.46039954955601636,0.2521844144738278,0.23375820383282964
42091,212911,Haverford College,"[0.494, 0.1284, 0.0529, 0.0, 0.1235, 0.0, 0.0085, 0.0854]",0.2859,42,0.5632575715169734,0.3687808687627627,0.3608713488687341
42101,212984,Holy Family University,"[0.5776, 0.124, 0.1585, 0.0019, 0.076, 0.0033, 0.0415, 0.0084]",0.3817,42,0.5414160953223304,0.34135346468584316,0.5843781884127586
42029,213011,Immaculata University,"[0.7188, 0.1066, 0.1042, 0.0008, 0.0256, 0.0008, 0.0232, 0.0128]",0.5403,42,0.47313489795361124,0.2705675172629239,0.2606245237542934
42063,213020,Indiana University of Pennsylvania-Main Campus,"[0.7553, 0.052, 0.105, 0.0065, 0.0129, 0.0005, 0.0156, 0.0434]",0.5865,42,0.40453892085020726,0.19591641771817148,0.09346799334302222
42061,213251,Juniata College,"[0.7151, 0.0771, 0.0466, 0.0009, 0.0233, 0.0, 0.0143, 0.0385]",0.5217,42,0.4287789980628255,0.22488177496405612,0.13334078075077493
42069,213303,Keystone College,"[0.666, 0.0872, 0.1269, 0.0089, 0.005, 0.002, 0.0634, 0.0357]",0.4727,42,0.46196159797972025,0.2582601585805441,0.23657095191408029
42079,213321,King's College,"[0.7442, 0.1122, 0.0495, 0.0025, 0.0288, 0.0, 0.0219, 0.0288]",0.571,42,0.4654958859115713,0.2650888039350795,0.33217134388207337
42011,213349,Kutztown University of Pennsylvania,"[0.7185, 0.1134, 0.0751, 0.0013, 0.0227, 0.0009, 0.0219, 0.0368]",0.5371,42,0.477082077786398,0.2761433572033503,0.47090168667348425
42003,213358,La Roche University,"[0.5718, 0.0353, 0.0403, 0.0, 0.0101, 0.0441, 0.0542, 0.0542]",0.3377,42,0.3873655234214215,0.1812477920520711,0.11319945327724039
42101,213367,La Salle University,"[0.4571, 0.1776, 0.2193, 0.0013, 0.0527, 0.0004, 0.011, 0.0308]",0.2924,42,0.6596979024606813,0.47844664904187695,0.7439204082940809
42095,213385,Lafayette College,"[0.6774, 0.0822, 0.0536, 0.0015, 0.0411, 0.0, 0.0239, 0.0433]",0.4726,42,0.4450741277129482,0.2408233909196661,0.31621287105757034
42071,213400,Lancaster Bible College,"[0.619, 0.0319, 0.2263, 0.0016, 0.0171, 0.0008, 0.0661, 0.0373]",0.4414,42,0.40953151928984916,0.20001740654072717,0.19335133913033403
42075,213507,Lebanon Valley College,"[0.8436, 0.0593, 0.0278, 0.0, 0.0235, 0.0006, 0.0049, 0.0315]",0.7175,42,0.3890451103510757,0.1839297770564592,0.24604812836389367
42095,213543,Lehigh University,"[0.5973, 0.1021, 0.0526, 0.0009, 0.0994, 0.0004, 0.0251, 0.0428]",0.3823,42,0.49237999825219847,0.29005273585715674,0.3621635692701418
42029,213598,Lincoln University,"[0.0088, 0.0681, 0.8281, 0.0029, 0.0006, 0.0006, 0.0276, 0.0364]",0.6926,42,0.273218930014671,0.22373214877347053,0.15291876890634898
42081,213668,Lycoming College,"[0.6128, 0.1405, 0.1262, 0.0019, 0.0134, 0.0, 0.043, 0.0335]",0.4143,42,0.5442167115151876,0.34838366529096104,0.2543409149360018
42069,213826,Marywood University,"[0.7769, 0.0976, 0.0257, 0.0022, 0.0201, 0.0011, 0.0457, 0.0245]",0.6169,42,0.4368307593704729,0.23636491282998515,0.22946687833932328
42049,213987,Mercyhurst University,"[0.7664, 0.0477, 0.0524, 0.003, 0.0093, 0.0, 0.071, 0.0059]",0.5976,42,0.3840359085235339,0.17851866004746703,0.12253393997157638
42041,213996,Messiah University,"[0.78, 0.0782, 0.0352, 0.0009, 0.0344, 0.0009, 0.003, 0.04]",0.6185,42,0.41957622499906866,0.21550541528626588,0.161950148011569
42071,214041,Millersville University of Pennsylvania,"[0.7448, 0.0979, 0.09, 0.0028, 0.0328, 0.0011, 0.0082, 0.0109]",0.5737,42,0.45633687339768514,0.25262612330390194,0.2697857794948016
42079,214069,Misericordia University,"[0.8263, 0.0475, 0.0359, 0.0006, 0.0133, 0.0012, 0.0463, 0.0278]",0.6894,42,0.3780810701020449,0.17225091253384842,0.24292860342119743
42101,214148,Moore College of Art and Design,"[0.5577, 0.0704, 0.1606, 0.0, 0.0507, 0.0085, 0.093, 0.0592]",0.3566,42,0.46981905089595855,0.26417981088496983,0.5411054224717052
42077,214157,Moravian University,"[0.6985, 0.1518, 0.0477, 0.0027, 0.0258, 0.0011, 0.0483, 0.0182]",0.5166,42,0.5187278875690571,0.3248973859118291,0.5805354574215632
42021,214166,Mount Aloysius College,"[0.763, 0.01, 0.0283, 0.0055, 0.0109, 0.0, 0.1212, 0.0]",0.5979,42,0.3318452999003484,0.12586922018862673,0.035517291951772875
42077,214175,Muhlenberg College,"[0.7196, 0.1123, 0.0429, 0.0, 0.0341, 0.001, 0.0383, 0.0378]",0.5363,42,0.46978168837496315,0.2698370709726904,0.5327008077418544
42045,214272,Neumann University,"[0.521, 0.0828, 0.2972, 0.0019, 0.0263, 0.0013, 0.0207, 0.0364]",0.3691,42,0.49761291259802637,0.30032702082579293,0.35436931275953626
42049,214591,Pennsylvania State University-Penn State Erie-Behrend College,"[0.7888, 0.0435, 0.0337, 0.0006, 0.0438, 0.001, 0.0143, 0.0302]",0.6283,42,0.3794869337046966,0.1719110015249005,0.11624085026362564
42129,214625,Pennsylvania State University-Penn State New Kensington,"[0.8091, 0.0545, 0.0636, 0.0, 0.0136, 0.0, 0.0114, 0.0364]",0.6633,42,0.39363479412064784,0.18682118816625237,0.0869730534836141
42085,214634,Pennsylvania State University-Penn State Shenango,"[0.704, 0.0359, 0.139, 0.0, 0.009, 0.0045, 0.0493, 0.0583]",0.5222,42,0.39606417189182563,0.18566094400093788,0.08214139791095798
42079,214643,Pennsylvania State University-Penn State Wilkes-Barre,"[0.7607, 0.0798, 0.0969, 0.0, 0.0114, 0.0028, 0.0085, 0.0342]",0.5958,42,0.4336711973406363,0.22830359717760917,0.2911556270702446
42069,214652,Pennsylvania State University-Penn State Scranton,"[0.6593, 0.1279, 0.0547, 0.0035, 0.1058, 0.0, 0.0116, 0.0279]",0.4661,42,0.5092386712027813,0.30936717486864274,0.29674308914397485
42077,214670,Pennsylvania State University-Penn State Lehigh Valley,"[0.516, 0.2159, 0.0664, 0.0, 0.1174, 0.0, 0.0261, 0.0356]",0.333,42,0.6719067112892452,0.4935954464619151,0.7143407109366835
42013,214689,Pennsylvania State University-Penn State Altoona,"[0.7368, 0.0733, 0.0608, 0.0016, 0.0405, 0.0008, 0.0156, 0.0288]",0.5547,42,0.4253234424314959,0.21952755794962261,0.11696544656582522
42007,214698,Pennsylvania State University-Penn State Beaver,"[0.7137, 0.0875, 0.0994, 0.0, 0.0278, 0.0, 0.008, 0.0477]",0.53,42,0.4532375136870706,0.2479912119094662,0.15843920799213496
42011,214704,Pennsylvania State University-Penn State Berks,"[0.6235, 0.1502, 0.0781, 0.0025, 0.0667, 0.0, 0.0212, 0.0267]",0.423,42,0.550108409610417,0.3543973329164952,0.5379386159334896
42043,214713,Pennsylvania State University-Penn State Harrisburg,"[0.474, 0.0873, 0.0952, 0.0012, 0.133, 0.0002, 0.018, 0.0353]",0.2606,42,0.5148562287622592,0.3112076561259303,0.39533424409228624
42045,214731,Pennsylvania State University-Penn State Brandywine,"[0.5038, 0.09, 0.1741, 0.0, 0.1228, 0.0, 0.0244, 0.0505]",0.3105,42,0.5203411671004887,0.31595954635104845,0.34155333805227606
42051,214759,Pennsylvania State University-Penn State Fayette- Eberly,"[0.8738, 0.0286, 0.0452, 0.0, 0.0119, 0.0071, 0.0071, 0.0262]",0.7673,42,0.3569331740138924,0.14901443374151377,0.050212763373724566
42079,214768,Pennsylvania State University-Penn State Hazleton,"[0.5404, 0.2447, 0.0915, 0.0, 0.0447, 0.0021, 0.0191, 0.0447]",0.3646,42,0.6963155106938033,0.5230811998591457,0.5740050912538839
42027,214777,Pennsylvania State University-Main Campus,"[0.6288, 0.0838, 0.0446, 0.0011, 0.0705, 0.0008, 0.0247, 0.0362]",0.4113,42,0.4565069775033056,0.25234413387026466,0.18717421261023065
42003,214786,Pennsylvania State University-Penn State Greater Allegheny,"[0.5506, 0.059, 0.2247, 0.0, 0.0534, 0.0028, 0.0169, 0.073]",0.3656,42,0.4641117345599729,0.2566196338768819,0.20317091678516516
42055,214795,Pennsylvania State University-Penn State Mont Alto,"[0.7796, 0.0719, 0.0431, 0.0016, 0.0383, 0.0, 0.0144, 0.0447]",0.6185,42,0.41496335038255916,0.20963007371918932,0.1759938361183375
42091,214801,Pennsylvania State University-Penn State Abington,"[0.4365, 0.1247, 0.1354, 0.0023, 0.1794, 0.001, 0.0153, 0.0332]",0.2579,42,0.5857840010148514,0.3928269527118109,0.39025823527893494
42107,214810,Pennsylvania State University-Penn State Schuylkill,"[0.6981, 0.0927, 0.1265, 0.0034, 0.0304, 0.0017, 0.0118, 0.0287]",0.5138,42,0.46614551377527236,0.26095617224201734,0.19814927328212562
42133,214829,Pennsylvania State University-Penn State York,"[0.6616, 0.1042, 0.0755, 0.003, 0.0665, 0.0015, 0.0211, 0.0257]",0.4598,42,0.4818860639301724,0.2787694524994728,0.2677379459039447
42101,214883,Peirce College,"[0.1919, 0.1353, 0.5164, 0.0079, 0.0329, 0.0026, 0.0959, 0.0171]",0.3324,42,0.5020071825964588,0.3975647840199626,0.8839572452499164
42101,214971,Pennsylvania Academy of the Fine Arts,"[0.5526, 0.1053, 0.0965, 0.0088, 0.0526, 0.0, 0.0263, 0.0614]",0.3331,42,0.5175070179650487,0.3158453622110643,0.5166636178440345
42071,215053,Pennsylvania College of Art and Design,"[0.7076, 0.0085, 0.1271, 0.0, 0.0593, 0.0042, 0.0636, 0.0297]",0.5254,42,0.3625181490301953,0.14810365953524662,0.15754807272062357
42101,215062,University of Pennsylvania,"[0.3241, 0.1036, 0.0813, 0.001, 0.267, 0.0001, 0.0452, 0.0516]",0.1984,42,0.5433635850387517,0.369664576255501,0.5749209229958074
42017,215114,Cairn University-Langhorne,"[0.6679, 0.0321, 0.0769, 0.0, 0.0295, 0.0, 0.0359, 0.0923]",0.4637,42,0.3868651230729601,0.17676010743486475,0.13520897426383793
42083,215266,University of Pittsburgh-Bradford,"[0.6603, 0.0561, 0.1389, 0.0038, 0.0428, 0.001, 0.0219, 0.0428]",0.4626,42,0.4308775223006414,0.2207725352761586,0.10699037249603478
42129,215275,University of Pittsburgh-Greensburg,"[0.7611, 0.0499, 0.0726, 0.0, 0.0423, 0.0008, 0.0227, 0.0385]",0.5908,42,0.3980045720609757,0.18914272248825506,0.08602707362925618
42021,215284,University of Pittsburgh-Johnstown,"[0.7538, 0.052, 0.0481, 0.001, 0.0289, 0.0005, 0.076, 0.0231]",0.5804,42,0.39253059974532867,0.18652568745821319,0.09323357413065683
42003,215293,University of Pittsburgh-Pittsburgh Campus,"[0.6239, 0.0685, 0.0541, 0.0003, 0.1406, 0.0001, 0.0192, 0.0459]",0.4191,42,0.44197654750620885,0.23431430036826845,0.1697050365802508
42003,215442,Point Park University,"[0.6718, 0.1004, 0.1241, 0.0017, 0.0207, 0.0012, 0.0066, 0.0419]",0.479,42,0.4802685399971117,0.2767158848939291,0.21258078635263625
42003,215655,Robert Morris University,"[0.7586, 0.0251, 0.0712, 0.0022, 0.0145, 0.0004, 0.0098, 0.0618]",0.5853,42,0.3670431364259087,0.15702870144039874,0.08898166595306967
42045,215691,Rosemont College,"[0.2937, 0.1278, 0.2444, 0.0, 0.0157, 0.0, 0.2892, 0.0247]",0.2468,42,0.5286524739675598,0.39270609638119425,0.45216018541409003
42021,215743,Saint Francis University,"[0.8151, 0.0098, 0.0598, 0.0018, 0.0238, 0.0018, 0.0543, 0.0323]",0.6726,42,0.3433369094783543,0.13286819240304112,0.03781432857074359
42101,215770,Saint Joseph's University - Philadelphia,"[0.6714, 0.0904, 0.0629, 0.001, 0.1085, 0.0004, 0.0133, 0.0297]",0.4757,42,0.46224729322619834,0.25675767028473345,0.44065460976734255
42129,215798,Saint Vincent College,"[0.8112, 0.0487, 0.0554, 0.0, 0.015, 0.0015, 0.0195, 0.0307]",0.665,42,0.3852303009669539,0.1782795462029981,0.0792913151053484
42069,215929,University of Scranton,"[0.7408, 0.1232, 0.0356, 0.0011, 0.0356, 0.0011, 0.0299, 0.0262]",0.5681,42,0.4758971284761605,0.2773861542779738,0.2691909956275084
42129,215947,Seton Hill University,"[0.8037, 0.0384, 0.0724, 0.0006, 0.0204, 0.0, 0.0186, 0.0229]",0.6539,42,0.37785416283796414,0.16913549136054923,0.06736070694887611
42041,216010,Shippensburg University of Pennsylvania,"[0.7252, 0.0703, 0.1286, 0.0012, 0.0152, 0.0002, 0.0065, 0.0462]",0.5498,42,0.43431628535825406,0.2269412270819095,0.1620043056634699
42019,216038,Slippery Rock University of Pennsylvania,"[0.8418, 0.0297, 0.0444, 0.0022, 0.0091, 0.0006, 0.0151, 0.0358]",0.7131,42,0.35987697020601134,0.1520466757687147,0.05797541656168911
42091,216047,Saint Charles Borromeo Seminary-Overbrook,"[0.6563, 0.1875, 0.0313, 0.0, 0.0625, 0.0, 0.0, 0.0625]",0.4747,42,0.5736961446030933,0.385197375380741,0.36938416308629535
42109,216278,Susquehanna University,"[0.791, 0.0664, 0.0622, 0.0005, 0.0168, 0.0009, 0.0262, 0.0271]",0.6357,42,0.40817523909573183,0.20256987083953104,0.11149851879507378
42045,216287,Swarthmore College,"[0.3162, 0.1427, 0.0902, 0.0043, 0.1767, 0.0006, 0.0315, 0.0976]",0.1702,42,0.6585267878216017,0.48663499180049996,0.5011046305603152
42101,216311,Talmudical Yeshiva of Philadelphia,"[0.9675, 0.0, 0.0, 0.0, 0.0, 0.0, 0.0, 0.0]",0.9361,42,0.3143549189511773,0.10782750396055645,0.2738091043455345
42101,216339,Temple University,"[0.5018, 0.0923, 0.1599, 0.0015, 0.1407, 0.0006, 0.0277, 0.0437]",0.3084,42,0.5221967237486855,0.3182551566864341,0.5997737030960875
42085,216357,Thiel College,"[0.768, 0.0258, 0.116, 0.0026, 0.0142, 0.0026, 0.0361, 0.0348]",0.6067,42,0.37418784520441717,0.16307797624692982,0.061293378023293245
42101,216366,Thomas Jefferson University,"[0.4934, 0.1163, 0.1412, 0.0013, 0.1519, 0.0003, 0.0222, 0.0508]",0.3031,42,0.5583187640757865,0.3590057796789967,0.6082311965771996
42091,216524,Ursinus College,"[0.7495, 0.0704, 0.0718, 0.002, 0.0346, 0.0, 0.0246, 0.0432]",0.5755,42,0.42266508862100927,0.2161442486573006,0.19635027083920822
42029,216542,University of Valley Forge,"[0.4622, 0.2597, 0.1595, 0.0102, 0.0245, 0.0, 0.0061, 0.0389]",0.3088,42,0.7567610674778242,0.5945085537635317,0.5764922457730777
42091,216597,Villanova University,"[0.6828, 0.1093, 0.0573, 0.0004, 0.0725, 0.0009, 0.0156, 0.0404]",0.4886,42,0.4808211778288385,0.27857975398461204,0.26238795581077806
42125,216667,Washington & Jefferson College,"[0.7647, 0.0553, 0.0746, 0.0026, 0.0167, 0.0009, 0.014, 0.0606]",0.5975,42,0.4028479841793012,0.19534162961825635,0.10007608970486526
42059,216694,Waynesburg University,"[0.8555, 0.0366, 0.0497, 0.0019, 0.0075, 0.0019, 0.0038, 0.0394]",0.7373,42,0.3675156636205532,0.16002671027866341,0.06162419502219421
42029,216764,West Chester University of Pennsylvania,"[0.7338, 0.0723, 0.1132, 0.0011, 0.0313, 0.0001, 0.0096, 0.036]",0.5589,42,0.4340791853344199,0.22657346259751296,0.2159003086765812
42073,216807,Westminster College,"[0.7937, 0.0381, 0.0626, 0.0049, 0.0098, 0.002, 0.0508, 0.0362]",0.6393,42,0.3757396838329978,0.1679290931399459,0.0756186174083115
42045,216852,Widener University,"[0.6554, 0.0625, 0.1819, 0.0016, 0.0426, 0.0008, 0.0294, 0.0119]",0.4694,42,0.4432705343693608,0.23435396073788137,0.245375265404717
42079,216931,Wilkes University,"[0.7237, 0.1019, 0.0525, 0.0005, 0.0236, 0.0005, 0.0042, 0.031]",0.5384,42,0.45773694324031405,0.2564092000171097,0.32330757581761943
42055,217013,Wilson College,"[0.7717, 0.0803, 0.0819, 0.0016, 0.0079, 0.0047, 0.011, 0.0268]",0.6096,42,0.4290772371271983,0.22449810662127667,0.18767105629240222
42133,217059,York College of Pennsylvania,"[0.7471, 0.0864, 0.0646, 0.0019, 0.0189, 0.0009, 0.0301, 0.0413]",0.5728,42,0.4383013498370609,0.23458194004487645,0.2275131115625413
44007,217156,Brown University,"[0.3827, 0.1162, 0.0822, 0.0037, 0.1907, 0.0018, 0.0295, 0.0781]",0.2101,44,0.5818071537947549,0.48531035567012537,0.6161855752148758
44007,217165,Bryant University,"[0.7554, 0.072, 0.0404, 0.0016, 0.0366, 0.0006, 0.0166, 0.0263]",0.5798,44,0.4162856520157123,0.33155977111630897,0.4805832063545096
44007,217235,Johnson & Wales University-Providence,"[0.5857, 0.1575, 0.108, 0.0041, 0.0376, 0.0, 0.0461, 0.0255]",0.3837,44,0.5743584618389648,0.48544707416807786,0.6243373370396934
44007,217402,Providence College,"[0.7701, 0.0955, 0.0354, 0.0003, 0.0159, 0.0013, 0.0349, 0.0285]",0.6057,44,0.4376770469643557,0.3567166952029544,0.5031278701062938
44007,217420,Rhode Island College,"[0.5098, 0.2581, 0.1107, 0.0063, 0.0329, 0.0004, 0.0611, 0.0194]",0.344,44,0.7238573763085565,0.647862507757841,0.7652530208522769
44009,217484,University of Rhode Island,"[0.7426, 0.1091, 0.0484, 0.0014, 0.0328, 0.0003, 0.0188, 0.0356]",0.5684,44,0.46286719359706063,0.37981003630631194,0.18739758774886267
44007,217493,Rhode Island School of Design,"[0.2272, 0.084, 0.0436, 0.0009, 0.2263, 0.0, 0.0185, 0.0574]",0.1154,44,0.5373022810002205,0.448877067794735,0.5571339182737285
44001,217518,Roger Williams University,"[0.7446, 0.0972, 0.0312, 0.0025, 0.0184, 0.0008, 0.0695, 0.028]",0.5708,44,0.4419316231762566,0.3621675416548779,0.17446357534597887
44005,217536,Salve Regina University,"[0.7981, 0.0906, 0.0152, 0.0005, 0.0129, 0.0014, 0.0317, 0.0281]",0.6474,44,0.4234466191547669,0.34522734495261936,0.19311099018409217
25009,217606,Northpoint Bible College,"[0.6796, 0.105, 0.0994, 0.0, 0.0055, 0.0055, 0.0387, 0.0221]",0.4848,25,0.4766536926884954,0.3409537818250709,0.46533935970194346
45079,217624,Allen University,"[0.0033, 0.0232, 0.9303, 0.0166, 0.0017, 0.0, 0.01, 0.0017]",0.8664,45,0.21669903269092416,0.39154283716391053,0.7480269645787668
45007,217633,Anderson University,"[0.8402, 0.0, 0.0409, 0.0017, 0.0179, 0.0003, 0.099, 0.0]",0.7177,45,0.3240123422449435,0.12045295404122701,0.07112148387733436
45019,217688,Charleston Southern University,"[0.4857, 0.0585, 0.1617, 0.0022, 0.0119, 0.0029, 0.2198, 0.0364]",0.3153,45,0.43286449187145787,0.2969246241890675,0.28766442904694745
45079,217721,Benedict College,"[0.0064, 0.0243, 0.7914, 0.0127, 0.0041, 0.0006, 0.0116, 0.0]",0.6273,45,0.2236060144741886,0.397236940491822,0.7522574797337266
45045,217749,Bob Jones University,"[0.7565, 0.08, 0.0194, 0.0025, 0.0333, 0.0034, 0.0211, 0.0139]",0.5808,45,0.4193443757414486,0.21002991548250485,0.26897226764270304
45077,217776,Southern Wesleyan University,"[0.6654, 0.0627, 0.1692, 0.0, 0.005, 0.0, 0.0526, 0.0401]",0.4797,45,0.4375239446727508,0.2754840400221033,0.17096851550979453
45019,217819,College of Charleston,"[0.7892, 0.0716, 0.0561, 0.0011, 0.0194, 0.0001, 0.0157, 0.0387]",0.6332,45,0.413957777616278,0.21380758446279755,0.21378774943262882
45019,217864,Citadel Military College of South Carolina,"[0.754, 0.0771, 0.0726, 0.0015, 0.0203, 0.0019, 0.0113, 0.0512]",0.5829,45,0.4289092965780393,0.23363108056818782,0.23262418060843756
45075,217873,Claflin University,"[0.0376, 0.0116, 0.8913, 0.0058, 0.0052, 0.0, 0.0283, 0.0017]",0.7968,45,0.21806541287601466,0.3843015046805963,0.8828019657321837
45077,217882,Clemson University,"[0.7712, 0.0788, 0.0541, 0.0024, 0.0295, 0.001, 0.0166, 0.0394]",0.6066,45,0.4250332105815799,0.22406893443630616,0.1698874160855166
45091,217891,Clinton College,"[0.0203, 0.0, 0.9036, 0.0051, 0.0051, 0.0, 0.0051, 0.0609]",0.8207,45,0.20369845467669978,0.3733490979399239,0.26707445608687863
45031,217907,Coker University,"[0.5252, 0.0543, 0.2743, 0.0065, 0.0078, 0.0013, 0.0, 0.0505]",0.3567,45,0.455425084878281,0.3479120357790938,0.38053543700016124
45079,217925,Columbia International University,"[0.5974, 0.0206, 0.209, 0.0039, 0.0168, 0.0, 0.0658, 0.0348]",0.4068,45,0.39413115455394276,0.2505137073809851,0.3612081690151667
45079,217934,Columbia College,"[0.3926, 0.1039, 0.3829, 0.0079, 0.0176, 0.0009, 0.0704, 0.0141]",0.3171,45,0.5257940278232709,0.49474664283311276,0.6953290680461931
45083,217961,Converse University,"[0.5274, 0.1144, 0.1381, 0.0311, 0.0336, 0.0037, 0.0647, 0.0249]",0.3172,45,0.5389020260905706,0.37824590942782554,0.3820394725110052
45001,217998,Erskine College,"[0.5006, 0.069, 0.2366, 0.0166, 0.0166, 0.0024, 0.1581, 0.0]",0.3369,45,0.4643547352564235,0.35032628037561914,0.27408439586786876
45041,218061,Francis Marion University,"[0.4747, 0.0421, 0.3931, 0.0056, 0.0127, 0.0004, 0.0119, 0.0376]",0.3834,45,0.4318485845626414,0.378848817897142,0.49492315557032385
45045,218070,Furman University,"[0.7656, 0.0601, 0.0588, 0.0013, 0.0364, 0.0004, 0.0053, 0.0369]",0.5959,45,0.40585657558461163,0.2051905261284238,0.2568309850444152
45047,218229,Lander University,"[0.6473, 0.0205, 0.2387, 0.0063, 0.0033, 0.0065, 0.0045, 0.0458]",0.4786,45,0.39270053119748116,0.2539068564388585,0.282472186775628
45021,218238,Limestone University,"[0.4745, 0.0284, 0.3204, 0.0071, 0.0084, 0.0032, 0.1302, 0.0187]",0.346,45,0.408127249900213,0.3309603977143848,0.2521353896522311
45019,218335,Medical University of South Carolina,"[0.77, 0.0433, 0.1, 0.0, 0.0233, 0.0, 0.01, 0.0533]",0.6083,45,0.3935907362613326,0.20400435479906415,0.20089630272292278
45085,218399,Morris College,"[0.0104, 0.0234, 0.9297, 0.0052, 0.0, 0.0, 0.0104, 0.0208]",0.8656,45,0.2203132808074958,0.3934951462505977,0.7384533972465878
45071,218414,Newberry College,"[0.4094, 0.0488, 0.305, 0.007, 0.0046, 0.0031, 0.1494, 0.0]",0.2854,45,0.4381090348153147,0.3746488846863473,0.4192052834115904
45045,218441,North Greenville University,"[0.6311, 0.0442, 0.0902, 0.0012, 0.0073, 0.0, 0.1872, 0.0242]",0.4441,45,0.39063204749544234,0.21175311480035736,0.25281531501569693
45059,218539,Presbyterian College,"[0.6431, 0.0604, 0.1961, 0.0, 0.0091, 0.0034, 0.0011, 0.0468]",0.458,45,0.44254383873575603,0.29035304195282763,0.2678109780973518
45003,218645,University of South Carolina Aiken,"[0.6092, 0.0738, 0.2229, 0.0018, 0.0138, 0.0004, 0.0085, 0.0536]",0.4294,45,0.468950716229509,0.32930526009033484,0.3189561749758843
45013,218654,University of South Carolina Beaufort,"[0.5995, 0.1029, 0.2101, 0.0027, 0.0085, 0.0011, 0.0048, 0.0462]",0.4164,45,0.5077414091654197,0.3662933745286949,0.3895337936051879
45079,218663,University of South Carolina-Columbia,"[0.7354, 0.0579, 0.0904, 0.0014, 0.0426, 0.0008, 0.0111, 0.042]",0.556,45,0.41414784016784767,0.22179460062496487,0.24654924995416222
45051,218724,Coastal Carolina University,"[0.7038, 0.062, 0.1425, 0.0028, 0.0098, 0.0015, 0.0288, 0.041]",0.5221,45,0.4285878265011124,0.25508269216664486,0.20415019465732537
45075,218733,South Carolina State University,"[0.0183, 0.003, 0.8988, 0.0038, 0.0013, 0.0013, 0.0604, 0.0132]",0.812,45,0.20277493180162376,0.373541040509475,0.8769898287401686
45083,218742,University of South Carolina-Upstate,"[0.4614, 0.0863, 0.3391, 0.0012, 0.0316, 0.0005, 0.0168, 0.0487]",0.339,45,0.5085890634103771,0.4383285145246424,0.4085032383050661
45009,218919,Voorhees University,"[0.0021, 0.0, 0.9302, 0.0, 0.0, 0.0, 0.0, 0.0]",0.8653,45,0.19283286707919717,0.3683313168011019,0.8392860479710689
45091,218964,Winthrop University,"[0.5136, 0.0735, 0.3252, 0.0027, 0.0195, 0.0012, 0.0003, 0.053]",0.3781,45,0.483084578618564,0.3959161383871991,0.3397540651134246
45083,218973,Wofford College,"[0.7992, 0.0565, 0.0664, 0.0033, 0.0214, 0.0, 0.0, 0.0351]",0.648,45,0.3980782262442304,0.1997592545640964,0.21499736299547761
46099,219000,Augustana University,"[0.7777, 0.0443, 0.0301, 0.0068, 0.0205, 0.0006, 0.0023, 0.0267]",0.6089,46,0.37791978569316154,0.11455145822001345,0.13831319405615503
46081,219046,Black Hills State University,"[0.8903, 0.0326, 0.0057, 0.0181, 0.0036, 0.001, 0.0129, 0.0222]",0.7947,46,0.35124786101701394,0.09422360383799135,0.07822564169775795
46079,219082,Dakota State University,"[0.7814, 0.0544, 0.0391, 0.0132, 0.0253, 0.0069, 0.019, 0.0338]",0.6174,46,0.3922785952389171,0.12850462466708606,0.13231958000808644
46035,219091,Dakota Wesleyan University,"[0.7987, 0.0719, 0.0112, 0.0224, 0.0128, 0.0, 0.0144, 0.0447]",0.6461,46,0.40313052813688977,0.14906755507783875,0.14353033143231403
46135,219198,Mount Marty University,"[0.71, 0.0592, 0.0693, 0.0231, 0.0058, 0.0058, 0.026, 0.0462]",0.5158,46,0.41096403144896176,0.1446377738666146,0.14735438250150823
46103,219204,National American University-Rapid City,"[0.4067, 0.1464, 0.2636, 0.0195, 0.0152, 0.0022, 0.0803, 0.0662]",0.2678,46,0.6187238768420811,0.34688393507156146,0.35567884869976113
46099,219240,Kairos University,"[0.8684, 0.0, 0.0263, 0.0263, 0.0526, 0.0, 0.0263, 0.0]",0.759,46,0.3254221512159013,0.05938237625097875,0.08138316077653548
46013,219259,Northern State University,"[0.8021, 0.0501, 0.0374, 0.0278, 0.027, 0.0008, 0.0048, 0.0254]",0.6494,46,0.38478495193550755,0.12273271858346203,0.11635811437285662
46103,219347,South Dakota School of Mines and Technology,"[0.8344, 0.0542, 0.0112, 0.0107, 0.0151, 0.0, 0.0303, 0.0283]",0.7013,46,0.3798145876061527,0.12213835985568845,0.1349726049413293
46011,219356,South Dakota State University,"[0.8636, 0.0282, 0.0174, 0.0083, 0.0122, 0.0005, 0.0213, 0.0204]",0.748,46,0.3510154865326789,0.08965625889820364,0.08184954297355987
46099,219383,University of Sioux Falls,"[0.7921, 0.0385, 0.0531, 0.0062, 0.0123, 0.0008, 0.0062, 0.0831]",0.6389,46,0.37710848326694635,0.10947831485941943,0.1346058356544726
46027,219471,University of South Dakota,"[0.8135, 0.0526, 0.0359, 0.0175, 0.0116, 0.0006, 0.0118, 0.0317]",0.6674,46,0.38508109173070865,0.12354055636015847,0.10428802642955809
47037,219505,American Baptist College,"[0.0, 0.02, 0.94, 0.0, 0.0, 0.0, 0.0, 0.0]",0.884,47,0.21170238850380735,0.23513658804159782,0.4119195503974729
47125,219602,Austin Peay State University,"[0.5303, 0.1097, 0.2162, 0.0043, 0.0232, 0.0026, 0.0435, 0.0635]",0.3465,47,0.5371393207582639,0.3522448827901077,0.44620228315727506
47157,219639,Baptist Health Sciences University,"[0.4208, 0.0502, 0.4402, 0.0064, 0.0245, 0.0, 0.0476, 0.0103]",0.3764,47,0.4345631502850666,0.3007325097400104,0.7305986622227537
47037,219709,Belmont University,"[0.7729, 0.084, 0.0493, 0.0026, 0.0286, 0.0011, 0.0113, 0.043]",0.6097,47,0.42974669642453894,0.21578630034073656,0.34887015588321035
47017,219718,Bethel University,"[0.5208, 0.0319, 0.3014, 0.0056, 0.0023, 0.0023, 0.0296, 0.0551]",0.367,47,0.42118086828912993,0.24456379031591893,0.13550708177367957
47143,219790,Bryan College-Dayton,"[0.8379, 0.0374, 0.0465, 0.0011, 0.0079, 0.0045, 0.0227, 0.0147]",0.7065,47,0.36733501035489124,0.150892260346747,0.11435974900916077
47089,219806,Carson-Newman University,"[0.7328, 0.054, 0.094, 0.007, 0.0105, 0.0028, 0.0105, 0.0407]",0.5507,47,0.4070280077089354,0.19482489596539848,0.12504386725732863
47157,219833,Christian Brothers University,"[0.2752, 0.1085, 0.1899, 0.0136, 0.0329, 0.0019, 0.2393, 0.1017]",0.1924,47,0.5355430069022585,0.4094284472807656,0.5940484114751591
47189,219949,Cumberland University,"[0.5243, 0.0662, 0.107, 0.0057, 0.014, 0.0, 0.2182, 0.0171]",0.3389,47,0.4307247006710508,0.23921601546006854,0.19539606388551203
47037,219976,Lipscomb University,"[0.701, 0.1027, 0.0702, 0.002, 0.0342, 0.0014, 0.0292, 0.0281]",0.5097,47,0.4677099408444232,0.25735564086537577,0.39301994654304706
47179,220075,East Tennessee State University,"[0.7456, 0.0393, 0.0669, 0.0008, 0.018, 0.0001, 0.083, 0.0322]",0.5702,47,0.381372506809873,0.1665764706647841,0.11289196574592522
47037,220181,Fisk University,"[0.003, 0.0188, 0.7294, 0.0, 0.002, 0.0, 0.0773, 0.0119]",0.5385,47,0.21806105056066263,0.23993958791394665,0.41636536416158737
47165,220206,Welch College,"[0.7814, 0.0405, 0.0607, 0.0, 0.0081, 0.0, 0.0729, 0.0283]",0.6221,47,0.3776550485518539,0.16290774469691452,0.1423834076021791
47023,220215,Freed-Hardeman University,"[0.875, 0.0014, 0.0347, 0.0072, 0.0101, 0.0014, 0.0332, 0.0108]",0.7682,47,0.325201938824828,0.10587848319171567,0.04256801045796128
47093,220473,Johnson University,"[0.8308, 0.0329, 0.0434, 0.0015, 0.0045, 0.0, 0.0404, 0.0299]",0.6957,47,0.36275175769943585,0.14617631059039293,0.12223530178909497
47163,220516,King University,"[0.8188, 0.0085, 0.0592, 0.0038, 0.0131, 0.0056, 0.0169, 0.0376]",0.6759,47,0.34117210578264395,0.12290227139827889,0.03861593382712944
47113,220598,Lane College,"[0.0158, 0.0178, 0.7792, 0.0, 0.0, 0.0, 0.1772, 0.0099]",0.6392,47,0.21662041084827752,0.23429496474561345,0.5634300351584637
47157,220604,Le Moyne-Owen College,"[0.0083, 0.0165, 0.9504, 0.0017, 0.0, 0.0, 0.0, 0.0]",0.9036,47,0.21086291817939357,0.2321800838091656,0.833083840288111
47011,220613,Lee University,"[0.8233, 0.016, 0.0426, 0.0031, 0.0143, 0.0017, 0.0252, 0.0471]",0.683,47,0.3465797400824936,0.12797543202465975,0.12114490140945634
47025,220631,Lincoln Memorial University,"[0.77, 0.0534, 0.0575, 0.0082, 0.0253, 0.0021, 0.0185, 0.0]",0.6001,47,0.39370853224012137,0.17807179617152488,0.08616013117583088
47055,220701,The University of Tennessee Southern,"[0.7535, 0.0496, 0.0597, 0.0064, 0.0076, 0.0013, 0.0267, 0.0292]",0.5755,47,0.3915230494240535,0.17703050510129165,0.10510365063458339
47009,220710,Maryville College,"[0.7236, 0.0512, 0.0993, 0.0051, 0.0092, 0.001, 0.002, 0.0522]",0.5389,47,0.4060991016568121,0.19432563903475034,0.12493090646734553
47157,220862,University of Memphis,"[0.4019, 0.0958, 0.3884, 0.0023, 0.0453, 0.0001, 0.0123, 0.0404]",0.3254,47,0.5195452283352284,0.38184521994209986,0.7542552482171102
47149,220978,Middle Tennessee State University,"[0.6465, 0.0861, 0.1514, 0.0023, 0.0416, 0.0009, 0.0121, 0.0387]",0.4517,47,0.47363798887029684,0.26866698556769647,0.3423848281486182
47157,221351,Rhodes College,"[0.6368, 0.06, 0.0982, 0.001, 0.0717, 0.001, 0.0127, 0.0595]",0.4276,47,0.4360827942661365,0.2214619165840394,0.3145624101100389
47051,221519,The University of the South,"[0.8061, 0.06, 0.0425, 0.0019, 0.0106, 0.0, 0.0038, 0.0288]",0.6562,47,0.3948504281807077,0.1797628840964298,0.11881734729946988
47065,221661,Southern Adventist University,"[0.3944, 0.2698, 0.0603, 0.0012, 0.1312, 0.0025, 0.0025, 0.0709]",0.2542,47,0.7962677189293357,0.6334599790061771,0.6415286070770932
47107,221731,Tennessee Wesleyan University,"[0.7395, 0.0486, 0.0684, 0.0022, 0.011, 0.0011, 0.0243, 0.0287]",0.5554,47,0.39391177848528536,0.179665216599544,0.11752460030980727
47065,221740,The University of Tennessee-Chattanooga,"[0.7471, 0.0627, 0.0968, 0.0024, 0.0294, 0.0006, 0.0229, 0.0304]",0.5738,47,0.4175186991408501,0.20458311474887408,0.2173746713973096
47093,221759,The University of Tennessee-Knoxville,"[0.7899, 0.0591, 0.0452, 0.0013, 0.0371, 0.0004, 0.0107, 0.0489]",0.6334,47,0.39995896401461806,0.18294522813790834,0.1595265332911034
47183,221768,The University of Tennessee-Martin,"[0.7775, 0.0408, 0.1313, 0.0019, 0.0078, 0.0004, 0.0, 0.0354]",0.6247,47,0.3926371863678366,0.18166410362628857,0.10061883799384005
47037,221838,Tennessee State University,"[0.0487, 0.0223, 0.8753, 0.0012, 0.0068, 0.0004, 0.0045, 0.0279]",0.7699,47,0.23541541654772763,0.2458859899849026,0.4297265117834143
47141,221847,Tennessee Technological University,"[0.8109, 0.0505, 0.045, 0.0022, 0.0207, 0.0006, 0.0234, 0.0303]",0.664,47,0.3856841370544578,0.169144215159188,0.1582281349956169
47037,221892,Trevecca Nazarene University,"[0.5607, 0.1324, 0.1025, 0.0017, 0.0207, 0.0029, 0.023, 0.0391]",0.3449,47,0.5496429628693967,0.3514009773960388,0.4901055662124077
47059,221953,Tusculum University,"[0.3486, 0.0296, 0.0601, 0.0051, 0.002, 0.001, 0.4608, 0.0122]",0.3385,47,0.2634143615176219,0.13336704160285429,0.08022752837981045
47113,221971,Union University,"[0.6736, 0.0092, 0.1369, 0.0017, 0.0191, 0.0006, 0.0803, 0.0578]",0.4827,47,0.3638411168200352,0.15279494350404002,0.19683750812087714
47037,221999,Vanderbilt University,"[0.4061, 0.1102, 0.104, 0.0041, 0.175, 0.0029, 0.0386, 0.0577]",0.2233,47,0.5711920001872527,0.3717185324212366,0.5183964888096546
48441,222178,Abilene Christian University,"[0.6361, 0.1796, 0.0675, 0.0054, 0.0194, 0.0, 0.006, 0.0462]",0.444,48,0.5756104364421554,0.8663336175473829,0.6150272882215606
48113,222628,Amberton University,"[0.2632, 0.1579, 0.2807, 0.0088, 0.1228, 0.0088, 0.0088, 0.0]",0.1883,48,0.6777423892846495,0.8261551901430136,0.9348295130801442
48451,222831,Angelo State University,"[0.4462, 0.4149, 0.0619, 0.0013, 0.0117, 0.0009, 0.0038, 0.0324]",0.3763,48,0.877305765832937,0.990654335481561,0.9835407331828275
48439,222877,Arlington Baptist University,"[0.4537, 0.3009, 0.1944, 0.0139, 0.0231, 0.0046, 0.0093, 0.0]",0.335,48,0.7946735741881192,0.9686139571631598,0.930186002610164
48181,222983,Austin College,"[0.4889, 0.2607, 0.0712, 0.0111, 0.1201, 0.0009, 0.0026, 0.0326]",0.3277,48,0.7362565869068934,0.9472493525202592,0.6422493968315305
48073,223117,Baptist Missionary Association Theological Seminary,"[0.3962, 0.3208, 0.2264, 0.0, 0.0189, 0.0, 0.0377, 0.0]",0.3129,48,0.8331501306391558,0.9678539371281439,0.8550306705494717
48309,223232,Baylor University,"[0.611, 0.1598, 0.0484, 0.0024, 0.0875, 0.0014, 0.0062, 0.0498]",0.4114,48,0.5618478307368449,0.8559837216356229,0.6511660943909514
48453,224004,Concordia University Texas,"[0.3686, 0.3533, 0.1362, 0.0025, 0.0617, 0.0, 0.0407, 0.0369]",0.2861,48,0.890955997443148,0.995519344554236,0.9695685050903576
48355,224147,Texas A & M University-Corpus Christi,"[0.3498, 0.5168, 0.0359, 0.002, 0.0274, 0.0009, 0.021, 0.0271]",0.3927,48,0.9545248039531083,0.9706886076656845,0.8676516295265922
48113,224226,Dallas Baptist University,"[0.5445, 0.1597, 0.1025, 0.0112, 0.0221, 0.0022, 0.0969, 0.0108]",0.3426,48,0.5840904793483532,0.8663874080221063,0.9123636067345748
48113,224244,Dallas Christian College,"[0.4, 0.1959, 0.1837, 0.0122, 0.0, 0.0041, 0.0041, 0.2]",0.2723,48,0.6802342378579624,0.8766301311647354,0.9243997338599221
48113,224323,University of Dallas,"[0.5864, 0.2656, 0.0249, 0.0021, 0.0685, 0.0, 0.0173, 0.0187]",0.4204,48,0.6816764727173752,0.9211500208285758,0.9167393296245542
48203,224527,East Texas Baptist University,"[0.6254, 0.1156, 0.1828, 0.0302, 0.0113, 0.0038, 0.0128, 0.0045]",0.4391,48,0.5133042867189633,0.8248539485727857,0.44977403282655176
48037,224545,Texas A&M University-Texarkana,"[0.5006, 0.1837, 0.1797, 0.0034, 0.0142, 0.0006, 0.0154, 0.0461]",0.3192,48,0.6475452788323952,0.9029369779335252,0.5341794702404296
48231,224554,East Texas A&M University,"[0.4159, 0.2491, 0.185, 0.0036, 0.0227, 0.0015, 0.0448, 0.0593]",0.2753,48,0.767090589505417,0.953513327790375,0.7249834773712933
48029,225201,Hallmark University,"[0.2487, 0.5013, 0.1124, 0.0063, 0.029, 0.0063, 0.029, 0.0669]",0.332,48,0.9885629943456267,0.9484571165099004,0.7737138613998518
48441,225247,Hardin-Simmons University,"[0.542, 0.2577, 0.1141, 0.0076, 0.0121, 0.0015, 0.0015, 0.0325]",0.3745,48,0.7082160697220207,0.9399309945262407,0.7378546441523923
48201,225399,Houston Christian University,"[0.1912, 0.3895, 0.2431, 0.0025, 0.0707, 0.0021, 0.0195, 0.0384]",0.2542,48,0.9430066656305626,0.9103978931770137,0.871709371605085
48201,225414,University of Houston-Clear Lake,"[0.3164, 0.4774, 0.0653, 0.0014, 0.072, 0.0006, 0.011, 0.0292]",0.3384,48,0.964647072027115,0.9770657433996691,0.8952058905879205
48201,225432,University of Houston-Downtown,"[0.1136, 0.5756, 0.175, 0.001, 0.084, 0.0005, 0.0057, 0.0233]",0.3825,48,0.9860186984671789,0.8426000617077902,0.7280283859347979
48469,225502,University of Houston-Victoria,"[0.2801, 0.4476, 0.1389, 0.0019, 0.0645, 0.0007, 0.0085, 0.0248]",0.3029,48,0.9727783089814446,0.9759743951015006,0.9470112738431562
48201,225511,University of Houston,"[0.1845, 0.3718, 0.1112, 0.0011, 0.2399, 0.0008, 0.0133, 0.0313]",0.2434,48,0.9064031355827094,0.8725285171072275,0.8159779666740624
48049,225548,Howard Payne University,"[0.5118, 0.2788, 0.1068, 0.0069, 0.0055, 0.0042, 0.0416, 0.0444]",0.3549,48,0.7426898188762043,0.9533409861642098,0.7110013869410216
48453,225575,Huston-Tillotson University,"[0.1337, 0.2472, 0.5491, 0.001, 0.0081, 0.001, 0.0061, 0.0101]",0.3807,48,0.611078447373856,0.6106636254189969,0.5601510371249019
48029,225627,University of the Incarnate Word,"[0.159, 0.6459, 0.071, 0.004, 0.0246, 0.004, 0.0303, 0.0238]",0.4496,48,0.9896616365402396,0.8561027182749115,0.6217136285523837
48499,225885,Jarvis Christian University,"[0.0178, 0.177, 0.5501, 0.0055, 0.0, 0.0, 0.214, 0.0137]",0.3803,48,0.44962711473182093,0.40550827213659363,0.3308632721334434
48245,226091,Lamar University,"[0.3934, 0.2284, 0.2836, 0.0027, 0.0552, 0.0001, 0.0209, 0.0046]",0.2909,48,0.7315659668653639,0.9101311940423269,0.9142109430969645
48479,226152,Texas A & M International University,"[0.0203, 0.9192, 0.0048, 0.0003, 0.0033, 0.0, 0.0017, 0.0014]",0.8454,48,0.9306054596274166,0.7084379016627589,0.05934985689827981
48183,226231,LeTourneau University,"[0.6974, 0.0541, 0.0528, 0.0103, 0.0212, 0.0013, 0.0399, 0.0618]",0.498,48,0.40490768639023256,0.7517772199823846,0.40939094362035283
48303,226383,Lubbock Christian University,"[0.6339, 0.2318, 0.0508, 0.0057, 0.0123, 0.0016, 0.036, 0.0147]",0.4598,48,0.6272320806191938,0.8941501948476531,0.8206993434608593
48027,226471,University of Mary Hardin-Baylor,"[0.533, 0.2532, 0.1394, 0.0033, 0.0166, 0.0017, 0.0196, 0.0256]",0.369,48,0.7101101339476379,0.9404807137063106,0.8313682379601647
48441,226587,McMurry University,"[0.4423, 0.3471, 0.1474, 0.0046, 0.0119, 0.0037, 0.0201, 0.0064]",0.3385,48,0.8410675332520436,0.9874373417399419,0.8586112224140331
48485,226833,Midwestern State University,"[0.4418, 0.247, 0.1547, 0.0066, 0.0323, 0.0014, 0.0111, 0.04]",0.2829,48,0.756263540431499,0.9587439287216197,0.7400388831135313
48113,226879,Wade College,"[0.2675, 0.293, 0.3631, 0.0064, 0.0446, 0.0, 0.0255, 0.0]",0.2919,48,0.793287825583562,0.8600468939912049,0.9274209804486352
48121,227216,University of North Texas,"[0.383, 0.2831, 0.1512, 0.0027, 0.0793, 0.0011, 0.011, 0.0445]",0.2581,48,0.8288919972249849,0.9815404320910963,0.8468049862997683
48029,227331,Our Lady of the Lake University,"[0.0825, 0.7653, 0.0688, 0.0, 0.0052, 0.0, 0.0576, 0.0]",0.6006,48,0.9627138520035599,0.7755609279649682,0.5087176606220959
48215,227368,The University of Texas Rio Grande Valley,"[0.0206, 0.9373, 0.0041, 0.0005, 0.0102, 0.0004, 0.0086, 0.0017]",0.8792,48,0.9310985086184428,0.7088760755931921,0.08863218751943588
48113,227429,Paul Quinn College,"[0.226, 0.0906, 0.4787, 0.0053, 0.0139, 0.0043, 0.0309, 0.1461]",0.311,48,0.4622091951090692,0.5827066334444675,0.7450165646164152
48473,227526,Prairie View A & M University,"[0.0123, 0.0813, 0.853, 0.002, 0.008, 0.0005, 0.0042, 0.0273]",0.7352,48,0.2861271445481532,0.2827378674349129,0.45167316676687697
48201,227757,Rice University,"[0.2819, 0.1547, 0.0792, 0.0011, 0.2946, 0.0007, 0.0147, 0.048]",0.199,48,0.6223233154303769,0.7760345722671974,0.821820253070219
48453,227845,Saint Edward's University,"[0.3217, 0.5162, 0.0353, 0.0036, 0.0254, 0.0004, 0.0087, 0.0269]",0.3727,48,0.9637745580751222,0.9636097614698715,0.9922134658368765
48201,227863,University of St Thomas,"[0.1997, 0.5012, 0.0741, 0.0024, 0.109, 0.0008, 0.0539, 0.0123]",0.3115,48,0.98704427378867,0.9133768913993201,0.8045095305987993
48471,227881,Sam Houston State University,"[0.4729, 0.2701, 0.1642, 0.0067, 0.0219, 0.0012, 0.0193, 0.0351]",0.3257,48,0.7604025500334235,0.9602506948269703,0.811172442545798
48265,228042,Schreiner University,"[0.4915, 0.3949, 0.054, 0.0047, 0.0076, 0.0019, 0.0, 0.035]",0.4017,48,0.8396749571358317,0.9827867223604908,0.8608254243413159
48029,228149,St. Mary's University,"[0.1231, 0.6047, 0.0281, 0.0075, 0.0226, 0.0025, 0.1266, 0.0141]",0.3984,48,0.9602175533090216,0.8113951630254866,0.5750400737222638
48113,228246,Southern Methodist University,"[0.6062, 0.1454, 0.0495, 0.0028, 0.0832, 0.0009, 0.0241, 0.0464]",0.4007,48,0.5454751325323175,0.8459896631665078,0.8856520189120792
48139,228325,Nelson University,"[0.5066, 0.2523, 0.1408, 0.0286, 0.0118, 0.0028, 0.0021, 0.0453]",0.3431,48,0.7228584481928262,0.9448749663540659,0.8025137461055214
48491,228343,Southwestern University,"[0.5601, 0.2682, 0.0554, 0.0027, 0.0405, 0.0007, 0.0061, 0.0493]",0.3928,48,0.7039921381346732,0.9354036775802104,0.7603973791545283
48347,228431,Stephen F Austin State University,"[0.5817, 0.213, 0.1241, 0.0054, 0.0119, 0.0004, 0.0134, 0.0433]",0.4014,48,0.6429003113131162,0.9061033379989437,0.663480860575265
48209,228459,Texas State University,"[0.4016, 0.4205, 0.0934, 0.0022, 0.0257, 0.0009, 0.0141, 0.0362]",0.349,48,0.9090076647741034,0.9972389737553897,0.9887839512379791
48251,228468,Southwestern Adventist University,"[0.1927, 0.4082, 0.1093, 0.0046, 0.0516, 0.003, 0.132, 0.0486]",0.2382,48,0.957502703717553,0.9118041728639947,0.9376600225584386
48043,228501,Sul Ross State University,"[0.1967, 0.703, 0.0669, 0.0054, 0.0033, 0.0013, 0.008, 0.0147]",0.5377,48,0.9881213236924243,0.8671685092398869,0.9180609144576284
48143,228529,Tarleton State University,"[0.6342, 0.2308, 0.0647, 0.0057, 0.0098, 0.0007, 0.0112, 0.0362]",0.4612,48,0.6304126303749049,0.8973784842034176,0.6051298090127489
48029,228644,The University of Texas Health Science Center at San Antonio,"[0.2752, 0.5656, 0.0548, 0.0025, 0.0675, 0.0013, 0.0076, 0.0242]",0.4038,48,0.9863537527365052,0.9416845426510443,0.7702302200063463
48167,228653,The University of Texas Medical Branch at Galveston,"[0.3333, 0.2632, 0.0991, 0.0034, 0.2598, 0.0017, 0.0068, 0.0274]",0.2585,48,0.7729930285422834,0.8970996439443247,0.7988032008595047
48273,228705,Texas A&M University-Kingsville,"[0.1438, 0.7582, 0.0438, 0.0013, 0.0064, 0.0007, 0.0028, 0.0114]",0.5976,48,0.9758541556616018,0.8190963802647231,0.4678884716268245
48041,228723,Texas A&M University-College Station,"[0.5563, 0.2539, 0.0229, 0.0022, 0.1135, 0.0004, 0.0033, 0.0373]",0.3887,48,0.6843360697059893,0.919406436510695,0.781522922938107
48439,228769,The University of Texas at Arlington,"[0.2497, 0.3768, 0.1504, 0.0015, 0.1405, 0.0009, 0.0058, 0.0388]",0.2482,48,0.9450011541002973,0.9585726802011707,0.9843313075812767
48453,228778,The University of Texas at Austin,"[0.3318, 0.2802, 0.0451, 0.001, 0.244, 0.0005, 0.0127, 0.0398]",0.2519,48,0.7913224750017704,0.9064037130422954,0.8993027288286085
48113,228787,The University of Texas at Dallas,"[0.2427, 0.1783, 0.0549, 0.001, 0.4138, 0.0006, 0.0286, 0.04]",0.2674,48,0.5670867937040479,0.660459696135278,0.6767703573859042
48141,228796,The University of Texas at El Paso,"[0.0407, 0.8782, 0.018, 0.0017, 0.0059, 0.0009, 0.0099, 0.0078]",0.7734,48,0.9409601759967434,0.7280800257371185,0.18254479216448666
48423,228802,The University of Texas at Tyler,"[0.5161, 0.2602, 0.1076, 0.0037, 0.0467, 0.0003, 0.0076, 0.0385]",0.3494,48,0.727404538525245,0.9498319612198153,0.7325000688484945
48439,228875,Texas Christian University,"[0.6551, 0.1695, 0.0429, 0.0018, 0.0226, 0.001, 0.0171, 0.0416]",0.4623,48,0.5523462398311231,0.8505999144264608,0.7350498212729402
48423,228884,Texas College,"[0.0171, 0.0748, 0.8769, 0.0016, 0.0016, 0.0, 0.0, 0.0]",0.7748,48,0.27607540857482865,0.2772584106476949,0.3397851410790676
48439,228909,University of North Texas Health Science Center,"[0.2, 0.0, 0.4, 0.0, 0.2, 0.0, 0.0, 0.2]",0.28,48,0.3243673609257532,0.46916648461013744,0.5014840662901706
48187,228981,Texas Lutheran University,"[0.4124, 0.4246, 0.0972, 0.0031, 0.0099, 0.0, 0.0138, 0.0375]",0.3615,48,0.903961693021168,0.9957939925627192,0.9925166035264238
48135,229018,The University of Texas Permian Basin,"[0.2687, 0.5387, 0.0751, 0.003, 0.016, 0.003, 0.0094, 0.0232]",0.3689,48,0.986103722348383,0.9461768478877575,0.8046301186246853
48029,229027,The University of Texas at San Antonio,"[0.1957, 0.6076, 0.0814, 0.0011, 0.0566, 0.0015, 0.0086, 0.0341]",0.4185,48,0.9974353499196865,0.8936375819471402,0.6762822827620683
48201,229063,Texas Southern University,"[0.007, 0.0807, 0.8449, 0.0013, 0.0085, 0.001, 0.0056, 0.0344]",0.7217,48,0.284952246130039,0.2791591970487961,0.3959432179509658
48303,229115,Texas Tech University,"[0.5454, 0.2905, 0.0599, 0.0033, 0.0315, 0.0007, 0.0096, 0.0421]",0.3883,48,0.733000890852106,0.9490438684299546,0.8936343261673035
48439,229160,Texas Wesleyan University,"[0.2234, 0.3635, 0.2195, 0.0032, 0.0148, 0.0013, 0.0174, 0.04]",0.2324,48,0.9374836365439395,0.9398750840451862,0.9827789297741973
48121,229179,Texas Woman's University,"[0.2899, 0.3614, 0.1867, 0.0034, 0.0943, 0.0007, 0.0079, 0.0372]",0.2599,48,0.9255336894279598,0.9759497674243474,0.9369347233024488
48029,229267,Trinity University,"[0.5375, 0.2413, 0.0409, 0.0016, 0.0767, 0.0008, 0.0092, 0.0442]",0.3567,48,0.6858352366283437,0.9247958146033822,0.9953338624370339
48201,229300,The University of Texas Health Science Center at Houston,"[0.2004, 0.296, 0.1372, 0.0, 0.2906, 0.0018, 0.0397, 0.0253]",0.2333,48,0.8112326688771395,0.8256590503804658,0.8123300597187169
48303,229337,Texas Tech University Health Sciences Center,"[0.509, 0.3156, 0.0967, 0.011, 0.0587, 0.0, 0.0048, 0.0]",0.3716,48,0.779855860434874,0.9707325625048189,0.9199571014234844
48189,229780,Wayland Baptist University,"[0.3134, 0.3573, 0.1623, 0.0037, 0.0201, 0.037, 0.0421, 0.0379]",0.2572,48,0.9151992920661182,0.9841273762094028,0.9011142643980723
48381,229814,West Texas A & M University,"[0.5218, 0.3377, 0.0448, 0.0053, 0.0176, 0.0015, 0.0356, 0.0237]",0.3905,48,0.7804684894772946,0.9645367504602059,0.7794657803374269
48203,229887,Wiley University,"[0.0946, 0.0387, 0.8338, 0.0129, 0.0014, 0.0, 0.0, 0.0]",0.7058,48,0.268884330431573,0.31329933978718294,0.36207031756943237
49049,230038,Brigham Young University,"[0.8081, 0.0793, 0.0042, 0.0022, 0.0177, 0.0069, 0.0079, 0.0448]",0.6618,49,0.4089654872244136,0.29340977365692644,0.26632618348089626
15003,230047,Brigham Young University-Hawaii,"[0.2548, 0.0534, 0.0033, 0.0029, 0.0361, 0.0641, 0.0, 0.0924]",0.0817,15,0.4884474535957457,0.529605055782168,0.4889142427484362
49035,230366,Eagle Gate College-Murray,"[0.5847, 0.1653, 0.0524, 0.0282, 0.0323, 0.0363, 0.0968, 0.004]",0.3845,49,0.565857786209772,0.4507663946646004,0.5250079988472758
49035,230764,University of Utah,"[0.6329, 0.1407, 0.0144, 0.0035, 0.0785, 0.0044, 0.0091, 0.0595]",0.4304,49,0.522723653413893,0.40732977050814995,0.4856430497827032
49035,230807,Westminster University,"[0.6963, 0.1277, 0.0157, 0.0, 0.0251, 0.0073, 0.0283, 0.045]",0.5049,49,0.4858939303222081,0.3724750388873615,0.45026257308033674
50003,230816,Bennington College,"[0.6276, 0.1023, 0.0286, 0.0055, 0.0082, 0.0, 0.0259, 0.0464]",0.4081,50,0.47153284794769046,0.19120031278711258,0.19112257150957382
50007,230852,Champlain College,"[0.6991, 0.096, 0.06, 0.0036, 0.0416, 0.0007, 0.0554, 0.0419]",0.5081,50,0.4587394374930214,0.16668123910812263,0.1758961923770758
50001,230959,Middlebury College,"[0.5609, 0.1203, 0.0542, 0.0011, 0.0727, 0.0, 0.0065, 0.0705]",0.3423,50,0.5285265885849989,0.24118415540754073,0.2472993954235464
50023,230995,Norwich University,"[0.6732, 0.095, 0.0473, 0.004, 0.0318, 0.0014, 0.0343, 0.0506]",0.4692,50,0.45981594024751693,0.17092928699100687,0.1725329149299824
50007,231059,Saint Michael's College,"[0.8308, 0.055, 0.0283, 0.0017, 0.0142, 0.0, 0.0033, 0.025]",0.6949,50,0.3843002357765304,0.09515466621804043,0.10231669119198007
50019,231095,Sterling College,"[0.7209, 0.0698, 0.0233, 0.0, 0.0465, 0.0, 0.0349, 0.0581]",0.5319,50,0.41676875045874356,0.12824943636111796,0.11793319444562057
50017,231165,Vermont State University,"[0.8435, 0.0198, 0.0306, 0.0054, 0.0171, 0.0, 0.009, 0.0441]",0.7152,50,0.3475611139287333,0.05397714430888038,0.044188491121622354
50007,231174,University of Vermont,"[0.8352, 0.0474, 0.0093, 0.0004, 0.0273, 0.0001, 0.0315, 0.0373]",0.703,50,0.37369851611708216,0.08656940327748967,0.09385421968373855
51590,231420,Averett University,"[0.4897, 0.0446, 0.2819, 0.0089, 0.0152, 0.0036, 0.0312, 0.0482]",0.3249,51,0.44594524350674947,0.3705243843671776,0.5057522722723797
51185,231554,Bluefield University,"[0.5691, 0.0423, 0.2049, 0.0049, 0.0033, 0.0, 0.135, 0.0211]",0.3864,51,0.4185098144290494,0.3176690877075076,0.09054957156829462
51165,231581,Bridgewater College,"[0.6708, 0.074, 0.1182, 0.0007, 0.0131, 0.0022, 0.0363, 0.0631]",0.4749,51,0.44622234571698843,0.32246797888805,0.2105094309525286
51830,231624,William & Mary,"[0.5987, 0.0903, 0.0586, 0.0009, 0.1132, 0.0007, 0.0297, 0.0651]",0.388,51,0.4783426110563521,0.3521737501606056,0.311093863210359
51810,231651,Regent University,"[0.4683, 0.1068, 0.2609, 0.0044, 0.0173, 0.0042, 0.0897, 0.0432]",0.309,51,0.5416454635554627,0.4673977603668102,0.44503456398559615
51700,231712,Christopher Newport University,"[0.7395, 0.0759, 0.0799, 0.0007, 0.0403, 0.0011, 0.0086, 0.0504]",0.5632,51,0.4330494576244307,0.30145385487707127,0.33050322879659333
51191,232025,Emory & Henry University,"[0.7278, 0.0333, 0.1444, 0.0037, 0.013, 0.0037, 0.025, 0.0389]",0.554,51,0.39133007096738925,0.2680989492475644,0.06626158507584402
51660,232043,Eastern Mennonite University,"[0.5956, 0.1029, 0.1138, 0.0012, 0.0242, 0.0, 0.0569, 0.046]",0.3842,51,0.4997596397696196,0.37981834396258873,0.5219569202398633
51067,232089,Ferrum College,"[0.4808, 0.0641, 0.1962, 0.0038, 0.0051, 0.0, 0.1756, 0.0513]",0.3073,51,0.45690660138078804,0.3666599194877226,0.1857561757194392
51059,232186,George Mason University,"[0.3425, 0.1711, 0.1194, 0.0009, 0.2307, 0.0011, 0.0313, 0.0531]",0.2179,51,0.6726041534271473,0.6036988960232519,0.7798176507493582
51147,232256,Hampden-Sydney College,"[0.7776, 0.0612, 0.0765, 0.0, 0.0129, 0.0, 0.0153, 0.0541]",0.6176,51,0.40778589938395104,0.2738083408867566,0.20293381224977913
51650,232265,Hampton University,"[0.0102, 0.0084, 0.9649, 0.0028, 0.0039, 0.0, 0.0098, 0.0]",0.9313,51,0.20394119595032809,0.3011967325765507,0.8015343370996542
51161,232308,Hollins University,"[0.582, 0.0943, 0.148, 0.0, 0.0116, 0.0029, 0.0073, 0.0726]",0.375,51,0.49688676370313845,0.38413595036047976,0.21812892942618978
51660,232423,James Madison University,"[0.7474, 0.0762, 0.0449, 0.0013, 0.049, 0.0011, 0.0206, 0.0508]",0.5718,51,0.4258002492950953,0.2893104405188201,0.4579208336551583
51680,232557,Liberty University,"[0.5763, 0.0709, 0.0939, 0.0041, 0.0173, 0.0024, 0.1881, 0.038]",0.3831,51,0.43671948299216123,0.3171865586492878,0.24331576933637344
51147,232566,Longwood University,"[0.7225, 0.0651, 0.1063, 0.0027, 0.0153, 0.0003, 0.0193, 0.0542]",0.5411,51,0.42518577037337374,0.29713407847532625,0.24159810633493822
51680,232609,University of Lynchburg,"[0.7122, 0.07, 0.118, 0.0039, 0.0162, 0.0019, 0.0143, 0.0447]",0.5285,51,0.43429580321689665,0.30834807904723865,0.23078527326516707
51790,232672,Mary Baldwin University,"[0.5116, 0.0763, 0.2512, 0.0015, 0.0146, 0.0008, 0.0763, 0.0501]",0.3392,51,0.48892967544470967,0.40505860436483304,0.24468255257612553
51630,232681,University of Mary Washington,"[0.6454, 0.1214, 0.0831, 0.0017, 0.0447, 0.0009, 0.0343, 0.0488]",0.4437,51,0.5082100145773307,0.3819303504131006,0.42204540702071247
51013,232706,Marymount University,"[0.3084, 0.254, 0.1644, 0.0, 0.0731, 0.0023, 0.0289, 0.0533]",0.1957,51,0.844238562036717,0.7882880987044801,0.8043871279667307
51550,232885,Sentara College of Health Sciences,"[0.6266, 0.0622, 0.1245, 0.0, 0.1162, 0.0041, 0.0124, 0.0539]",0.4286,51,0.44735905773900875,0.3304887938547364,0.2979657161810377
51710,232937,Norfolk State University,"[0.0212, 0.0477, 0.8515, 0.0024, 0.0026, 0.0008, 0.0133, 0.0563]",0.7311,51,0.2553179373110945,0.3511498012437684,0.7262632461425703
51710,232982,Old Dominion University,"[0.4222, 0.1022, 0.3246, 0.0023, 0.0497, 0.0026, 0.0184, 0.0677]",0.3015,51,0.5439263739092365,0.4939413459570582,0.6794766385825209
51750,233277,Radford University,"[0.6476, 0.0908, 0.1514, 0.0032, 0.0151, 0.001, 0.0294, 0.0548]",0.4547,51,0.4770994822869745,0.3606882565813823,0.23686321257458082
51085,233295,Randolph-Macon College,"[0.752, 0.0528, 0.086, 0.002, 0.0224, 0.0007, 0.0129, 0.0535]",0.5792,51,0.40384879769586735,0.2717653875993512,0.12878937927232575
51680,233301,Randolph College,"[0.5813, 0.0781, 0.2126, 0.0022, 0.0239, 0.0108, 0.0043, 0.0521]",0.3926,51,0.4809555703698042,0.3808494031336535,0.3261597172492649
51087,233356,Bon Secours Memorial College of Nursing,"[0.6403, 0.0125, 0.2183, 0.0021, 0.0665, 0.0, 0.0, 0.0603]",0.4659,51,0.38823326619926085,0.2847942629143914,0.2988119614526551
51760,233374,University of Richmond,"[0.6008, 0.1013, 0.0645, 0.0023, 0.0652, 0.0003, 0.0225, 0.045]",0.3822,51,0.49174965566711815,0.3635163602983683,0.3694847903452896
51775,233426,Roanoke College,"[0.8029, 0.0644, 0.0511, 0.0039, 0.0189, 0.0017, 0.0011, 0.0339]",0.6529,51,0.4030356094273022,0.2649306683852882,0.13950956934294684
51840,233541,Shenandoah University,"[0.606, 0.0936, 0.0846, 0.0185, 0.0314, 0.0043, 0.1383, 0.02]",0.404,51,0.46994274931026403,0.3455369646002133,0.44384839117531993
37183,233602,Southeastern Free Will Baptist Bible College,"[0.8919, 0.0811, 0.0, 0.0135, 0.0135, 0.0, 0.0, 0.0]",0.8024,37,0.39809149512660746,0.24999477212632187,0.2690597507863898
51530,233611,Southern Virginia University,"[0.7322, 0.0893, 0.0399, 0.0095, 0.0123, 0.0323, 0.0028, 0.0617]",0.5508,51,0.43875458292888375,0.30127081680850404,0.1679201670754533
51013,233684,Strayer University-Virginia,"[0.2581, 0.0951, 0.5366, 0.0018, 0.0364, 0.0014, 0.0182, 0.046]",0.3674,51,0.4595856353882747,0.48773917018229984,0.3921213189251901
51009,233718,Sweet Briar College,"[0.6918, 0.0466, 0.0843, 0.0089, 0.0266, 0.0, 0.0377, 0.0133]",0.4903,51,0.4005211376216603,0.2687576502686244,0.12891111171040456
51195,233897,University of Virginia's College at Wise,"[0.7774, 0.0081, 0.0977, 0.005, 0.0131, 0.0, 0.0846, 0.0141]",0.6215,51,0.34695560736539843,0.21493501555543318,0.031543989233264014
51121,233921,Virginia Polytechnic Institute and State University,"[0.5981, 0.0957, 0.0596, 0.0011, 0.1229, 0.0012, 0.0251, 0.0524]",0.3889,51,0.485835030297315,0.36028975089458554,0.23898434627530607
51760,234030,Virginia Commonwealth University,"[0.4099, 0.1133, 0.2078, 0.0021, 0.144, 0.0017, 0.0217, 0.0814]",0.2519,51,0.5826096577082807,0.5124390418832627,0.6097394174780427
51540,234076,University of Virginia-Main Campus,"[0.5226, 0.0714, 0.07, 0.0007, 0.178, 0.0005, 0.0544, 0.0565]",0.3209,51,0.46694282457060887,0.3515494314442447,0.29364443970582277
51678,234085,Virginia Military Institute,"[0.7407, 0.082, 0.0675, 0.0033, 0.0483, 0.002, 0.006, 0.0324]",0.5634,51,0.43728877137447064,0.3038593477133183,0.1744938136706921
51041,234155,Virginia State University,"[0.02, 0.0147, 0.9148, 0.0012, 0.0033, 0.0, 0.0412, 0.0]",0.8392,51,0.2142462371709255,0.30980976254174897,0.3720104634588234
51760,234164,Virginia Union University,"[0.0069, 0.02, 0.862, 0.0015, 0.0015, 0.0015, 0.0833, 0.01]",0.7505,51,0.21669132622400294,0.3140822941137762,0.6918387436173834
51810,234173,Virginia Wesleyan University,"[0.5043, 0.104, 0.247, 0.0087, 0.0225, 0.0, 0.0355, 0.052]",0.3307,51,0.5352850523847169,0.45213128463153834,0.42924746478645315
51678,234207,Washington and Lee University,"[0.7233, 0.0801, 0.0398, 0.0011, 0.0398, 0.0011, 0.0054, 0.0457]",0.5349,51,0.4316752464610353,0.29445407909297056,0.17240546931239084
53037,234827,Central Washington University,"[0.5452, 0.201, 0.0507, 0.0069, 0.0456, 0.0091, 0.0293, 0.0855]",0.3506,53,0.6363058967167021,0.5478190094954865,0.4671874135765947
53033,234915,City University of Seattle,"[0.1968, 0.0678, 0.0641, 0.0028, 0.0529, 0.0074, 0.5506, 0.0251]",0.3541,53,0.24859443452993019,0.20896077229422982,0.21920853703609838
53033,235024,Cornish College of the Arts,"[0.649, 0.0192, 0.0505, 0.0144, 0.0385, 0.0, 0.101, 0.101]",0.4462,53,0.36323155318828393,0.2579579665913327,0.2475832211188716
53063,235097,Eastern Washington University,"[0.5846, 0.2005, 0.0382, 0.0123, 0.0215, 0.0079, 0.0595, 0.068]",0.3923,53,0.6117988734765789,0.5213231903610652,0.4058384482812587
53067,235167,The Evergreen State College,"[0.6087, 0.1306, 0.0534, 0.03, 0.0345, 0.0067, 0.0706, 0.0656]",0.4018,53,0.5214240498970071,0.42149803517226564,0.35445709860955277
53063,235316,Gonzaga University,"[0.6483, 0.1287, 0.0114, 0.0048, 0.0664, 0.0036, 0.0251, 0.0755]",0.4478,53,0.5023767994406676,0.4121032507524753,0.28240851126974836
53077,235422,Heritage University,"[0.0817, 0.7412, 0.0075, 0.1281, 0.0101, 0.0, 0.0176, 0.0126]",0.5731,53,0.943357424863168,0.970500298182995,0.7031241956136478
53033,235547,Bastyr University,"[0.7568, 0.027, 0.0135, 0.0, 0.0541, 0.0405, 0.0405, 0.0676]",0.5844,53,0.3602102706405526,0.259755549148188,0.24735089562070628
53033,236133,Northwest University,"[0.6239, 0.1375, 0.0574, 0.0, 0.0453, 0.0076, 0.0166, 0.077]",0.4198,53,0.5300985899517882,0.4304506286584666,0.4138662137585232
53053,236230,Pacific Lutheran University,"[0.5051, 0.1775, 0.0413, 0.0071, 0.111, 0.0195, 0.0133, 0.1065]",0.3126,53,0.6226228837779959,0.5441980458213226,0.531267305884767
53053,236328,University of Puget Sound,"[0.6583, 0.1157, 0.0298, 0.0029, 0.0678, 0.0058, 0.0269, 0.0864]",0.4605,53,0.4888146450264505,0.39449519876024947,0.37979010727658613
53067,236452,Saint Martin's University,"[0.3765, 0.2247, 0.0714, 0.0089, 0.1042, 0.0625, 0.0089, 0.1295]",0.229,53,0.7480291931397955,0.6824507758449827,0.6236531623426308
53033,236577,Seattle Pacific University,"[0.3981, 0.176, 0.0722, 0.0029, 0.1544, 0.0071, 0.0245, 0.1009]",0.2294,53,0.6739797852901606,0.6011720041977342,0.6334426486198534
53033,236595,Seattle University,"[0.3385, 0.146, 0.0533, 0.0015, 0.2542, 0.0107, 0.0141, 0.0947]",0.2126,53,0.6107993002199568,0.5617791994842489,0.6412051697670741
53071,236896,Walla Walla University,"[0.5194, 0.2285, 0.0332, 0.0008, 0.0567, 0.0041, 0.0065, 0.0981]",0.336,53,0.676720829803976,0.5984796384619215,0.670544746480152
53075,236939,Washington State University,"[0.5954, 0.1649, 0.0283, 0.0063, 0.0711, 0.0058, 0.0217, 0.0751]",0.3937,53,0.5682843820511426,0.4800479897733841,0.38814265845360507
53033,236948,University of Washington-Seattle Campus,"[0.3432, 0.0958, 0.036, 0.0032, 0.2751, 0.0031, 0.0279, 0.0773]",0.2107,53,0.5107453558013454,0.46195821705268786,0.5530915939523242
53073,237011,Western Washington University,"[0.6881, 0.1079, 0.0203, 0.0036, 0.0601, 0.002, 0.0143, 0.0946]",0.4983,53,0.4699481343733748,0.3759762193449069,0.29578727284954764
53071,237057,Whitman College,"[0.6053, 0.0924, 0.0265, 0.0034, 0.0618, 0.0014, 0.0204, 0.07]",0.3848,53,0.4694649999569489,0.37330164880828287,0.45976784491580247
53063,237066,Whitworth University,"[0.6249, 0.1291, 0.0265, 0.0039, 0.0417, 0.0187, 0.0049, 0.0952]",0.4191,53,0.5111685009027364,0.41808934309086704,0.29157479656985
54081,237136,Appalachian Bible College,"[0.7527, 0.0, 0.022, 0.0, 0.011, 0.0, 0.1813, 0.0]",0.6,54,0.31417939094619307,0.023063896334169064,0.02149207652306861
54009,237181,Bethany College,"[0.5338, 0.0659, 0.152, 0.0017, 0.0017, 0.0017, 0.1014, 0.0355]",0.3239,54,0.4587960752940571,0.15006091241301972,0.1366973437945822
54055,237215,Bluefield State University,"[0.7512, 0.0375, 0.1507, 0.0008, 0.0032, 0.0, 0.0032, 0.047]",0.5906,54,0.39437389836027076,0.08064767195924595,0.07838018978854996
54039,237312,University of Charleston,"[0.6901, 0.0597, 0.0918, 0.015, 0.0215, 0.0069, 0.0562, 0.0]",0.4921,54,0.4166943487123411,0.11213711238933242,0.1142750532675836
54055,237330,Concord University,"[0.7956, 0.0092, 0.0847, 0.0015, 0.0038, 0.0, 0.016, 0.0481]",0.6428,54,0.34736385888760324,0.040075868985018206,0.03502271463536906
54083,237358,Davis & Elkins College,"[0.4472, 0.0357, 0.0528, 0.0093, 0.0109, 0.0016, 0.3634, 0.0016]",0.3363,54,0.3239661519844715,0.08401055209282882,0.07446537187776707
54049,237367,Fairmont State University,"[0.8501, 0.0094, 0.0486, 0.0068, 0.0094, 0.0014, 0.0497, 0.0245]",0.7283,54,0.33771407482029653,0.03650568415186717,0.032194660868914725
54011,237525,Marshall University,"[0.8409, 0.0254, 0.0584, 0.0036, 0.0138, 0.0006, 0.0088, 0.0365]",0.7128,54,0.35864038081829314,0.056584570761883855,0.055393885385362614
54033,237783,Salem University,"[0.4444, 0.0701, 0.1852, 0.0066, 0.0106, 0.0066, 0.0952, 0.0146]",0.2462,54,0.4892931919775332,0.17763151991094223,0.1709401107801393
54037,237792,Shepherd University,"[0.708, 0.0813, 0.0822, 0.0026, 0.0211, 0.0004, 0.0284, 0.0602]",0.5195,54,0.44331768233252733,0.14265098543510632,0.21454497428735983
54039,237899,West Virginia State University,"[0.6784, 0.0257, 0.1703, 0.0, 0.0051, 0.0, 0.0286, 0.0595]",0.4943,54,0.3901324176592127,0.07121755822062206,0.079567876383997
54069,237932,West Liberty University,"[0.8016, 0.0012, 0.0382, 0.0, 0.0055, 0.0012, 0.0546, 0.0692]",0.6518,54,0.329368070917735,0.029075576520965988,0.025443841359490436
54081,237950,West Virginia University Institute of Technology,"[0.7486, 0.0337, 0.0318, 0.0019, 0.0096, 0.0019, 0.0241, 0.053]",0.566,54,0.36832242153454586,0.07140269413092074,0.07049925756049209
54097,237969,West Virginia Wesleyan College,"[0.6964, 0.0485, 0.14, 0.009, 0.0113, 0.0023, 0.0056, 0.0316]",0.5082,54,0.4121855623443183,0.09923566313155056,0.08532747199826049
54061,238032,West Virginia University,"[0.8203, 0.0423, 0.0313, 0.0014, 0.0164, 0.0007, 0.0114, 0.0565]",0.6793,54,0.37400349071590383,0.07767987993880487,0.09458881327934529
54069,238078,Wheeling University,"[0.2453, 0.0031, 0.1196, 0.0078, 0.014, 0.0, 0.5512, 0.0062]",0.3786,54,0.1776116617508378,0.024838296141658472,0.024448243443818272
55079,238193,Alverno College,"[0.3222, 0.4045, 0.1646, 0.0042, 0.0502, 0.0014, 0.0042, 0.0446]",0.2991,55,0.9394657498041723,0.8197194846585942,0.9372626820516228
55009,238324,Bellin College,"[0.879, 0.0202, 0.0086, 0.0086, 0.0202, 0.0, 0.0346, 0.0288]",0.7756,55,0.3415074217521207,0.12145315985050752,0.15021695607430313
55105,238333,Beloit College,"[0.4919, 0.1672, 0.0934, 0.0, 0.0315, 0.0, 0.0282, 0.0369]",0.2818,55,0.6262124526871933,0.4198503609979761,0.43879506681765174
55133,238458,Carroll University,"[0.749, 0.1101, 0.0249, 0.0011, 0.0338, 0.0015, 0.0275, 0.0338]",0.5768,55,0.45747205424658804,0.24423400311915694,0.21050552577181705
55059,238476,Carthage College,"[0.6879, 0.1547, 0.0547, 0.0031, 0.0216, 0.0004, 0.0279, 0.0378]",0.5028,55,0.5277506396952873,0.31857875066295355,0.4138624590568372
55089,238616,Concordia University-Wisconsin,"[0.6733, 0.0606, 0.0912, 0.0047, 0.0536, 0.0004, 0.0246, 0.0246]",0.4694,55,0.4261765139515535,0.19670507802723136,0.13162827485505973
55025,238661,Edgewood College,"[0.7675, 0.11, 0.0399, 0.0018, 0.0195, 0.0027, 0.016, 0.0346]",0.6046,55,0.4561203656805163,0.24152424924335664,0.24377411359194923
55117,238980,Lakeland University,"[0.6315, 0.096, 0.0906, 0.0117, 0.0422, 0.0, 0.0812, 0.0273]",0.4255,55,0.4768375792479438,0.25414482356225376,0.24305830459433464
55087,239017,Lawrence University,"[0.6067, 0.112, 0.0397, 0.0043, 0.0546, 0.0, 0.0106, 0.0524]",0.3881,55,0.49822027097193533,0.2832943068669315,0.24389846664190296
55055,239071,Maranatha Baptist University,"[0.8529, 0.0595, 0.0175, 0.0053, 0.014, 0.0, 0.0193, 0.0228]",0.7324,55,0.384883802356346,0.1676921133946616,0.16615146563306524
55039,239080,Marian University,"[0.725, 0.0926, 0.052, 0.0113, 0.017, 0.0009, 0.0284, 0.0255]",0.5388,55,0.445416141282537,0.2276527862594979,0.20249526379981456
55079,239105,Marquette University,"[0.6737, 0.1565, 0.0487, 0.001, 0.0599, 0.0011, 0.0102, 0.0331]",0.4855,55,0.5358960786147842,0.3257656525854207,0.5043407238001812
55079,239309,Milwaukee Institute of Art & Design,"[0.6492, 0.1709, 0.0469, 0.0034, 0.0503, 0.0034, 0.0045, 0.0693]",0.4602,55,0.5602605460916494,0.35376353273912103,0.5267414136613312
55079,239318,Milwaukee School of Engineering,"[0.6913, 0.0921, 0.0254, 0.0023, 0.0574, 0.0004, 0.0585, 0.0332]",0.4948,55,0.44813151065528833,0.23194285989072125,0.4149791172691285
55079,239390,Mount Mary University,"[0.325, 0.3422, 0.2094, 0.0016, 0.0719, 0.0, 0.0094, 0.0281]",0.2726,55,0.8939678361633743,0.7477578900410884,0.9221970312369423
55003,239512,Northland College,"[0.7224, 0.0886, 0.0413, 0.0157, 0.0059, 0.0, 0.0118, 0.0453]",0.5339,55,0.4386770208689767,0.22237240827347798,0.15645036674120086
55039,239628,Ripon College,"[0.7878, 0.1088, 0.0385, 0.0013, 0.0186, 0.004, 0.0027, 0.0252]",0.635,55,0.4503482026900571,0.23586015132962054,0.2120880290099537
55009,239716,Saint Norbert College,"[0.8459, 0.0628, 0.0174, 0.005, 0.0174, 0.0006, 0.0118, 0.0241]",0.7208,55,0.3893321855341647,0.172263375234209,0.2003772389913869
55063,240107,Viterbo University,"[0.8187, 0.0549, 0.0536, 0.0027, 0.0172, 0.0007, 0.0192, 0.0254]",0.6775,55,0.3909320947719259,0.16853500733594173,0.09888510547603799
55127,240189,University of Wisconsin-Whitewater,"[0.8118, 0.086, 0.0437, 0.0025, 0.0189, 0.0009, 0.0062, 0.0263]",0.6694,55,0.42350012674265347,0.2055084486053817,0.24596867817463178
55035,240268,University of Wisconsin-Eau Claire,"[0.8667, 0.0379, 0.0098, 0.0015, 0.0289, 0.0004, 0.0034, 0.0313]",0.7545,55,0.361611626404753,0.14235829351753482,0.08036431069816889
55009,240277,University of Wisconsin-Green Bay,"[0.7807, 0.0815, 0.0259, 0.0135, 0.0387, 0.0, 0.0082, 0.0427]",0.6204,55,0.42179552113780633,0.20426946515253355,0.23214707618494648
55063,240329,University of Wisconsin-La Crosse,"[0.8935, 0.0381, 0.0048, 0.0011, 0.0227, 0.0004, 0.0042, 0.0314]",0.8013,55,0.358792099988901,0.14052981818511712,0.07414174498504902
55079,240338,Wisconsin Lutheran College,"[0.7364, 0.097, 0.0556, 0.001, 0.0131, 0.001, 0.0525, 0.0343]",0.5589,55,0.4488676670451358,0.23148272864511482,0.42598716170655815
55139,240365,University of Wisconsin-Oshkosh,"[0.7977, 0.062, 0.0284, 0.0041, 0.0426, 0.0013, 0.0105, 0.0349]",0.6441,55,0.39851410289804134,0.17831558744795098,0.13866695691339095
55059,240374,University of Wisconsin-Parkside,"[0.6224, 0.2001, 0.0751, 0.0007, 0.0293, 0.0007, 0.0047, 0.0519]",0.4366,55,0.606647901426306,0.404065747317268,0.4958175273953948
55033,240417,University of Wisconsin-Stout,"[0.848, 0.0382, 0.0144, 0.0034, 0.0334, 0.0011, 0.0125, 0.0291]",0.7229,55,0.3643337909712682,0.14425799341630485,0.07283447946155487
55031,240426,University of Wisconsin-Superior,"[0.7917, 0.0376, 0.0223, 0.0292, 0.0114, 0.001, 0.002, 0.0114]",0.6298,55,0.3654150957478506,0.14607855409373,0.0687017347040644
55025,240444,University of Wisconsin-Madison,"[0.6249, 0.0752, 0.0225, 0.0023, 0.0972, 0.0007, 0.0327, 0.0445]",0.4092,55,0.4416446799929401,0.2215596620559296,0.23005408295558988
55079,240453,University of Wisconsin-Milwaukee,"[0.6419, 0.1422, 0.0704, 0.0035, 0.0647, 0.0007, 0.0128, 0.0442]",0.4435,55,0.5339744986131842,0.3186054373635137,0.5122930462423405
55043,240462,University of Wisconsin-Platteville,"[0.8959, 0.0446, 0.0117, 0.0014, 0.0123, 0.001, 0.0081, 0.0193]",0.8054,55,0.3649634559956711,0.14721227282530489,0.07599492592748842
55093,240471,University of Wisconsin-River Falls,"[0.871, 0.0388, 0.0178, 0.0021, 0.027, 0.0007, 0.0079, 0.0259]",0.7619,55,0.36355367258611915,0.1435517757100528,0.07751477536819211
55097,240480,University of Wisconsin-Stevens Point,"[0.8609, 0.0436, 0.0163, 0.004, 0.0279, 0.0014, 0.0122, 0.029]",0.7451,55,0.3691535757656992,0.14965465226506683,0.09484359589011941
56001,240727,University of Wyoming,"[0.779, 0.0838, 0.0103, 0.0056, 0.0122, 0.001, 0.0494, 0.0413]",0.6183,56,0.41774038448092926,0.2323928553001897,0.2390286731087383
6085,243744,Stanford University,"[0.2589, 0.1758, 0.0737, 0.0088, 0.2635, 0.0023, 0.0024, 0.1002]",0.1829,06,0.676260501896911,0.8959969160887706,0.9566701020796526
18157,243780,Purdue University-Main Campus,"[0.611, 0.0662, 0.0247, 0.0008, 0.1262, 0.0005, 0.0143, 0.0459]",0.3966,18,0.433385987012632,0.22205237141790943,0.2668073852847362
48113,243823,Parker University,"[0.4428, 0.0316, 0.2774, 0.017, 0.0657, 0.0024, 0.1363, 0.0219]",0.2977,48,0.42260938222394945,0.7146309549306152,0.8588134033578771
35049,245652,St. John's College,"[0.6566, 0.1126, 0.0192, 0.0027, 0.0165, 0.0027, 0.0165, 0.0467]",0.4469,35,0.4767860576682891,0.8768957515341804,0.8416440483046318
36087,245777,Bais Medrash Elyon,"[0.9778, 0.0, 0.0, 0.0, 0.0, 0.0, 0.0, 0.0]",0.9561,36,0.3143549189511773,0.3338660458125799,0.30164769544304154
6037,245838,Antioch University-Los Angeles,"[0.4865, 0.1351, 0.0676, 0.0, 0.0405, 0.0, 0.1757, 0.0676]",0.2966,06,0.5512685380730508,0.8408060889714004,0.9102530948283153
6083,245847,Antioch University-Santa Barbara,"[0.3667, 0.3333, 0.0, 0.0, 0.0, 0.0, 0.1833, 0.0167]",0.2794,06,0.8045937633987866,0.8997384689052637,0.9363406043217747
39057,245892,Antioch University,"[0.4286, 0.1429, 0.1619, 0.0095, 0.0286, 0.0, 0.1905, 0.0381]",0.269,39,0.587133481569091,0.37591792097477195,0.34043848837785806
40027,245953,Mid-America Christian University,"[0.494, 0.1428, 0.1491, 0.0629, 0.0092, 0.0042, 0.0516, 0.0332]",0.2945,40,0.5893390159369755,0.47756313309184456,0.4307863052711444
50025,247649,Landmark College,"[0.7052, 0.0699, 0.0568, 0.0, 0.024, 0.0, 0.0742, 0.0655]",0.5158,50,0.42359697783311845,0.13063192212553257,0.1358189364263156
26125,247773,Yeshiva Gedolah of Greater Detroit,"[1.0, 0.0, 0.0, 0.0, 0.0, 0.0, 0.0, 0.0]",1.0,26,0.3143549189511773,0.07561295301948708,0.06717449878069198
45079,251312,South University-Columbia,"[0.1976, 0.0571, 0.669, 0.0048, 0.0048, 0.0048, 0.0286, 0.0286]",0.4916,45,0.3507790583251065,0.4578557269868372,0.7836995184491771
6059,262086,University of Massachusetts Global,"[0.5965, 0.0983, 0.1102, 0.0143, 0.0451, 0.0046, 0.0744, 0.0552]",0.3885,06,0.49416659154839304,0.8295027626341425,0.736221306594347
12081,262129,New College of Florida,"[0.6457, 0.1704, 0.0404, 0.0, 0.0419, 0.0015, 0.012, 0.0523]",0.4522,12,0.5582217594095471,0.6644558730054968,0.4953126882884751
30111,262165,Montana Bible College,"[0.0, 0.0, 0.0, 0.0, 0.0, 0.0, 0.0, 0.0]",0.0,30,0.0,,
12086,363712,Yeshivah Gedolah Rabbinical College,"[0.8571, 0.0, 0.0, 0.0, 0.0, 0.0, 0.0, 0.0]",0.7346,12,0.3143549189511773,0.4414883625496916,0.9619421421632416
4013,363934,University of Advancing Technology,"[0.4738, 0.1671, 0.1459, 0.02, 0.0274, 0.0087, 0.0673, 0.0873]",0.2871,04,0.63492711420581,0.7406008854062947,0.744103867056893
6073,366711,California State University-San Marcos,"[0.253, 0.5128, 0.0352, 0.0025, 0.0978, 0.0029, 0.0316, 0.0552]",0.3418,06,0.9791068577377361,0.9218678159173394,0.9771395541105636
47037,368452,Nossi College of Art and Design,"[0.6443, 0.0604, 0.2315, 0.0134, 0.0235, 0.0034, 0.0168, 0.0067]",0.4734,47,0.4442592673676441,0.24775192294315443,0.4238835758338755
36047,375230,Yeshiva Gedolah Imrei Yosef D'spinka,"[1.0, 0.0, 0.0, 0.0, 0.0, 0.0, 0.0, 0.0]",1.0,36,0.3143549189511773,0.33386604581257984,0.3757487928106995
53053,377546,Northwest College of Art & Design,"[0.5882, 0.1513, 0.0504, 0.0924, 0.084, 0.0252, 0.0084, 0.0]",0.3877,53,0.5512181832719187,0.455976708124275,0.4379051718975111
53033,377555,University of Washington-Bothell Campus,"[0.294, 0.103, 0.1024, 0.0015, 0.3581, 0.0037, 0.0306, 0.0641]",0.2408,53,0.49997799861137104,0.45447593996223506,0.580810924651084
53053,377564,University of Washington-Tacoma Campus,"[0.3399, 0.1527, 0.1132, 0.0057, 0.2425, 0.0123, 0.0202, 0.0947]",0.22,53,0.6369633976069797,0.5707783206435725,0.5579159522491288
49049,380438,Provo College,"[0.744, 0.128, 0.0127, 0.0183, 0.0197, 0.0098, 0.0534, 0.0141]",0.574,49,0.472334700908863,0.3603171523948082,0.3335269612738717
12069,384254,Beacon College,"[0.6759, 0.0874, 0.1279, 0.0128, 0.0448, 0.0043, 0.0, 0.0405]",0.4847,12,0.4663845533294041,0.58792987609912,0.39142164846903815
11001,384412,University of the Potomac-Washington DC Campus,"[0.1009, 0.0395, 0.1711, 0.0088, 0.4211, 0.0, 0.0175, 0.0219]",0.2192,11,0.30422112055821326,0.4385740315667402,0.4385740315667402
34023,384421,Rabbi Jacob Joseph School,"[0.9362, 0.0, 0.0, 0.0, 0.0, 0.0, 0.0, 0.0]",0.8765,34,0.3143549189511773,0.36862177991949135,0.4255284456465494
12099,385619,Everglades University,"[0.4457, 0.1897, 0.1874, 0.0174, 0.0138, 0.0045, 0.1091, 0.0307]",0.2831,12,0.6681351075704376,0.7689961474771574,0.7460525339290407
48201,388520,College of Biblical Studies-Houston,"[0.1463, 0.2829, 0.4829, 0.0098, 0.0537, 0.0049, 0.0098, 0.0098]",0.3378,48,0.6978969342030514,0.6895691342406467,0.737644332651972
6059,399911,Soka University of America,"[0.1438, 0.1258, 0.0202, 0.0, 0.1213, 0.0, 0.0112, 0.0517]",0.0544,06,0.77174681908793,0.9492695174642085,0.9687401666405138
6037,401223,World Mission University,"[0.0, 0.25, 0.0, 0.0, 0.4479, 0.0, 0.0, 0.0]",0.2631,06,0.5319880301625429,0.5469390074445811,0.444863848303304
12057,404338,Schiller International University,"[0.3478, 0.1304, 0.0435, 0.0, 0.0435, 0.0, 0.3913, 0.0435]",0.2968,12,0.4554934798271695,0.5236167897157954,0.5641577334141523
36047,405854,Rabbinical College of Ohr Shimon Yisroel,"[1.0, 0.0, 0.0, 0.0, 0.0, 0.0, 0.0, 0.0]",1.0,36,0.3143549189511773,0.33386604581257984,0.3757487928106995
41029,407610,Pacific Bible College,"[0.8667, 0.0222, 0.0, 0.0, 0.0222, 0.0222, 0.0, 0.0667]",0.7571,41,0.34414285948747253,0.22146734709238472,0.20622462816283477
6053,409698,California State University-Monterey Bay,"[0.2658, 0.5409, 0.0253, 0.0018, 0.0648, 0.0023, 0.0307, 0.0475]",0.3713,06,0.9795570387544206,0.9112359907018134,0.7739025259424664
27053,413413,Capella University,"[0.4979, 0.1275, 0.2299, 0.005, 0.0345, 0.005, 0.0616, 0.0349]",0.3233,27,0.5705691576633978,0.3346796418915876,0.40593444533016687
18151,414878,Trine University-Regional/Non-Traditional Campuses,"[0.6541, 0.0714, 0.0414, 0.0, 0.0075, 0.0, 0.1917, 0.0301]",0.4724,18,0.412753320391331,0.21509363798663095,0.14952073982899533
48201,416801,The University of Texas MD Anderson Cancer Center,"[0.2285, 0.3086, 0.0801, 0.0, 0.2938, 0.0, 0.0148, 0.0386]",0.2419,48,0.8178819453789762,0.8453883509247874,0.817443450992247
48439,417752,Messenger College,"[0.5789, 0.2632, 0.0526, 0.0526, 0.0, 0.0, 0.0526, 0.0]",0.4127,48,0.6784914566753775,0.917262393541425,0.8252894427344393
36059,418126,New York College of Health Professions,"[0.2742, 0.1452, 0.1613, 0.0, 0.3065, 0.0, 0.0968, 0.0]",0.2256,36,0.5912875428872889,0.6541160267337471,0.6397771735047069
15003,420042,University of Phoenix-Hawaii,"[0.0, 0.0417, 0.0, 0.0, 0.0833, 0.25, 0.5417, 0.0833]",0.3716,15,0.09346897697499176,0.2801703604695187,0.2688114253644508
36087,420325,Yeshiva D'monsey Rabbinical College,"[1.0, 0.0, 0.0, 0.0, 0.0, 0.0, 0.0, 0.0]",1.0,36,0.3143549189511773,0.33386604581257984,0.30164769544304154
4013,421708,Arizona College of Nursing-Tempe,"[0.4503, 0.2744, 0.0875, 0.0204, 0.0357, 0.0068, 0.017, 0.1079]",0.2994,04,0.7717456664034694,0.8675893391837801,0.8692685403394573
34017,421878,Eastern International College-Jersey City,"[0.199, 0.3514, 0.2842, 0.0, 0.1344, 0.0026, 0.0, 0.0078]",0.262,34,0.8879821453216086,0.9162261618862322,0.8489807110663751
12127,426314,Embry-Riddle Aeronautical University-Worldwide,"[0.5381, 0.1845, 0.0873, 0.0043, 0.0366, 0.0075, 0.0486, 0.0442]",0.3369,12,0.6252271867730309,0.7278308098582438,0.5294019716788834
55133,428259,Ottawa University-Milwaukee,"[0.7258, 0.0806, 0.0968, 0.0161, 0.0161, 0.0, 0.0323, 0.0323]",0.5453,55,0.44036326657691194,0.2154982442805753,0.1755129509301802
24033,430184,Strayer University-Maryland,"[0.1579, 0.0655, 0.6787, 0.0023, 0.0154, 0.0015, 0.0177, 0.057]",0.4937,24,0.3498337206153504,0.6228601824696626,0.9883409705114548
6037,433004,American University of Health Sciences,"[0.0432, 0.3141, 0.1037, 0.0346, 0.4352, 0.0375, 0.0115, 0.0173]",0.3037,06,0.6641725292318886,0.6539016437402111,0.5539503483286766
49035,433387,Western Governors University,"[0.5851, 0.1333, 0.1118, 0.0107, 0.0378, 0.005, 0.0844, 0.0317]",0.3823,49,0.5415247871054156,0.40421935219240873,0.48103060040512957
6029,433420,California Aeronautical University,"[0.4333, 0.3273, 0.0758, 0.0, 0.103, 0.0152, 0.0121, 0.0333]",0.3127,06,0.8310469433653501,0.9920016866679726,0.9830719367600379
12071,433660,Florida Gulf Coast University,"[0.5984, 0.2431, 0.06, 0.0024, 0.0186, 0.0009, 0.0199, 0.0339]",0.4227,12,0.6583902213848289,0.7553357120718072,0.6674548133137135
24031,434937,Yeshiva College of the Nations Capital,"[1.0, 0.0, 0.0, 0.0, 0.0, 0.0, 0.0, 0.0]",1.0,24,0.3143549189511773,0.206389304950043,0.39760952646562303
22017,435000,Louisiana State University Health Sciences Center-Shreveport,"[0.6522, 0.087, 0.2174, 0.0, 0.0, 0.0, 0.0, 0.0435]",0.4821,22,0.4751086791947349,0.36444443504658847,0.3708022381985916
6037,436429,Los Angeles Film School,"[0.1421, 0.0863, 0.1798, 0.0064, 0.0215, 0.0002, 0.5236, 0.0401]",0.3362,06,0.2894422790313942,0.3241488871976468,0.3375802352963696
4013,436614,International Baptist College and Seminary,"[0.8364, 0.0727, 0.0364, 0.0, 0.0, 0.0182, 0.0, 0.0182]",0.7068,04,0.40229577383163084,0.570463100617319,0.5699790092337143
9009,436818,University of Connecticut-Waterbury Campus,"[0.4434, 0.277, 0.0892, 0.0027, 0.1092, 0.0, 0.0067, 0.0493]",0.2957,09,0.7827549081229477,0.739703874172029,0.7749082615177483
9011,436827,University of Connecticut-Avery Point,"[0.6146, 0.1813, 0.0313, 0.0, 0.0917, 0.0, 0.0083, 0.0604]",0.4237,09,0.5824258358980559,0.5323676716635549,0.43786457194932016
9001,436836,University of Connecticut-Stamford,"[0.305, 0.3406, 0.1474, 0.0, 0.1015, 0.0009, 0.016, 0.0383]",0.2428,09,0.9144806179918286,0.8815082498339332,0.9192335283777545
51013,437097,University of Management and Technology,"[0.0538, 0.0242, 0.0672, 0.0, 0.0484, 0.0027, 0.7984, 0.0054]",0.6478,51,0.0790582892583959,0.0791382843439672,0.07772253830841981
13121,438586,American InterContinental University-Atlanta,"[0.0835, 0.0021, 0.4718, 0.0021, 0.0021, 0.0, 0.4071, 0.0313]",0.3963,13,0.1976685902396848,0.4179107919460851,0.5760490794462961
12011,439446,Atlantic Institute of Oriental Medicine,"[0.0, 0.0, 0.0, 0.0, 0.0, 0.0, 0.0, 0.0]",0.0,12,0.0,,
48439,439701,The King's University,"[0.5725, 0.1333, 0.0863, 0.0196, 0.0275, 0.0, 0.0824, 0.0706]",0.3659,48,0.5415883818059679,0.8402727504007029,0.73403844676736
16057,440396,New Saint Andrews College,"[0.7257, 0.0487, 0.0133, 0.0088, 0.0133, 0.0044, 0.1726, 0.0088]",0.5593,16,0.37300030902120623,0.224490568569357,0.12777286523190828
34013,440794,Pillar College,"[0.1931, 0.5, 0.172, 0.0026, 0.0079, 0.0, 0.0132, 0.0132]",0.3173,34,0.9883388323527389,0.9821140249242184,0.8364193523298071
41017,440828,Oregon State University-Cascades Campus,"[0.7519, 0.1029, 0.0077, 0.0125, 0.0269, 0.0029, 0.0221, 0.0587]",0.5808,41,0.44541066216047376,0.3277453739936961,0.24232303587814827
22033,440916,Southern University Law Center,"[0.0064, 0.0064, 0.9587, 0.0, 0.0, 0.0, 0.0111, 0.0143]",0.9195,22,0.20140330814304586,0.4916381632206705,0.7317802396703209
32003,441900,Nevada State University,"[0.2076, 0.4346, 0.0943, 0.0026, 0.1081, 0.009, 0.0694, 0.0742]",0.263,32,0.9749264073793196,0.9829388788468588,0.9686491050724862
6111,441937,California State University-Channel Islands,"[0.2337, 0.6003, 0.0203, 0.0019, 0.0652, 0.0024, 0.0315, 0.0371]",0.422,06,0.9851351277553727,0.8751828137408922,0.9134852929687067
25021,441982,Franklin W Olin College of Engineering,"[0.4157, 0.0983, 0.0337, 0.0, 0.2107, 0.0, 0.059, 0.1096]",0.2435,25,0.5174705554825624,0.4139795990198452,0.34827185126559995
5119,442569,University of Arkansas Grantham,"[0.4367, 0.09, 0.3486, 0.0096, 0.0152, 0.0017, 0.0579, 0.0402]",0.3256,05,0.5115613866193994,0.3796036845243236,0.5930407668435236
51059,442639,University of the Potomac-VA Campus,"[0.1525, 0.0404, 0.2287, 0.0, 0.3543, 0.0, 0.0, 0.0135]",0.2029,51,0.36288578561309126,0.37867416804757736,0.561763690515576
53053,443049,Faith International University,"[0.3559, 0.1243, 0.322, 0.0, 0.0847, 0.0056, 0.0339, 0.0621]",0.258,53,0.5920743465834298,0.45324784863715906,0.4695737311519017
6037,443331,West Coast University-Los Angeles,"[0.3511, 0.326, 0.0359, 0.0011, 0.2107, 0.013, 0.0038, 0.0565]",0.2786,06,0.8367010985308192,0.9897583518641211,0.9565163964721839
47187,443340,Williamson Christian College,"[0.75, 0.0556, 0.0278, 0.0, 0.0278, 0.0, 0.0, 0.0]",0.5671,47,0.39174731365638066,0.17496616877716958,0.14789836300130513
53033,443410,DigiPen Institute of Technology,"[0.535, 0.0917, 0.0208, 0.0019, 0.1049, 0.0019, 0.0359, 0.086]",0.3148,53,0.48587633199846303,0.3989053008447894,0.40527599164208755
47157,443766,Strayer University-Tennessee,"[0.3129, 0.0185, 0.6247, 0.0042, 0.0012, 0.0015, 0.0104, 0.0266]",0.4893,47,0.33941603970850953,0.26184148032480703,0.8112167462112486
42017,443784,Strayer University-Pennsylvania,"[0.284, 0.1498, 0.4959, 0.0025, 0.0098, 0.0025, 0.0098, 0.0458]",0.3513,42,0.5512926136171046,0.4220263526989114,0.3318344958429486
35001,444088,Brookline College-Albuquerque,"[0.2083, 0.5777, 0.0625, 0.0682, 0.0511, 0.0019, 0.0189, 0.0114]",0.3888,35,0.9892931477302646,0.8399255534544341,0.8417999195246954
6073,444130,Northcentral University,"[0.4434, 0.1038, 0.283, 0.0094, 0.0189, 0.0094, 0.0849, 0.0472]",0.2974,06,0.5412689752949442,0.7701614848935499,0.6897728469561201
48029,444398,Baptist University of the Americas,"[0.037, 0.4722, 0.0185, 0.0, 0.0278, 0.0, 0.0093, 0.0]",0.2255,48,0.9548396408374153,0.7549348289415846,0.4822822775839074
36081,444413,Beis Medrash Heichal Dovid,"[0.9724, 0.0, 0.0, 0.0, 0.0, 0.0, 0.0, 0.0]",0.9456,36,0.3143549189511773,0.33386604581257984,0.5780142717167344
37119,444778,Charlotte Christian College and Theological Seminary,"[0.1364, 0.0455, 0.8182, 0.0, 0.0, 0.0, 0.0, 0.0]",0.6901,37,0.2913614088992113,0.38486577032100056,0.6007636161523294
49035,444787,Nightingale College,"[0.3698, 0.2102, 0.1714, 0.0114, 0.1616, 0.0238, 0.0469, 0.005]",0.2393,49,0.7342813660518361,0.5858431078918868,0.6521678396517052
4013,445027,American InterContinental University System,"[0.2285, 0.0394, 0.2663, 0.0101, 0.0128, 0.0083, 0.4012, 0.0334]",0.2871,04,0.31009718555161925,0.32107117396558166,0.3296765277922508
48201,445133,American InterContinental University-Houston,"[0.1066, 0.0, 0.3279, 0.0082, 0.041, 0.0, 0.5, 0.0164]",0.3709,48,0.17346290839104803,0.24378109736754852,0.3375899126245878
6047,445188,University of California-Merced,"[0.0849, 0.5533, 0.0464, 0.001, 0.214, 0.0032, 0.0099, 0.0381]",0.3629,06,0.9442214591986212,0.789689583535553,0.5086902865978633
29089,445267,Central Methodist University-College of Graduate and Extended Studies,"[0.8446, 0.0402, 0.0583, 0.004, 0.0087, 0.0007, 0.0188, 0.0194]",0.7192,29,0.3727069922015283,0.1222981325267846,0.07620355201356058
49035,445692,Neumont College of Computer Science,"[0.5338, 0.1605, 0.0619, 0.0174, 0.0406, 0.0077, 0.1257, 0.0522]",0.3351,49,0.5808533140753354,0.4615347442903323,0.534879562669793
32003,445735,Roseman University of Health Sciences,"[0.2735, 0.1324, 0.0279, 0.0035, 0.4146, 0.0017, 0.0105, 0.1324]",0.2827,32,0.49159490676064865,0.6212755122537656,0.6760704782995108
12021,446048,Ave Maria University,"[0.7065, 0.1276, 0.0407, 0.0114, 0.0423, 0.0, 0.0431, 0.0]",0.5209,12,0.4878518303824434,0.601502375880624,0.5561269854959913
5143,446233,Ecclesia College,"[0.4768, 0.2119, 0.1325, 0.0331, 0.0066, 0.0066, 0.0, 0.0397]",0.2926,05,0.6921967137251819,0.5427621545041411,0.6302006796515853
6037,446385,Los Angeles College of Music,"[0.2929, 0.1339, 0.0753, 0.0126, 0.0586, 0.0084, 0.046, 0.0251]",0.1158,06,0.6987058405802008,0.9401474166863997,0.9819184163492333
36071,446604,Uta Mesivta of Kiryas Joel,"[0.995, 0.0, 0.0, 0.0, 0.0, 0.0, 0.0, 0.0]",0.99,36,0.3143549189511773,0.3338660458125798,0.3547517367904969
42043,446640,Harrisburg University of Science and Technology,"[0.4293, 0.1431, 0.2814, 0.0016, 0.0556, 0.0, 0.0175, 0.0493]",0.2898,42,0.6123494938309775,0.43030489444000475,0.5373679422950173
49011,447421,Eagle Gate College-Layton,"[0.6996, 0.139, 0.0404, 0.0045, 0.0224, 0.009, 0.0807, 0.0045]",0.5175,49,0.4991021172075469,0.38233746630062676,0.32285655047468187
13135,447689,Georgia Gwinnett College,"[0.2251, 0.2693, 0.316, 0.0023, 0.1083, 0.0018, 0.0077, 0.0381]",0.2363,13,0.8078264027334651,0.89789790810282,0.9882229281208105
6017,447953,SUM Bible College and Theological Seminary,"[0.3005, 0.2308, 0.0962, 0.0072, 0.0288, 0.0096, 0.3269, 0.0]",0.2607,06,0.6490218953450648,0.7467925143964085,0.5615657219257483
49049,448239,Careers Unlimited,"[0.8729, 0.0678, 0.0169, 0.0085, 0.0169, 0.0, 0.0, 0.0169]",0.7675,49,0.39150116740481744,0.27267260551793676,0.2451949458287236
12057,449038,Strayer University-Florida,"[0.28, 0.1408, 0.5044, 0.0072, 0.008, 0.0016, 0.0175, 0.0406]",0.3547,12,0.5346659494310736,0.6213860804381038,0.6683497853826021
54037,449339,American Public University System,"[0.4794, 0.1813, 0.1595, 0.0058, 0.0274, 0.0101, 0.0778, 0.0462]",0.2972,54,0.6510240718270124,0.3674967957068158,0.4372815328861992
6037,449384,Gnomon,"[0.2897, 0.1241, 0.0069, 0.0, 0.1759, 0.0103, 0.0655, 0.0759]",0.1405,06,0.6109718799144628,0.9096750902042066,0.9370231869919822
34029,449658,Bais Medrash Toras Chesed,"[0.9909, 0.0, 0.0, 0.0, 0.0, 0.0, 0.0, 0.0]",0.9819,34,0.3143549189511773,0.36862177991949124,0.1262415193816448
47157,449764,Visible Music College,"[0.4856, 0.1635, 0.1587, 0.0, 0.0288, 0.0, 0.0625, 0.0288]",0.2933,47,0.6260974285498804,0.4456248992444785,0.5330442144179033
6037,449870,University of the West,"[0.0339, 0.2542, 0.0847, 0.0, 0.1017, 0.0, 0.0169, 0.0169]",0.0839,06,0.9401812559586279,0.7668458522480972,0.6269666390478567
18097,449889,American College of Education,"[0.4789, 0.1549, 0.2254, 0.0, 0.0423, 0.0, 0.0563, 0.0141]",0.3093,18,0.6151420317081808,0.4199999215603594,0.6245467794665721
12057,449898,South University-Tampa,"[0.2779, 0.3539, 0.2803, 0.0024, 0.0356, 0.0024, 0.019, 0.0166]",0.283,12,0.887884192784115,0.9362807959457151,0.9561950298441199
10003,450298,Strayer University-Delaware,"[0.2803, 0.1088, 0.5565, 0.0042, 0.0042, 0.0, 0.0042, 0.0418]",0.4019,10,0.4710051101273289,0.5333951707001012,0.6021772951340824
1073,450377,Strayer University-Alabama,"[0.2765, 0.0243, 0.6589, 0.0065, 0.0, 0.0, 0.0065, 0.0275]",0.512,01,0.3323838583453713,0.40809200696014836,0.6577645721843959
1003,450933,Columbia Southern University,"[0.6194, 0.0192, 0.1595, 0.0101, 0.0153, 0.0049, 0.1452, 0.0262]",0.4316,01,0.37678992120751953,0.1940436985045526,0.11922397796459809
12086,451103,Miami Regional University,"[0.015, 0.8951, 0.0824, 0.0, 0.0037, 0.0, 0.0, 0.0037]",0.8082,12,0.9419347414589626,0.8865533749407274,0.2206700870353099
34039,451370,Yeshivas Be'er Yitzchok,"[0.9492, 0.0, 0.0, 0.0, 0.0, 0.0, 0.0, 0.0]",0.901,34,0.3143549189511773,0.3686217799194913,0.6282870391828274
34029,451398,Yeshiva Toras Chaim,"[0.8638, 0.0, 0.0, 0.0, 0.0, 0.0, 0.0, 0.0]",0.7462,34,0.3143549189511773,0.36862177991949124,0.1262415193816448
36047,451404,Talmudical Seminary of Bobov,"[1.0, 0.0, 0.0, 0.0, 0.0, 0.0, 0.0, 0.0]",1.0,36,0.3143549189511773,0.33386604581257984,0.3757487928106995
51107,451927,Patrick Henry College,"[0.6543, 0.0585, 0.0053, 0.0027, 0.0824, 0.0027, 0.1941, 0.0]",0.476,51,0.39143391997788163,0.2559587574020862,0.35375056850475245
37081,453163,Strayer University-North Carolina,"[0.2162, 0.0412, 0.6731, 0.0083, 0.0045, 0.0015, 0.0121, 0.0431]",0.5036,37,0.33638729886320917,0.40408039393076256,0.6352535903737382
34023,453215,Strayer University-New Jersey,"[0.1772, 0.1814, 0.5549, 0.0084, 0.019, 0.0, 0.0169, 0.0422]",0.3747,34,0.5463122191117302,0.5713549570212101,0.5160854103488764
17043,454227,Chamberlain University-Illinois,"[0.4917, 0.1681, 0.1858, 0.004, 0.0902, 0.0044, 0.0425, 0.0077]",0.3146,17,0.6324879424389999,0.6200343849206795,0.5432344616825376
39049,454236,Chamberlain University-Ohio,"[0.5121, 0.0559, 0.3631, 0.0074, 0.0484, 0.0019, 0.0, 0.0093]",0.3997,39,0.4548523329438122,0.22857228416620012,0.3757876722329504
4013,454245,Chamberlain University-Arizona,"[0.4658, 0.2738, 0.0905, 0.0147, 0.1112, 0.0061, 0.0159, 0.0208]",0.3134,04,0.7654558230050035,0.8586625669856358,0.8626143097742167
20091,454582,Ottawa University-Online,"[0.5065, 0.2868, 0.0853, 0.0388, 0.0207, 0.0026, 0.0129, 0.0336]",0.3493,20,0.7526697958205357,0.6426672883452917,0.5938908578788689
8031,454689,Taft University System,"[0.0, 0.0, 0.0, 0.0, 0.5, 0.0, 0.5, 0.0]",0.5,08,0.07253788383440307,0.03983599974538298,0.0493289818689605
4013,454829,Aspen University,"[0.5092, 0.1397, 0.2029, 0.0074, 0.0497, 0.0079, 0.0497, 0.0337]",0.3262,04,0.5871383623098562,0.6862933015202651,0.6925414936836588
8031,454856,Denver College of Nursing,"[0.5174, 0.1857, 0.1344, 0.0087, 0.0677, 0.0029, 0.029, 0.0542]",0.3287,08,0.6454201614407344,0.616970074287344,0.7370536458706529
36047,455257,Yeshiva of Machzikai Hadas,"[0.9745, 0.0, 0.0, 0.0, 0.0, 0.0, 0.0, 0.0]",0.9497,36,0.3143549189511773,0.33386604581257984,0.3757487928106995
6037,455664,The Chicago School at Los Angeles,"[0.4331, 0.2183, 0.1937, 0.0, 0.007, 0.007, 0.0669, 0.0528]",0.2801,06,0.7168704523378892,0.8936999776876401,0.9341110945080096
6037,455770,Providence Christian College,"[0.4559, 0.4191, 0.0221, 0.0074, 0.0221, 0.0, 0.0147, 0.0588]",0.3882,06,0.867151182741341,0.9681383195036033,0.9383843680803785
12086,456481,Polytechnic University of Puerto Rico-Miami,"[0.0, 1.0, 0.0, 0.0, 0.0, 0.0, 0.0, 0.0]",1.0,12,0.9224513195452578,0.860276378291535,0.18726590807717405
12095,456490,Polytechnic University of Puerto Rico-Orlando,"[0.0, 0.9478, 0.0261, 0.0, 0.0, 0.0, 0.0174, 0.0]",0.8993,12,0.927384935179079,0.8666719375993549,0.7035498317046773
54079,456621,Strayer University-West Virginia,"[0.8264, 0.0104, 0.1076, 0.0, 0.0, 0.0035, 0.0069, 0.0451]",0.6967,54,0.35109542554641454,0.04160094085121989,0.031165299057467333
27109,456959,University of Minnesota-Rochester,"[0.5462, 0.0908, 0.1556, 0.0032, 0.1442, 0.0, 0.0178, 0.0308]",0.3529,27,0.5069720082308566,0.2661674760758124,0.26348361643836465
12031,457129,Chamberlain University-Florida,"[0.22, 0.2037, 0.4837, 0.0033, 0.0501, 0.0076, 0.0163, 0.0153]",0.3269,12,0.6224549449817872,0.6876156785025368,0.798670393221848
12011,457402,University of Fort Lauderdale,"[0.0777, 0.2124, 0.5648, 0.0052, 0.0, 0.0052, 0.0725, 0.057]",0.3787,12,0.5415242676454439,0.5820800756892248,0.7594166550781024
6059,458210,West Coast University-Orange County,"[0.1611, 0.3205, 0.0251, 0.0036, 0.4003, 0.0136, 0.0003, 0.0705]",0.2947,06,0.7249721380052581,0.8013557884840068,0.8850094758480487
6071,458229,West Coast University-Ontario,"[0.1411, 0.4684, 0.0554, 0.0066, 0.2423, 0.0124, 0.0031, 0.0667]",0.3057,06,0.930348392900724,0.8558471896539435,0.6649539708479483
5119,458885,Strayer University-Arkansas,"[0.4218, 0.0255, 0.5091, 0.0, 0.0, 0.0, 0.0182, 0.0255]",0.4387,05,0.3861006014953679,0.27877090462363274,0.5687662509750765
13089,458919,Strayer University-Georgia,"[0.1767, 0.0315, 0.7407, 0.0023, 0.0035, 0.0014, 0.0113, 0.0326]",0.5821,13,0.3007986433627108,0.5742959450530086,0.8904726475868121
28049,458955,Strayer University-Mississippi,"[0.0866, 0.0108, 0.87, 0.0072, 0.0, 0.0, 0.0036, 0.0217]",0.7651,28,0.23535185810718762,0.5622857333524296,0.9402391329712312
45045,458964,Strayer University-South Carolina,"[0.2326, 0.0326, 0.6818, 0.0037, 0.0018, 0.0012, 0.0105, 0.0351]",0.5214,45,0.32790662546508276,0.42500648396071256,0.326227256580508
48113,458973,Strayer University-Texas,"[0.2226, 0.1737, 0.5384, 0.0071, 0.0076, 0.0031, 0.0111, 0.0351]",0.3711,48,0.5529434638764523,0.6333810747678912,0.7767661720607052
51087,459259,South University-Richmond,"[0.3139, 0.0438, 0.5219, 0.0, 0.0328, 0.0036, 0.0401, 0.0438]",0.3774,51,0.3998282509211532,0.41097112856122126,0.5468544280236936
51810,459268,South University-Virginia Beach,"[0.1463, 0.161, 0.5805, 0.0, 0.039, 0.0244, 0.0195, 0.0195]",0.3872,51,0.5001607486728998,0.5615919503909408,0.5529806670565253
6059,459727,Touro University Worldwide,"[0.3333, 0.0724, 0.2506, 0.0, 0.0336, 0.0078, 0.2171, 0.0853]",0.2347,06,0.4752379566474112,0.6738464528024232,0.5823829823895135
32003,459824,Touro University Nevada,"[0.4667, 0.2, 0.1333, 0.0, 0.2, 0.0, 0.0, 0.0]",0.3156,32,0.6687587163138502,0.8133154875406571,0.8753579925878228
55059,459842,Herzing University-Kenosha,"[0.3339, 0.3403, 0.1949, 0.0048, 0.0767, 0.0048, 0.0208, 0.024]",0.2722,55,0.8919297347158535,0.7443131217961169,0.8013868321956336
55133,459851,Herzing University-Brookfield,"[0.4, 0.1282, 0.3051, 0.0026, 0.059, 0.0026, 0.0667, 0.0359]",0.2788,55,0.5892564095912317,0.3659247261671562,0.3082043402456523
48029,459949,Texas A&M University-San Antonio,"[0.1226, 0.7692, 0.0579, 0.0012, 0.0137, 0.0014, 0.0045, 0.0167]",0.6105,48,0.9747595423140074,0.806556543304412,0.5524181143664688
11001,459994,Strayer University-Global Region,"[0.4698, 0.1308, 0.3102, 0.0091, 0.0121, 0.0043, 0.017, 0.0463]",0.3367,11,0.5727405105598483,0.6981443743645372,0.6981443743645372
44007,460349,Johnson & Wales University-Online,"[0.4516, 0.1725, 0.2339, 0.0082, 0.031, 0.0, 0.0849, 0.0054]",0.2967,44,0.6427414795461315,0.5356877853092801,0.6645082592595241
51059,460871,Chamberlain University-Virginia,"[0.1192, 0.1976, 0.5354, 0.003, 0.0995, 0.003, 0.0121, 0.0166]",0.3502,51,0.5630521353116916,0.6292852566032172,0.5672322608746976
4013,461023,Crestpoint University,"[0.3065, 0.0691, 0.0737, 0.0, 0.0092, 0.0023, 0.5392, 0.0]",0.395,04,0.2857006633297452,0.35088970158474175,0.35297655789923654
37051,461032,Carolina College of Biblical Studies,"[0.3125, 0.0982, 0.5179, 0.0536, 0.0, 0.0, 0.0, 0.0179]",0.3787,37,0.47134999547017276,0.497807510383347,0.7819457706855945
37051,461528,Manna University,"[0.5222, 0.1722, 0.1444, 0.0056, 0.0056, 0.0111, 0.0, 0.0778]",0.3294,37,0.6210170872069503,0.5172756689379696,0.5863740045089071
21111,461759,Simmons College of Kentucky,"[0.0047, 0.0047, 0.8915, 0.0, 0.0, 0.0, 0.0896, 0.0094]",0.8029,21,0.1991375451640614,0.10278796752024397,0.3246923451435006
48157,461795,North American University,"[0.0265, 0.053, 0.1788, 0.0, 0.0155, 0.0, 0.415, 0.011]",0.2081,48,0.21300464631894023,0.21140268230049608,0.28973484465395943
34029,461847,Keser Torah-Mayan Hatalmud,"[0.8148, 0.0, 0.0, 0.0, 0.0, 0.0, 0.0, 0.0]",0.6639,34,0.3143549189511773,0.3686217799194913,0.1262415193816448
12086,461883,Millennia Atlantic University,"[0.0, 0.2381, 0.0238, 0.0, 0.0, 0.0, 0.0, 0.0]",0.0573,12,0.9369862560227828,0.8801162009827379,0.20585414868257398
6073,462354,John Paul the Great Catholic University,"[0.4367, 0.3067, 0.01, 0.0033, 0.05, 0.0067, 0.11, 0.0733]",0.3049,06,0.7833973894899922,0.9547696615562924,0.9320938331527544
9003,463056,University of Connecticut-Hartford Campus,"[0.4373, 0.1913, 0.142, 0.0, 0.1613, 0.0, 0.006, 0.0433]",0.2759,09,0.6840333108491239,0.6293100876185912,0.6725779424411594
4013,464226,Ottawa University-Surprise,"[0.381, 0.3308, 0.1178, 0.0201, 0.0138, 0.0138, 0.0063, 0.0777]",0.2753,04,0.8656644842981668,0.9301150984507845,0.9322503197267376
29189,466921,Chamberlain University-Missouri,"[0.6293, 0.0427, 0.264, 0.0, 0.0293, 0.0, 0.016, 0.0187]",0.469,29,0.42645027928911794,0.17960917055735592,0.2531939344222879
48201,466930,Chamberlain University-Texas,"[0.1592, 0.2455, 0.3973, 0.0028, 0.1583, 0.0037, 0.0134, 0.0166]",0.269,48,0.7114838514766322,0.7253911007926367,0.7809975355686664
6037,474863,Los Angeles Pacific University,"[0.2078, 0.4342, 0.1753, 0.0059, 0.0725, 0.0096, 0.051, 0.0429]",0.2723,06,0.9767953643973114,0.8876126644108362,0.7961038840253546
13051,475121,South University-Savannah Online,"[0.3573, 0.13, 0.4204, 0.0108, 0.0059, 0.0091, 0.0284, 0.0376]",0.3238,13,0.5560573909656462,0.6838689216789429,0.7139271333970333
53063,475200,Whitworth University-Adult Degree Programs,"[0.7458, 0.1017, 0.0395, 0.0508, 0.0169, 0.0056, 0.0, 0.0395]",0.5726,53,0.4500982161736081,0.34580317379936587,0.22070409024248736
25013,475273,Springfield College-Regional Online and Continuing Education,"[0.2443, 0.3029, 0.3583, 0.0098, 0.0098, 0.0033, 0.0358, 0.0326]",0.2824,25,0.806413484671288,0.7072819250400535,0.7833324002379557
54037,475398,Catholic International University,"[0.5857, 0.2286, 0.0286, 0.0, 0.0571, 0.0, 0.0571, 0.0429]",0.4045,54,0.6433138833500425,0.3846281454810265,0.44865664937260746
48113,475608,Criswell College,"[0.6446, 0.1405, 0.124, 0.0, 0.0248, 0.0, 0.0331, 0.0331]",0.4534,48,0.535857315186912,0.8429495625909053,0.9037078002534694
13121,475732,Chamberlain University-Georgia,"[0.1775, 0.0923, 0.6275, 0.0056, 0.0535, 0.0007, 0.0246, 0.0162]",0.4375,13,0.40495809249447307,0.6562720658672833,0.8315447897647521
18097,475741,Chamberlain University-Indiana,"[0.5594, 0.0842, 0.2673, 0.005, 0.0446, 0.005, 0.0, 0.0297]",0.3944,18,0.49536417311170766,0.28388821336348663,0.5175090745632625
24510,476601,Bais HaMedrash and Mesivta of Baltimore,"[1.0, 0.0, 0.0, 0.0, 0.0, 0.0, 0.0, 0.0]",1.0,24,0.3143549189511773,0.206389304950043,0.12255330702271215
34039,476692,Yeshiva Gedolah Zichron Leyma,"[0.9211, 0.0, 0.0, 0.0, 0.0, 0.0, 0.0, 0.0]",0.8484,34,0.3143549189511773,0.36862177991949124,0.6282870391828272
36087,476717,Be'er Yaakov Talmudic Seminary,"[1.0, 0.0, 0.0, 0.0, 0.0, 0.0, 0.0, 0.0]",1.0,36,0.3143549189511773,0.33386604581257984,0.30164769544304154
8031,476975,Colorado State University Global,"[0.5943, 0.167, 0.0778, 0.0055, 0.0427, 0.0003, 0.0818, 0.0197]",0.3961,08,0.5749913250510996,0.5627911709492865,0.6824734296618262
48113,477039,West Coast University-Texas,"[0.2318, 0.2626, 0.2862, 0.0062, 0.1262, 0.0, 0.0031, 0.0533]",0.2234,48,0.815723968202019,0.8752536673150866,0.9328422543423599
42027,479956,Pennsylvania State University-World Campus,"[0.648, 0.1163, 0.0763, 0.0024, 0.056, 0.0024, 0.0217, 0.0421]",0.4446,42,0.5007149191172442,0.2995915410043068,0.23007358479160364
48491,480073,South University-Austin,"[0.2431, 0.3194, 0.3056, 0.0, 0.0347, 0.0069, 0.0174, 0.0347]",0.2573,48,0.8585475951116175,0.8976190743589213,0.8319384801249122
41051,480198,Warner Pacific University Professional and Graduate Studies,"[0.4387, 0.171, 0.2045, 0.026, 0.0632, 0.0223, 0.0409, 0.0335]",0.2715,41,0.6597776988150623,0.5038959699956694,0.5277733016869759
12009,480569,Florida Institute of Technology-Online,"[0.4807, 0.1869, 0.1869, 0.0039, 0.0258, 0.0026, 0.067, 0.0219]",0.3066,12,0.6571844678319511,0.7614846138318654,0.5117608093152356
6073,480781,California Miramar University,"[0.1717, 0.3131, 0.2222, 0.0303, 0.0909, 0.0, 0.0808, 0.0909]",0.2009,06,0.8947059349621116,0.8359172127596548,0.8642873960874996
49035,480985,Midwives College of Utah,"[0.6308, 0.0789, 0.147, 0.0215, 0.0072, 0.0036, 0.0717, 0.0394]",0.433,49,0.46109434145767725,0.3124797669107191,0.3913943725737849
6059,481058,Grace Mission University,"[0.0, 0.19, 0.0, 0.0, 0.81, 0.0, 0.0, 0.0]",0.6922,06,0.3025367035215034,0.41129771776924917,0.5399248896364266
47157,481225,Mid-South Christian College,"[0.2353, 0.2941, 0.0588, 0.0, 0.0, 0.0, 0.0, 0.0]",0.1453,47,0.9353397331946582,0.8401656781325275,0.6330378069402749
48339,481401,Grace School of Theology,"[0.1413, 0.0924, 0.163, 0.0, 0.0, 0.0109, 0.5924, 0.0]",0.4061,48,0.2602736398602954,0.3108588878208087,0.24794818965950932
36087,481410,Yeshiva Gedolah Kesser Torah,"[0.9747, 0.0, 0.0, 0.0, 0.0, 0.0, 0.0, 0.0]",0.95,36,0.3143549189511773,0.3338660458125798,0.30164769544304154
34029,481438,Yeshiva Yesodei Hatorah,"[0.9403, 0.0, 0.0, 0.0, 0.0, 0.0, 0.0, 0.0]",0.8842,34,0.3143549189511773,0.3686217799194913,0.1262415193816448
13245,482149,Augusta University,"[0.4706, 0.1, 0.2713, 0.0018, 0.0792, 0.0016, 0.0098, 0.0557]",0.3145,13,0.5411772926559899,0.5599255355192799,0.5857259185142345
13021,482158,Middle Georgia State University,"[0.5119, 0.0706, 0.3225, 0.0021, 0.0296, 0.0012, 0.0032, 0.0414]",0.3736,13,0.4802368269751915,0.5206419111678376,0.5606584260751415
18029,482228,Veritas Baptist College,"[0.8049, 0.065, 0.0407, 0.0081, 0.0569, 0.0, 0.0, 0.0244]",0.6576,18,0.40427958041117823,0.19472211042240323,0.09710746806902765
36061,482413,DeVry College of New York,"[0.208, 0.2553, 0.3617, 0.0024, 0.0567, 0.0024, 0.0757, 0.0118]",0.2484,36,0.7567869838800523,0.7904665421215458,0.7955387231985789
4013,482422,DeVry University-Arizona,"[0.5333, 0.2167, 0.0833, 0.0, 0.0167, 0.0, 0.0667, 0.0333]",0.3441,04,0.6611244848711814,0.7830160294088009,0.7848219790424155
12095,482459,DeVry University-Florida,"[0.2669, 0.3167, 0.3167, 0.0071, 0.0142, 0.0071, 0.0427, 0.0178]",0.2743,12,0.8398430933119035,0.89611809713142,0.9502750850763863
13089,482468,DeVry University-Georgia,"[0.1969, 0.061, 0.6102, 0.0079, 0.0098, 0.002, 0.0807, 0.0236]",0.4221,13,0.3672932587015968,0.616010350028815,0.9035567815753694
32003,482547,DeVry University-Nevada,"[0.4, 0.4, 0.1, 0.0, 0.1, 0.0, 0.0, 0.0]",0.34,32,0.8975754934115792,0.9708150905890427,0.9857001876697306
34023,482556,DeVry University-New Jersey,"[0.2955, 0.2386, 0.2955, 0.0, 0.0455, 0.0, 0.0682, 0.0114]",0.2384,34,0.7687295687824571,0.8040141003633813,0.769786978107166
39049,482574,DeVry University-Ohio,"[0.5963, 0.0275, 0.2523, 0.0, 0.0275, 0.0046, 0.0642, 0.0183]",0.4252,39,0.407337738788921,0.15916509862387979,0.27794079081105466
48113,482635,DeVry University-Texas,"[0.3095, 0.3095, 0.2381, 0.0, 0.0357, 0.0, 0.0357, 0.0119]",0.251,48,0.8642866485243444,0.956010825640857,0.9791368438260885
51013,482653,DeVry University-Virginia,"[0.2034, 0.0847, 0.5254, 0.0, 0.0, 0.0, 0.0339, 0.0508]",0.3283,51,0.43038053020133615,0.4710350612016447,0.36051271082016506
13187,482680,University of North Georgia,"[0.707, 0.1638, 0.0372, 0.0016, 0.0315, 0.0007, 0.0107, 0.036]",0.5305,13,0.5298694185005641,0.3905120387307745,0.28711406575304793
25025,482705,Northeastern University Professional Programs,"[0.3631, 0.1287, 0.1287, 0.0015, 0.0894, 0.0005, 0.0659, 0.0342]",0.1785,25,0.6363004651967425,0.5105163891695566,0.758041205759504
12105,482936,Florida Polytechnic University,"[0.5742, 0.2347, 0.0686, 0.0013, 0.0442, 0.002, 0.0092, 0.0534]",0.3944,12,0.6654897207565403,0.760461142407883,0.7427775245742109
39057,483018,Antioch College,"[0.4724, 0.189, 0.2047, 0.0079, 0.0079, 0.0079, 0.063, 0.0472]",0.3072,39,0.6615021147882114,0.44901134172661045,0.4086698886025775
48027,483036,Texas A&M University-Central Texas,"[0.3699, 0.2814, 0.2474, 0.007, 0.0393, 0.0094, 0.0205, 0.024]",0.2799,48,0.8107619515351219,0.9518912789698349,0.937075783216738
4013,483124,Arizona State University Digital Immersion,"[0.5354, 0.2329, 0.0756, 0.0102, 0.0471, 0.0034, 0.0462, 0.0479]",0.3534,04,0.6825406535740154,0.8021317400290141,0.8039205539614139
12095,483595,Ana G. Mendez University,"[0.0049, 0.6163, 0.0002, 0.0, 0.0, 0.0, 0.3777, 0.0009]",0.5225,12,0.7930395990732394,0.7421904458033467,0.6070827331130068
51510,483780,Washington University of Science and Technology,"[0.0, 0.0114, 0.0, 0.0, 0.0455, 0.0, 0.2443, 0.0]",0.0619,51,0.06759985238416004,0.07157375914113963,0.0734677848893069
12001,484473,University of Florida-Online,"[0.5802, 0.2325, 0.043, 0.0011, 0.0512, 0.0006, 0.0305, 0.0505]",0.3986,12,0.6549299021394258,0.7483838138679757,0.5545516672453848
4013,484613,University of Phoenix-Arizona,"[0.2417, 0.1005, 0.1978, 0.007, 0.0095, 0.0057, 0.4108, 0.0261]",0.2773,04,0.40405332402806815,0.4282365816503696,0.43462659721678504
6071,484631,University of Phoenix-California,"[0.1187, 0.2671, 0.1142, 0.0046, 0.0251, 0.0091, 0.4361, 0.0251]",0.29,06,0.581774053033057,0.5157670758113577,0.4503820507822485
48113,484756,University of Phoenix-Texas,"[0.0926, 0.1481, 0.2407, 0.0185, 0.0, 0.0185, 0.4444, 0.037]",0.288,48,0.40676264559227376,0.4107239898126921,0.4587865786387776
6075,484844,Minerva University,"[0.0701, 0.0065, 0.0, 0.0, 0.0228, 0.0, 0.0016, 0.0098]",0.0056,06,0.41299989393363246,0.8207176754859214,0.5345677315381838
6037,484862,University of West Los Angeles,"[0.3333, 0.0, 0.3333, 0.0, 0.0, 0.0, 0.3333, 0.0]",0.3333,06,0.2971574277970463,0.4753959527797801,0.5695486777331975
36047,484871,Rabbinical College Ohr Yisroel,"[1.0, 0.0, 0.0, 0.0, 0.0, 0.0, 0.0, 0.0]",1.0,36,0.3143549189511773,0.33386604581257984,0.3757487928106995
48113,484905,University of North Texas at Dallas,"[0.0941, 0.5033, 0.2716, 0.0024, 0.0274, 0.0003, 0.0123, 0.0246]",0.3374,48,0.947407447229582,0.8133228765274754,0.7600263038634847
12086,485272,West Coast University-Miami,"[0.0481, 0.7757, 0.1368, 0.0, 0.0164, 0.0, 0.0022, 0.0164]",0.6233,12,0.9621300027019379,0.9164710188818704,0.2775714607320041
6083,485519,Lionel University,"[0.4235, 0.1784, 0.2627, 0.0157, 0.0137, 0.0039, 0.0039, 0.0686]",0.2854,06,0.6629568991007051,0.8426988610460032,0.8325193899751455
46099,485546,California Intercontinental University,"[0.1484, 0.3355, 0.3613, 0.0129, 0.0129, 0.0129, 0.0645, 0.0]",0.2698,46,0.8230071209234482,0.6764072513175856,0.7153148088409182
45019,485698,American College of the Building Arts,"[0.9291, 0.0213, 0.0213, 0.0213, 0.0, 0.0071, 0.0, 0.0]",0.8646,45,0.33989997848625,0.13189466501067929,0.133110653533127
36047,485999,Bet Medrash Gadol Ateret Torah,"[1.0, 0.0, 0.0, 0.0, 0.0, 0.0, 0.0, 0.0]",1.0,36,0.3143549189511773,0.33386604581257984,0.3757487928106995
36047,486017,Yeshiva Ohr Yisrael,"[0.8696, 0.0, 0.0, 0.0, 0.0, 0.0, 0.0, 0.0]",0.7562,36,0.3143549189511773,0.33386604581257984,0.3757487928106995
36047,486026,Yeshiva Sholom Shachna,"[1.0, 0.0, 0.0, 0.0, 0.0, 0.0, 0.0, 0.0]",1.0,36,0.3143549189511773,0.33386604581257984,0.3757487928106995
27053,486053,Bethlehem College & Seminary,"[0.7826, 0.0261, 0.0087, 0.0, 0.0783, 0.0261, 0.0435, 0.0]",0.6219,27,0.35452743578072304,0.11866381076890777,0.157587830724038
27053,486284,Bethany Global University,"[0.7117, 0.0495, 0.0495, 0.0135, 0.0315, 0.0, 0.1036, 0.027]",0.5241,27,0.39317853223868027,0.15682586747549782,0.19892132462934883
6001,486488,California Jazz Conservatory,"[0.6087, 0.2609, 0.0435, 0.0, 0.0, 0.0435, 0.0, 0.0435]",0.4443,06,0.6651516515539043,0.9119061929512681,0.6692341699423219
13067,486840,Kennesaw State University,"[0.4554, 0.1456, 0.2524, 0.0015, 0.0552, 0.0013, 0.0226, 0.0502]",0.2984,13,0.6126401059375861,0.6184609394723144,0.6653362435630358
47019,486901,Milligan University,"[0.7617, 0.073, 0.0482, 0.0028, 0.011, 0.0028, 0.0069, 0.0234]",0.5886,47,0.41541958970014997,0.20201441990812757,0.11992562954526413
32003,486938,Chamberlain University-Nevada,"[0.2787, 0.2646, 0.0899, 0.0035, 0.2857, 0.0282, 0.0035, 0.0459]",0.2403,32,0.7732613128720233,0.8653668394006803,0.9009991373048305
26125,486947,Chamberlain University-Michigan,"[0.6374, 0.0502, 0.1821, 0.0016, 0.0706, 0.0016, 0.033, 0.022]",0.4485,26,0.4330978642302604,0.2016228790835911,0.20197946080566317
34023,486956,Chamberlain University-New Jersey,"[0.2744, 0.1895, 0.3925, 0.0024, 0.0944, 0.0032, 0.0182, 0.0174]",0.2748,34,0.6613449032749631,0.7058711156604012,0.7090928054301833
47157,487010,The University of Tennessee Health Science Center,"[0.4068, 0.0339, 0.2034, 0.0, 0.0271, 0.0034, 0.3017, 0.0203]",0.3002,47,0.3734269253135577,0.2160201135183331,0.44678627641586616
32003,487375,Arizona College of Nursing-Las Vegas,"[0.1725, 0.3082, 0.1629, 0.0088, 0.2277, 0.0263, 0.0114, 0.0823]",0.2108,32,0.8645666836445758,0.8985930269621611,0.9177994957966771
23019,487524,Husson University,"[0.834, 0.0098, 0.0629, 0.0051, 0.0094, 0.0, 0.0269, 0.0432]",0.7023,23,0.3427961906315907,0.037246164016772054,0.03449847554208785
53033,487603,Northwest University-Center for Online and Extended Education,"[0.5819, 0.1118, 0.0539, 0.0, 0.0135, 0.0096, 0.1715, 0.0578]",0.387,53,0.48686424166151554,0.386127459727956,0.36258802787588434
36081,487746,Yeshiva Zichron Aryeh,"[0.8929, 0.0, 0.0, 0.0, 0.0, 0.0, 0.0, 0.0]",0.7973,36,0.3143549189511773,0.33386604581257984,0.5780142717167343
36047,488004,Central Yeshiva Beth Joseph,"[0.75, 0.0, 0.0, 0.0, 0.0, 0.0, 0.0, 0.0]",0.5625,36,0.3143549189511773,0.3338660458125798,0.3757487928106995
6037,488031,Abraham Lincoln University,"[0.3958, 0.25, 0.1042, 0.0417, 0.0833, 0.0, 0.0833, 0.0417]",0.2474,06,0.7776373710657778,0.9612835835475041,0.9744399129958876
34029,488314,Beth Medrash of Asbury Park,"[0.8542, 0.0, 0.0, 0.0, 0.0, 0.0, 0.0, 0.0]",0.7297,34,0.3143549189511773,0.3686217799194913,0.1262415193816448
53033,488448,Seattle Film Institute,"[0.5942, 0.0725, 0.1594, 0.0, 0.0435, 0.029, 0.029, 0.0725]",0.3926,53,0.46836030563679826,0.34448251997945184,0.34157423224330385
18053,488679,Indiana Wesleyan University-National & Global,"[0.616, 0.0596, 0.2484, 0.0039, 0.0119, 0.0018, 0.0294, 0.027]",0.4465,18,0.44825861800568534,0.23455334085493348,0.17958508957210614
18141,488776,John Patrick University of Health and Applied Sciences,"[0.4013, 0.1053, 0.0921, 0.0, 0.0789, 0.0, 0.3224, 0.0]",0.2908,18,0.465606035409857,0.30017517445016717,0.3315660631860737
37119,489344,Chamberlain University-North Carolina,"[0.3396, 0.1194, 0.4515, 0.0075, 0.0299, 0.0037, 0.0, 0.0448]",0.3364,37,0.5335720319832551,0.5385401533623465,0.7396161731728058
6067,489353,Chamberlain University-California,"[0.3518, 0.1809, 0.0637, 0.0017, 0.3015, 0.0218, 0.0369, 0.0402]",0.2549,06,0.6361168585229413,0.9077863733540109,0.8382200511383889
37067,489937,Carolina University,"[0.4343, 0.1514, 0.1629, 0.0, 0.0086, 0.0, 0.0143, 0.0743]",0.2439,37,0.6343312172760879,0.5440578385781866,0.6167122622666834
6037,490045,Presbyterian Theological Seminary in America,"[0.0, 0.0, 0.0, 0.0, 0.5556, 0.0, 0.2222, 0.0]",0.3581,06,0.09067316941541179,0.2588587227921673,0.24388386038846052
6037,490081,America Evangelical University,"[0.0357, 0.0357, 0.0, 0.0, 0.3214, 0.0, 0.0, 0.0]",0.1058,06,0.22894355921139253,0.41900353237785815,0.3971885339721402
6037,490124,Los Angeles Academy of Figurative Art,"[0.4, 0.2, 0.0, 0.0, 0.4, 0.0, 0.0, 0.0]",0.36,06,0.5799676476004985,0.8702751028800322,0.8839806203183976
6059,490133,Westcliff University,"[0.0936, 0.0314, 0.0281, 0.0033, 0.011, 0.0044, 0.6654, 0.0264]",0.4541,06,0.10693169465570979,0.15053974284673896,0.13560633590358845
13135,490230,Reformed University,"[0.0198, 0.0635, 0.0119, 0.0, 0.1071, 0.0, 0.0, 0.0]",0.016,13,0.6095751811575427,0.5573266046440131,0.6724466221312305
36087,490276,Yeshiva Shaar Ephraim,"[1.0, 0.0, 0.0, 0.0, 0.0, 0.0, 0.0, 0.0]",1.0,36,0.3143549189511773,0.33386604581257984,0.30164769544304154
34029,490319,Yeshiva Bais Aharon,"[1.0, 0.0, 0.0, 0.0, 0.0, 0.0, 0.0, 0.0]",1.0,34,0.3143549189511773,0.3686217799194913,0.1262415193816448
36087,490328,Mechon L'hoyroa,"[1.0, 0.0, 0.0, 0.0, 0.0, 0.0, 0.0, 0.0]",1.0,36,0.3143549189511773,0.33386604581257984,0.30164769544304154
18089,490805,Purdue University Northwest,"[0.5366, 0.253, 0.109, 0.0013, 0.0316, 0.0013, 0.012, 0.0345]",0.3662,18,0.7078859966307696,0.5330769879439586,0.7306760764622247
36047,491057,Yeshiva Kollel Tifereth Elizer,"[1.0, 0.0, 0.0, 0.0, 0.0, 0.0, 0.0, 0.0]",1.0,36,0.3143549189511773,0.33386604581257984,0.3757487928106995
6073,491190,The Chicago School at San Diego,"[0.5, 0.0, 0.25, 0.0, 0.25, 0.0, 0.0, 0.0]",0.375,06,0.37363063498754945,0.7362351222261545,0.6089210082936622
55079,491288,University of Wisconsin-Milwaukee Flex,"[0.7657, 0.0677, 0.0561, 0.0066, 0.0231, 0.0, 0.0545, 0.0264]",0.5983,55,0.41158181540617583,0.1900035634801696,0.39128709907494075
55059,491297,University of Wisconsin-Parkside Flex,"[0.7586, 0.0552, 0.069, 0.0, 0.0207, 0.0, 0.0759, 0.0207]",0.5899,55,0.3991572262596724,0.17523360401322108,0.27454727070014334
34039,491613,Yeshiva Gedolah Tiferes Boruch,"[1.0, 0.0, 0.0, 0.0, 0.0, 0.0, 0.0, 0.0]",1.0,34,0.3143549189511773,0.3686217799194913,0.6282870391828272
24510,491631,Women's Institute of Torah Seminary and College,"[1.0, 0.0, 0.0, 0.0, 0.0, 0.0, 0.0, 0.0]",1.0,24,0.3143549189511773,0.206389304950043,0.12255330702271215
34025,491710,Yeshiva Gedolah of Cliffwood,"[0.9844, 0.0, 0.0, 0.0, 0.0, 0.0, 0.0, 0.0]",0.969,34,0.3143549189511773,0.3686217799194913,0.17121816906283993
34025,491765,Yeshivas Emek Hatorah,"[1.0, 0.0, 0.0, 0.0, 0.0, 0.0, 0.0, 0.0]",1.0,34,0.3143549189511773,0.3686217799194913,0.17121816906283996
5051,492069,Champion Christian College,"[0.5644, 0.0594, 0.2376, 0.0297, 0.0099, 0.0, 0.0, 0.099]",0.3893,05,0.45769203848836715,0.29309731205365613,0.2271646932766548
48141,492689,Texas Tech University Health Sciences Center-El Paso,"[0.0817, 0.8366, 0.035, 0.0039, 0.0039, 0.0, 0.0272, 0.0039]",0.7086,48,0.9563338447072925,0.7635881182765432,0.23286227719072192
22051,492759,Chamberlain University-Louisiana,"[0.3463, 0.0831, 0.4903, 0.0055, 0.036, 0.0055, 0.0083, 0.0222]",0.3691,22,0.4685954837280989,0.5743962290666996,0.668838321088971
29077,492801,Drury University-College of Continuing Professional Studies,"[0.6924, 0.1053, 0.0716, 0.0084, 0.0154, 0.0042, 0.0758, 0.0253]",0.5023,29,0.4689571768598204,0.22700830251547297,0.21229035915996394
18003,492962,Indiana Institute of Technology-College of Professional Studies,"[0.3199, 0.0387, 0.1648, 0.0012, 0.0077, 0.0012, 0.4461, 0.0187]",0.3304,18,0.3019240289336548,0.16661713763112032,0.18544500595131963
36047,493600,Congregation Talmidei Mesivta Tiferes Shmiel Aleksander,"[1.0, 0.0, 0.0, 0.0, 0.0, 0.0, 0.0, 0.0]",1.0,36,0.3143549189511773,0.33386604581257984,0.3757487928106995
44007,493822,College Unbound,"[0.1619, 0.3563, 0.3117, 0.0243, 0.0243, 0.0, 0.0648, 0.0567]",0.2589,44,0.8769720990553828,0.8061150237763687,0.8448158208005774
48113,494162,Arizona College of Nursing-Dallas,"[0.2128, 0.2196, 0.4493, 0.0, 0.0709, 0.0034, 0.0068, 0.0372]",0.3018,48,0.6642985837454336,0.7253499140938011,0.8408069179424246
48029,494630,Christ Mission College,"[0.0638, 0.8085, 0.0213, 0.0, 0.0, 0.0, 0.0, 0.0213]",0.6587,48,0.9504253985161228,0.7499293466786369,0.4803284435015296
29183,494685,Urshan University,"[0.7131, 0.1435, 0.045, 0.015, 0.015, 0.0021, 0.0214, 0.0407]",0.5337,29,0.5059200570561131,0.2692532768330579,0.24949323759942268
36047,494737,Yeshiva Yesoda Hatorah Vetz Chaim,"[1.0, 0.0, 0.0, 0.0, 0.0, 0.0, 0.0, 0.0]",1.0,36,0.3143549189511773,0.33386604581257984,0.3757487928106995
6071,495059,Oak Valley College,"[0.2667, 0.5556, 0.1333, 0.0, 0.0, 0.0222, 0.0, 0.0222]",0.3986,06,0.9875667351068017,0.8803037084511772,0.7784930749238212
12057,495420,Arizona College of Nursing-Tampa,"[0.2375, 0.3688, 0.2688, 0.0, 0.0344, 0.0063, 0.0, 0.0844]",0.273,12,0.9095904423655121,0.9456913833419966,0.9588546239465459
12011,495439,Arizona College of Nursing-Fort Lauderdale,"[0.1028, 0.1651, 0.6511, 0.0, 0.0218, 0.0031, 0.0, 0.053]",0.4651,12,0.46224698395870056,0.5125586801041572,0.7268332150932281
4019,495448,Arizona College of Nursing-Tucson,"[0.3372, 0.5329, 0.0446, 0.0136, 0.0349, 0.0078, 0.0058, 0.0233]",0.4017,04,0.9642865952442479,0.998048712975908,0.9985719898528261
4013,495457,Arizona College of Nursing-Phoenix,"[0.3257, 0.4021, 0.118, 0.0107, 0.0456, 0.0013, 0.008, 0.0885]",0.2918,04,0.9371805696015185,0.9699424710944728,0.9736525614454009
16019,496283,Provo College-Idaho Falls Campus,"[0.7247, 0.1629, 0.0169, 0.0056, 0.0169, 0.0, 0.073, 0.0]",0.5577,16,0.5136582897778894,0.3739294238202985,0.37920371717499907
16001,496326,Eagle Gate College-Boise Campus,"[0.6571, 0.1314, 0.0513, 0.016, 0.0288, 0.016, 0.0929, 0.0064]",0.4617,16,0.5029572336022131,0.3508481097973574,0.3050815327078698
6067,496627,California Northstate University,"[0.1361, 0.0068, 0.0408, 0.0, 0.6735, 0.0, 0.0476, 0.0884]",0.4839,06,0.18200533228350846,0.4280218295563504,0.4506938876993795
12086,496636,Antigua College International,"[0.0188, 0.892, 0.0892, 0.0, 0.0, 0.0, 0.0, 0.0]",0.804,12,0.9433754964548609,0.8891858887709372,0.22598530369742578
11001,496803,NewU University,"[0.0, 0.2778, 0.6111, 0.0, 0.0, 0.0, 0.0, 0.1111]",0.463,11,0.5598232373885395,0.923925555373193,0.923925555373193
48113,497000,Remington College-Online Dallas,"[0.0599, 0.0092, 0.2396, 0.0, 0.0, 0.0, 0.6406, 0.0415]",0.4732,48,0.11821533265865722,0.14996773174833458,0.2204139126868627
48113,497037,Abilene Christian University-Undergraduate Online,"[0.3838, 0.3133, 0.1958, 0.0039, 0.0144, 0.0013, 0.0352, 0.0352]",0.2865,48,0.8430749040773421,0.976911469394352,0.9892780599545582
53063,497213,Great Northern University,"[0.8, 0.0571, 0.0, 0.0, 0.0286, 0.0, 0.0286, 0.0]",0.6449,53,0.38240226187482096,0.2798352445803538,0.15268455730406386
49035,497268,Arizona College of Nursing-Salt Lake City,"[0.6124, 0.2132, 0.0543, 0.0, 0.0465, 0.0194, 0.0039, 0.0465]",0.4282,49,0.6221938052332412,0.5093540693408442,0.5822620001678789
22071,497408,Bridges Christian College,"[0.6667, 0.0667, 0.25, 0.0, 0.0, 0.0, 0.0, 0.0167]",0.5117,22,0.44765619462635575,0.3514628630347763,0.4656203500218223
6001,497480,Reach University,"[0.5879, 0.0749, 0.2623, 0.0155, 0.0103, 0.0013, 0.022, 0.0258]",0.4215,06,0.4733122615739933,0.7679494569425325,0.5816615995650831
29077,497824,Evangel University-College of Online Learning,"[0.7655, 0.115, 0.0088, 0.0265, 0.0088, 0.0044, 0.0354, 0.031]",0.6023,29,0.45337091302984744,0.2139170390659716,0.20878252844151857
26125,498049,Arizona College of Nursing-Southfield,"[0.2121, 0.0808, 0.6397, 0.0034, 0.0236, 0.0034, 0.0, 0.037]",0.4627,26,0.3951710506859176,0.3156546888196659,0.31902881336984695
51059,498447,Arizona College of Nursing-Falls Church,"[0.1597, 0.1528, 0.5694, 0.0, 0.0556, 0.0347, 0.0, 0.0278]",0.3781,51,0.5004075004832904,0.5580333496048749,0.4890295913872756
6071,498456,Arizona College of Nursing-Ontario,"[0.1048, 0.5381, 0.1333, 0.0048, 0.1, 0.0143, 0.0, 0.1048]",0.3395,06,0.9804610331962652,0.7937360003574803,0.6153966489392988
42037,498562,Commonwealth University of Pennsylvania,"[0.8005, 0.0638, 0.0627, 0.0037, 0.0117, 0.0008, 0.0278, 0.0254]",0.6504,42,0.4037060436245037,0.19804892395418613,0.11754588823095227
42125,498571,Pennsylvania Western University,"[0.7759, 0.0393, 0.0896, 0.0016, 0.0112, 0.0005, 0.036, 0.0343]",0.6142,42,0.3840513692237858,0.17510167833767434,0.07781306196116312
